path,bytes,sha256,source,source_url,source_version,license,license_url,transformation
data/af/P00359.cif,303094,7b99e487c11cd248bbbfb8a382cd4ef12cf51141265ab77353748070db0f4505,AlphaFold Protein Structure Database monomer model,https://alphafold.ebi.ac.uk/files/AF-P00359-F1-model_v6.cif,v6,CC BY 4.0,https://alphafold.ebi.ac.uk/assets/License-Disclaimer.pdf,none
data/af/P00924.cif,393351,8294df0cf967cc55d54ad647c9f64bed11adcc5df206daf724a47d26e66bef62,AlphaFold Protein Structure Database monomer model,https://alphafold.ebi.ac.uk/files/AF-P00924-F1-model_v6.cif,v6,CC BY 4.0,https://alphafold.ebi.ac.uk/assets/License-Disclaimer.pdf,none
data/af/P02829.cif,666616,22213f6eca670ec03cb571999cf9b8ce31b85cbc31f1b86730994551c524961c,AlphaFold Protein Structure Database monomer model,https://alphafold.ebi.ac.uk/files/AF-P02829-F1-model_v6.cif,v6,CC BY 4.0,https://alphafold.ebi.ac.uk/assets/License-Disclaimer.pdf,none
data/af/P04050.cif,1621869,e40fb466fab2e004ff1015c4604f11f31359a71c755a3da41784b11a3ee62ff5,AlphaFold Protein Structure Database monomer model,https://alphafold.ebi.ac.uk/files/AF-P04050-F1-model_v6.cif,v6,CC BY 4.0,https://alphafold.ebi.ac.uk/assets/License-Disclaimer.pdf,none
data/af/P06244.cif,384321,322b1ae3185e951ead9094cb21c7ee00acb194506554d5262d579ea12fbd3d1c,AlphaFold Protein Structure Database monomer model,https://alphafold.ebi.ac.uk/files/AF-P06244-F1-model_v6.cif,v6,CC BY 4.0,https://alphafold.ebi.ac.uk/assets/License-Disclaimer.pdf,none
data/af/P06782.cif,590672,e5e38a892c01b8354210ecb4a45265d6ca8361a2968c44869bc52aff3db7450b,AlphaFold Protein Structure Database monomer model,https://alphafold.ebi.ac.uk/files/AF-P06782-F1-model_v6.cif,v6,CC BY 4.0,https://alphafold.ebi.ac.uk/assets/License-Disclaimer.pdf,none
data/af/P08018.cif,596107,37e5710cbed6d001e9af42cf30050ef3576e94efd47f7ed30bc33b1bbe6073d4,AlphaFold Protein Structure Database monomer model,https://alphafold.ebi.ac.uk/files/AF-P08018-F1-model_v6.cif,v6,CC BY 4.0,https://alphafold.ebi.ac.uk/assets/License-Disclaimer.pdf,none
data/af/P11792.cif,748835,41dac21656ab2c72481975c5ccd571d8aeb8c33c9c8a96fabacabad5bf8d8435,AlphaFold Protein Structure Database monomer model,https://alphafold.ebi.ac.uk/files/AF-P11792-F1-model_v6.cif,v6,CC BY 4.0,https://alphafold.ebi.ac.uk/assets/License-Disclaimer.pdf,none
data/af/P11986.cif,493972,e3687e3d020570bb65f4d187bcd1e3fb5a6088a95ab3f07eceed94765cbc6840,AlphaFold Protein Structure Database monomer model,https://alphafold.ebi.ac.uk/files/AF-P11986-F1-model_v6.cif,v6,CC BY 4.0,https://alphafold.ebi.ac.uk/assets/License-Disclaimer.pdf,none
data/af/P12683.cif,971241,ab4920c6a0f8bdd2a77b3012230510e453f7a6840c839e79dfa795500f17281d,AlphaFold Protein Structure Database monomer model,https://alphafold.ebi.ac.uk/files/AF-P12683-F1-model_v6.cif,v6,CC BY 4.0,https://alphafold.ebi.ac.uk/assets/License-Disclaimer.pdf,none
data/af/P12684.cif,971435,e94408fe94e887071c3bba8001abd98a23c02f86c0c3b030af1e9017982aa669,AlphaFold Protein Structure Database monomer model,https://alphafold.ebi.ac.uk/files/AF-P12684-F1-model_v6.cif,v6,CC BY 4.0,https://alphafold.ebi.ac.uk/assets/License-Disclaimer.pdf,none
data/af/P12688.cif,629363,4a99038bb196d5e5c1fdaac57a38ce5e7ef775bbd90bbebfecb835b1a0c96fc2,AlphaFold Protein Structure Database monomer model,https://alphafold.ebi.ac.uk/files/AF-P12688-F1-model_v6.cif,v6,CC BY 4.0,https://alphafold.ebi.ac.uk/assets/License-Disclaimer.pdf,none
data/af/P12904.cif,307285,b790efbdfd176ab1d99b5ad3ff346eb61ac974f71d7af26c9d7016c850bd79fa,AlphaFold Protein Structure Database monomer model,https://alphafold.ebi.ac.uk/files/AF-P12904-F1-model_v6.cif,v6,CC BY 4.0,https://alphafold.ebi.ac.uk/assets/License-Disclaimer.pdf,none
data/af/P13185.cif,1002922,6901eaf2e7881f79120a9f50ca15af77dc9d80ce54b0943519b06d6fc2bc833c,AlphaFold Protein Structure Database monomer model,https://alphafold.ebi.ac.uk/files/AF-P13185-F1-model_v6.cif,v6,CC BY 4.0,https://alphafold.ebi.ac.uk/assets/License-Disclaimer.pdf,none
data/af/P16140.cif,479506,4dbb666ef0813fa58b3bad616d493d7b68d4b1261d9dfb9c03d20a73a34fed4c,AlphaFold Protein Structure Database monomer model,https://alphafold.ebi.ac.uk/files/AF-P16140-F1-model_v6.cif,v6,CC BY 4.0,https://alphafold.ebi.ac.uk/assets/License-Disclaimer.pdf,none
data/af/P16387.cif,386210,496039c6d8e166a09c9d9d9f1c687c6ac476a4ab5034310497728172a25b8a03,AlphaFold Protein Structure Database monomer model,https://alphafold.ebi.ac.uk/files/AF-P16387-F1-model_v6.cif,v6,CC BY 4.0,https://alphafold.ebi.ac.uk/assets/License-Disclaimer.pdf,none
data/af/P20449.cif,446797,4f4a059afcdb0d9f44fe15f7ec41b4407fbd23fc3c496ad7d3d59904a5b0ebf0,AlphaFold Protein Structure Database monomer model,https://alphafold.ebi.ac.uk/files/AF-P20449-F1-model_v6.cif,v6,CC BY 4.0,https://alphafold.ebi.ac.uk/assets/License-Disclaimer.pdf,none
data/af/P20604.cif,300616,6be00cec49eae4e5239659b969a5b6c69de8e430bd7ad2650f1ce856b1d2ab8c,AlphaFold Protein Structure Database monomer model,https://alphafold.ebi.ac.uk/files/AF-P20604-F1-model_v6.cif,v6,CC BY 4.0,https://alphafold.ebi.ac.uk/assets/License-Disclaimer.pdf,none
data/af/P21965.cif,361060,e8bba29ef5a6dab96d054a89c4d7cd328c1cfa1568602db4f2eb7162f9895970,AlphaFold Protein Structure Database monomer model,https://alphafold.ebi.ac.uk/files/AF-P21965-F1-model_v6.cif,v6,CC BY 4.0,https://alphafold.ebi.ac.uk/assets/License-Disclaimer.pdf,none
data/af/P22082.cif,1637566,b73913cd4e04bb7e4f969acfa5df742f308c452219bf8695bdacc2bc07dc3dba,AlphaFold Protein Structure Database monomer model,https://alphafold.ebi.ac.uk/files/AF-P22082-F1-model_v6.cif,v6,CC BY 4.0,https://alphafold.ebi.ac.uk/assets/License-Disclaimer.pdf,none
data/af/P22204.cif,542790,cd8071e34646822fac8df2b861b175281cb8415e2cf332ecd81b08e885ae1876,AlphaFold Protein Structure Database monomer model,https://alphafold.ebi.ac.uk/files/AF-P22204-F1-model_v6.cif,v6,CC BY 4.0,https://alphafold.ebi.ac.uk/assets/License-Disclaimer.pdf,none
data/af/P23561.cif,660798,8c9dc96ab2426ed489b51c876b8b6d46d30fa00a3cd0820dcf181c9252ce4a41,AlphaFold Protein Structure Database monomer model,https://alphafold.ebi.ac.uk/files/AF-P23561-F1-model_v6.cif,v6,CC BY 4.0,https://alphafold.ebi.ac.uk/assets/License-Disclaimer.pdf,none
data/af/P25037.cif,755614,dbfca0cf7fde40bf88eae6fbb11afee750a99e1a6ad339dbec508a76b8ec823d,AlphaFold Protein Structure Database monomer model,https://alphafold.ebi.ac.uk/files/AF-P25037-F1-model_v6.cif,v6,CC BY 4.0,https://alphafold.ebi.ac.uk/assets/License-Disclaimer.pdf,none
data/af/P25333.cif,545728,46a8c844157cb1cb0bfc6ef80ca0ff08f43db490ff9009da2acb28e3465bf3ba,AlphaFold Protein Structure Database monomer model,https://alphafold.ebi.ac.uk/files/AF-P25333-F1-model_v6.cif,v6,CC BY 4.0,https://alphafold.ebi.ac.uk/assets/License-Disclaimer.pdf,none
data/af/P32324.cif,765369,a3db9c9fb825658cc31398bc96cb27519eeeb67400eb1dd7d171d89c82926092,AlphaFold Protein Structure Database monomer model,https://alphafold.ebi.ac.uk/files/AF-P32324-F1-model_v6.cif,v6,CC BY 4.0,https://alphafold.ebi.ac.uk/assets/License-Disclaimer.pdf,none
data/af/P32328.cif,541602,7f6d05e5cbe24e7500a41df584e4b8cb094cce9116de094a1e3e246427ec0d05,AlphaFold Protein Structure Database monomer model,https://alphafold.ebi.ac.uk/files/AF-P32328-F1-model_v6.cif,v6,CC BY 4.0,https://alphafold.ebi.ac.uk/assets/License-Disclaimer.pdf,none
data/af/P32485.cif,407039,966ace1e2d78821beef235801c22caae21a8d935c4f3e266f559ba9356d1bc64,AlphaFold Protein Structure Database monomer model,https://alphafold.ebi.ac.uk/files/AF-P32485-F1-model_v6.cif,v6,CC BY 4.0,https://alphafold.ebi.ac.uk/assets/License-Disclaimer.pdf,none
data/af/P32490.cif,467574,5959bf8940060b24389175d5d686b5d7f9399630a1343d15dc108a1fd8aa594c,AlphaFold Protein Structure Database monomer model,https://alphafold.ebi.ac.uk/files/AF-P32490-F1-model_v6.cif,v6,CC BY 4.0,https://alphafold.ebi.ac.uk/assets/License-Disclaimer.pdf,none
data/af/P32561.cif,406951,47a4443f8a3c2600b162725aa22d6159e0a1c95041fd57c2d95345bcb2dc47e1,AlphaFold Protein Structure Database monomer model,https://alphafold.ebi.ac.uk/files/AF-P32561-F1-model_v6.cif,v6,CC BY 4.0,https://alphafold.ebi.ac.uk/assets/License-Disclaimer.pdf,none
data/af/P32801.cif,590877,89fbb41af14cc7358779da0ac4c507c31128bbdb679250a046ac08de22d8ae10,AlphaFold Protein Structure Database monomer model,https://alphafold.ebi.ac.uk/files/AF-P32801-F1-model_v6.cif,v6,CC BY 4.0,https://alphafold.ebi.ac.uk/assets/License-Disclaimer.pdf,none
data/af/P37263.cif,156220,3f2821645614ec8476ad350679b640d1cac4a6755cbdead7e08c481de3b5a92d,AlphaFold Protein Structure Database monomer model,https://alphafold.ebi.ac.uk/files/AF-P37263-F1-model_v6.cif,v6,CC BY 4.0,https://alphafold.ebi.ac.uk/assets/License-Disclaimer.pdf,none
data/af/P38953.cif,385289,a80cebbfb01f40b373b7232d9ae14e305b65bf2aebc59c4f21275e44d08b74ad,AlphaFold Protein Structure Database monomer model,https://alphafold.ebi.ac.uk/files/AF-P38953-F1-model_v6.cif,v6,CC BY 4.0,https://alphafold.ebi.ac.uk/assets/License-Disclaimer.pdf,none
data/af/P43565.cif,1645523,1123333670f4674dbbea017e0d6f3d1b0d2e8cc07b8c56912b3f979023f67561,AlphaFold Protein Structure Database monomer model,https://alphafold.ebi.ac.uk/files/AF-P43565-F1-model_v6.cif,v6,CC BY 4.0,https://alphafold.ebi.ac.uk/assets/License-Disclaimer.pdf,none
data/af/P47116.cif,745825,ccf0ae68691c55f337edf527f674ad99c1be194f97bc918afa9f03d39069f6a6,AlphaFold Protein Structure Database monomer model,https://alphafold.ebi.ac.uk/files/AF-P47116-F1-model_v6.cif,v6,CC BY 4.0,https://alphafold.ebi.ac.uk/assets/License-Disclaimer.pdf,none
data/af/P50873.cif,476971,4f63efe13f8d5db3905beee44c0b0a8cb4eae74b2adfce402908b6e8b1f40d3c,AlphaFold Protein Structure Database monomer model,https://alphafold.ebi.ac.uk/files/AF-P50873-F1-model_v6.cif,v6,CC BY 4.0,https://alphafold.ebi.ac.uk/assets/License-Disclaimer.pdf,none
data/af/P50947.cif,308547,67931903ed66f034433aebc5a969cd1833da0de6f3bdf31a5ba2567588ddf408,AlphaFold Protein Structure Database monomer model,https://alphafold.ebi.ac.uk/files/AF-P50947-F1-model_v6.cif,v6,CC BY 4.0,https://alphafold.ebi.ac.uk/assets/License-Disclaimer.pdf,none
data/af/P53599.cif,1513231,36cd6cbbb0a2aa12ab9e511f48ec422a128a6c387b2e0f7b3809b9e49be97567,AlphaFold Protein Structure Database monomer model,https://alphafold.ebi.ac.uk/files/AF-P53599-F1-model_v6.cif,v6,CC BY 4.0,https://alphafold.ebi.ac.uk/assets/License-Disclaimer.pdf,none
data/af/Q00772.cif,459659,ea1d0f1131a8a87186005d72e3323d0e94622744a184a5f3e6d24a8389bd7139,AlphaFold Protein Structure Database monomer model,https://alphafold.ebi.ac.uk/files/AF-Q00772-F1-model_v6.cif,v6,CC BY 4.0,https://alphafold.ebi.ac.uk/assets/License-Disclaimer.pdf,none
data/af/Q03262.cif,586502,b5419d24b2c6461a0efffa83f42f1eb2c54edf4faff8072957bd8049490ce2f4,AlphaFold Protein Structure Database monomer model,https://alphafold.ebi.ac.uk/files/AF-Q03262-F1-model_v6.cif,v6,CC BY 4.0,https://alphafold.ebi.ac.uk/assets/License-Disclaimer.pdf,none
data/af/Q03330.cif,423092,6950ad267cc33211f0a07e7e18aface1ecd61e8056cdc4188217314306d239ee,AlphaFold Protein Structure Database monomer model,https://alphafold.ebi.ac.uk/files/AF-Q03330-F1-model_v6.cif,v6,CC BY 4.0,https://alphafold.ebi.ac.uk/assets/License-Disclaimer.pdf,none
data/af/Q03497.cif,829223,89c32464567c40521d7aae209ba7d894136d6c8466d57bab5f64c6fd16aa06da,AlphaFold Protein Structure Database monomer model,https://alphafold.ebi.ac.uk/files/AF-Q03497-F1-model_v6.cif,v6,CC BY 4.0,https://alphafold.ebi.ac.uk/assets/License-Disclaimer.pdf,none
data/af/Q03533.cif,542844,8aa8d5fbb67ec3acdd0652fdf25f7d99cd84c28be6ed4ea4c29c71bcf7e79eb2,AlphaFold Protein Structure Database monomer model,https://alphafold.ebi.ac.uk/files/AF-Q03533-F1-model_v6.cif,v6,CC BY 4.0,https://alphafold.ebi.ac.uk/assets/License-Disclaimer.pdf,none
data/af/Q03656.cif,678756,df83a00207f51a088a0d1b9c304afe2ee40dc393f4d0d1a0ed6bd48bdbacad39,AlphaFold Protein Structure Database monomer model,https://alphafold.ebi.ac.uk/files/AF-Q03656-F1-model_v6.cif,v6,CC BY 4.0,https://alphafold.ebi.ac.uk/assets/License-Disclaimer.pdf,none
data/af/Q04439.cif,1149235,3461a0d5709341021fe1da85e7717dbf09d802bda41b5592a6a0c0cf98b0f2f7,AlphaFold Protein Structure Database monomer model,https://alphafold.ebi.ac.uk/files/AF-Q04439-F1-model_v6.cif,v6,CC BY 4.0,https://alphafold.ebi.ac.uk/assets/License-Disclaimer.pdf,none
data/af/Q06385.cif,328566,dea536942dc36d8b04ef2f4d874fa5eb3b544e554d3189d04db1c1c835f51fd7,AlphaFold Protein Structure Database monomer model,https://alphafold.ebi.ac.uk/files/AF-Q06385-F1-model_v6.cif,v6,CC BY 4.0,https://alphafold.ebi.ac.uk/assets/License-Disclaimer.pdf,none
data/af/Q08972.cif,1129098,e58ad8466cedd4ce0cc06121fcb911acb943d9cf98ac79c9dd732eb71786733f,AlphaFold Protein Structure Database monomer model,https://alphafold.ebi.ac.uk/files/AF-Q08972-F1-model_v6.cif,v6,CC BY 4.0,https://alphafold.ebi.ac.uk/assets/License-Disclaimer.pdf,none
data/af/Q12222.cif,360891,3f81063100417b4eac15934e3266062505966a0107ff2573f2c51b4d2547d5d6,AlphaFold Protein Structure Database monomer model,https://alphafold.ebi.ac.uk/files/AF-Q12222-F1-model_v6.cif,v6,CC BY 4.0,https://alphafold.ebi.ac.uk/assets/License-Disclaimer.pdf,none
data/af/Q12271.cif,1047331,691786ce135bd565e8b5f7e935cc7128d927053a7cf1222454d987f12e5358b2,AlphaFold Protein Structure Database monomer model,https://alphafold.ebi.ac.uk/files/AF-Q12271-F1-model_v6.cif,v6,CC BY 4.0,https://alphafold.ebi.ac.uk/assets/License-Disclaimer.pdf,none
data/af/Q12386.cif,817247,0eef58557dceb00c2a2f8a7a8d633de2dcc64607d01541d8b3f2de617454305c,AlphaFold Protein Structure Database monomer model,https://alphafold.ebi.ac.uk/files/AF-Q12386-F1-model_v6.cif,v6,CC BY 4.0,https://alphafold.ebi.ac.uk/assets/License-Disclaimer.pdf,none
data/af/Q12464.cif,428954,bdea6f758d4f8941ea2a89c43a4f443e5e41c01365098ffb0b25ca9f0707a72a,AlphaFold Protein Structure Database monomer model,https://alphafold.ebi.ac.uk/files/AF-Q12464-F1-model_v6.cif,v6,CC BY 4.0,https://alphafold.ebi.ac.uk/assets/License-Disclaimer.pdf,none
data/uniprot_entries_raw.json,8636354,c65d55b77fe4151f743957a694a2623957bf1ce1355586e397b6385f94dfbb83,UniProtKB feature records,https://rest.uniprot.org/uniprotkb/search,2026_02,CC BY 4.0,https://www.uniprot.org/help/license,batched REST responses preserved as JSON
data/yeast_sgd_uniprot.tsv,3778598,5b48babf484ecc5602df8f4401f13fb0fb3501c9ad6eda473923bc6490d1ed85,UniProtKB reviewed Saccharomyces cerevisiae proteome,https://rest.uniprot.org/uniprotkb/stream,2026_02,CC BY 4.0,https://www.uniprot.org/help/license,REST query serialized as TSV
robustness/data/pae/P00359_metadata.json,2374,53e15ff793cdf2151c6bc51c79c207d214b3ff1290940f758b9381a933e492f6,AlphaFold Protein Structure Database API metadata,https://alphafold.ebi.ac.uk/api/prediction/P00359,v6,CC BY 4.0,https://alphafold.ebi.ac.uk/assets/License-Disclaimer.pdf,first API record serialized as indented JSON
robustness/data/pae/P00359_v6_pae.json.gz,18433,f7a54e233b507d1fb7f90e6699fe9aefa8616930b3e379975389150d6ac1e244,AlphaFold Protein Structure Database predicted aligned error,https://alphafold.ebi.ac.uk/files/AF-P00359-F1-predicted_aligned_error_v6.json,v6,CC BY 4.0,https://alphafold.ebi.ac.uk/assets/License-Disclaimer.pdf,source JSON serialized compactly and gzip-compressed
robustness/data/pae/P00924_metadata.json,2554,136e2ae668d96b96135633409d38622ecc70d84e59320f192bd80c1b421406da,AlphaFold Protein Structure Database API metadata,https://alphafold.ebi.ac.uk/api/prediction/P00924,v6,CC BY 4.0,https://alphafold.ebi.ac.uk/assets/License-Disclaimer.pdf,first API record serialized as indented JSON
robustness/data/pae/P00924_v6_pae.json.gz,30233,c0a471f2a50d96d17802db421d8035b9697274bb69c6b0ddf26ae823dbc8fffc,AlphaFold Protein Structure Database predicted aligned error,https://alphafold.ebi.ac.uk/files/AF-P00924-F1-predicted_aligned_error_v6.json,v6,CC BY 4.0,https://alphafold.ebi.ac.uk/assets/License-Disclaimer.pdf,source JSON serialized compactly and gzip-compressed
robustness/data/pae/P02829_metadata.json,3131,485c3cb23dce657d7e57b9bae61429d3e1aeb4658a6cfd5425e18c7b5e2f56b4,AlphaFold Protein Structure Database API metadata,https://alphafold.ebi.ac.uk/api/prediction/P02829,v6,CC BY 4.0,https://alphafold.ebi.ac.uk/assets/License-Disclaimer.pdf,first API record serialized as indented JSON
robustness/data/pae/P02829_v6_pae.json.gz,192662,3b51a4c8d005378b22a3b1fddce935f793ddfe8002aac0d3f90a575c27d2da24,AlphaFold Protein Structure Database predicted aligned error,https://alphafold.ebi.ac.uk/files/AF-P02829-F1-predicted_aligned_error_v6.json,v6,CC BY 4.0,https://alphafold.ebi.ac.uk/assets/License-Disclaimer.pdf,source JSON serialized compactly and gzip-compressed
robustness/data/pae/P04050_metadata.json,5184,25684a995c09f7cb25964d8fa0983502ff1655ce15485cf2301736195ec4eba0,AlphaFold Protein Structure Database API metadata,https://alphafold.ebi.ac.uk/api/prediction/P04050,v6,CC BY 4.0,https://alphafold.ebi.ac.uk/assets/License-Disclaimer.pdf,first API record serialized as indented JSON
robustness/data/pae/P04050_v6_pae.json.gz,1116489,e27a39fbfb3203b45eeb36730cb486dcb18c8fd0704c161397d8a31da2932211,AlphaFold Protein Structure Database predicted aligned error,https://alphafold.ebi.ac.uk/files/AF-P04050-F1-predicted_aligned_error_v6.json,v6,CC BY 4.0,https://alphafold.ebi.ac.uk/assets/License-Disclaimer.pdf,source JSON serialized compactly and gzip-compressed
robustness/data/pae/P06244_metadata.json,2502,37f5422a052372eb7a534867e70f8fc7242839964d00c6e11572f7cf934bc099,AlphaFold Protein Structure Database API metadata,https://alphafold.ebi.ac.uk/api/prediction/P06244,v6,CC BY 4.0,https://alphafold.ebi.ac.uk/assets/License-Disclaimer.pdf,first API record serialized as indented JSON
robustness/data/pae/P06244_v6_pae.json.gz,45657,46f69bd148d3fd53412170d6012d57e90db9cecc74f75413813a98f630478467,AlphaFold Protein Structure Database predicted aligned error,https://alphafold.ebi.ac.uk/files/AF-P06244-F1-predicted_aligned_error_v6.json,v6,CC BY 4.0,https://alphafold.ebi.ac.uk/assets/License-Disclaimer.pdf,source JSON serialized compactly and gzip-compressed
robustness/data/pae/P06782_metadata.json,2984,900722f17559ebd0639c0f7c025b6ce3b11e28694363766510ed77c235d890ce,AlphaFold Protein Structure Database API metadata,https://alphafold.ebi.ac.uk/api/prediction/P06782,v6,CC BY 4.0,https://alphafold.ebi.ac.uk/assets/License-Disclaimer.pdf,first API record serialized as indented JSON
robustness/data/pae/P06782_v6_pae.json.gz,163592,2c3b3c4455e4ac56623efa3dcee2abf4c2712214eaa94ec2d2352096b96c9b1e,AlphaFold Protein Structure Database predicted aligned error,https://alphafold.ebi.ac.uk/files/AF-P06782-F1-predicted_aligned_error_v6.json,v6,CC BY 4.0,https://alphafold.ebi.ac.uk/assets/License-Disclaimer.pdf,source JSON serialized compactly and gzip-compressed
robustness/data/pae/P08018_metadata.json,3029,99f7e24737a810ee73fd4dfb184106c27e8a9c3612a458b96957447d0ea7fcdf,AlphaFold Protein Structure Database API metadata,https://alphafold.ebi.ac.uk/api/prediction/P08018,v6,CC BY 4.0,https://alphafold.ebi.ac.uk/assets/License-Disclaimer.pdf,first API record serialized as indented JSON
robustness/data/pae/P08018_v6_pae.json.gz,144864,229959b9a795dc32d0aa1a18fb94ac570b6d42240699e60fc458cafc367a2b54,AlphaFold Protein Structure Database predicted aligned error,https://alphafold.ebi.ac.uk/files/AF-P08018-F1-predicted_aligned_error_v6.json,v6,CC BY 4.0,https://alphafold.ebi.ac.uk/assets/License-Disclaimer.pdf,source JSON serialized compactly and gzip-compressed
robustness/data/pae/P11792_metadata.json,3357,83e3c43292442c90cc9c2a3b755239c510c6dad78ab7e6010e504a095688486c,AlphaFold Protein Structure Database API metadata,https://alphafold.ebi.ac.uk/api/prediction/P11792,v6,CC BY 4.0,https://alphafold.ebi.ac.uk/assets/License-Disclaimer.pdf,first API record serialized as indented JSON
robustness/data/pae/P11792_v6_pae.json.gz,234889,96595508b0ffc96753d28f6e11b8ff8490741e1ab919065860b1dbb347220f17,AlphaFold Protein Structure Database predicted aligned error,https://alphafold.ebi.ac.uk/files/AF-P11792-F1-predicted_aligned_error_v6.json,v6,CC BY 4.0,https://alphafold.ebi.ac.uk/assets/License-Disclaimer.pdf,source JSON serialized compactly and gzip-compressed
robustness/data/pae/P11986_metadata.json,2768,c614592cc949dd346b1e2adadb6e32a44674e0528d37477cbe113590ce6799c3,AlphaFold Protein Structure Database API metadata,https://alphafold.ebi.ac.uk/api/prediction/P11986,v6,CC BY 4.0,https://alphafold.ebi.ac.uk/assets/License-Disclaimer.pdf,first API record serialized as indented JSON
robustness/data/pae/P11986_v6_pae.json.gz,62785,93536d16c7e7cbdca906cbb4cdb992da2cd1d83327e1665c15d7feb482539261,AlphaFold Protein Structure Database predicted aligned error,https://alphafold.ebi.ac.uk/files/AF-P11986-F1-predicted_aligned_error_v6.json,v6,CC BY 4.0,https://alphafold.ebi.ac.uk/assets/License-Disclaimer.pdf,source JSON serialized compactly and gzip-compressed
robustness/data/pae/P12683_metadata.json,3832,05330f0f7eb82addd686adc8ad323ab1d3a2b1a38144294a09ce64abf7a19d56,AlphaFold Protein Structure Database API metadata,https://alphafold.ebi.ac.uk/api/prediction/P12683,v6,CC BY 4.0,https://alphafold.ebi.ac.uk/assets/License-Disclaimer.pdf,first API record serialized as indented JSON
robustness/data/pae/P12683_v6_pae.json.gz,386155,d3721024eb5c1109bc1a76fe8321acb195898b4e7396fd70190818552eaa5cd7,AlphaFold Protein Structure Database predicted aligned error,https://alphafold.ebi.ac.uk/files/AF-P12683-F1-predicted_aligned_error_v6.json,v6,CC BY 4.0,https://alphafold.ebi.ac.uk/assets/License-Disclaimer.pdf,source JSON serialized compactly and gzip-compressed
robustness/data/pae/P12684_metadata.json,3815,b3ca9ba5bda4bcea8e1def4cb707f508b467f98bee550fbe541019a0a59fdc29,AlphaFold Protein Structure Database API metadata,https://alphafold.ebi.ac.uk/api/prediction/P12684,v6,CC BY 4.0,https://alphafold.ebi.ac.uk/assets/License-Disclaimer.pdf,first API record serialized as indented JSON
robustness/data/pae/P12684_v6_pae.json.gz,379957,cc1ece6995efd542dbd01f1bff918cac32bcb57353889cdd2561f379a04a8d7a,AlphaFold Protein Structure Database predicted aligned error,https://alphafold.ebi.ac.uk/files/AF-P12684-F1-predicted_aligned_error_v6.json,v6,CC BY 4.0,https://alphafold.ebi.ac.uk/assets/License-Disclaimer.pdf,source JSON serialized compactly and gzip-compressed
robustness/data/pae/P12688_metadata.json,3069,7c8ecd477fa336e6ae6c3d29ee393fedcd6b4fc55097089101394354d0f2971c,AlphaFold Protein Structure Database API metadata,https://alphafold.ebi.ac.uk/api/prediction/P12688,v6,CC BY 4.0,https://alphafold.ebi.ac.uk/assets/License-Disclaimer.pdf,first API record serialized as indented JSON
robustness/data/pae/P12688_v6_pae.json.gz,177912,871b634224e4e90ddbd246b1c66cb5ad684c920a4d5f642af879591e4fbca121,AlphaFold Protein Structure Database predicted aligned error,https://alphafold.ebi.ac.uk/files/AF-P12688-F1-predicted_aligned_error_v6.json,v6,CC BY 4.0,https://alphafold.ebi.ac.uk/assets/License-Disclaimer.pdf,source JSON serialized compactly and gzip-compressed
robustness/data/pae/P12904_metadata.json,2362,db0108ac854ccb4597f2c30b234036e1652674ecaa586ca4d608fe7b1aefc066,AlphaFold Protein Structure Database API metadata,https://alphafold.ebi.ac.uk/api/prediction/P12904,v6,CC BY 4.0,https://alphafold.ebi.ac.uk/assets/License-Disclaimer.pdf,first API record serialized as indented JSON
robustness/data/pae/P12904_v6_pae.json.gz,29122,142ef8ac5af508ee433cae5c657547168bddc7a2cb1160e89a72afefbe87f1e0,AlphaFold Protein Structure Database predicted aligned error,https://alphafold.ebi.ac.uk/files/AF-P12904-F1-predicted_aligned_error_v6.json,v6,CC BY 4.0,https://alphafold.ebi.ac.uk/assets/License-Disclaimer.pdf,source JSON serialized compactly and gzip-compressed
robustness/data/pae/P13185_metadata.json,3839,adc60ad6ce93c75f4127fc31f4d146297070be03299d61c4b3caeab387067394,AlphaFold Protein Structure Database API metadata,https://alphafold.ebi.ac.uk/api/prediction/P13185,v6,CC BY 4.0,https://alphafold.ebi.ac.uk/assets/License-Disclaimer.pdf,first API record serialized as indented JSON
robustness/data/pae/P13185_v6_pae.json.gz,377431,88644d2c087c0f0bc9eedfb5d0d32ec55bdf534a5dec7c8e07c913d7016d9903,AlphaFold Protein Structure Database predicted aligned error,https://alphafold.ebi.ac.uk/files/AF-P13185-F1-predicted_aligned_error_v6.json,v6,CC BY 4.0,https://alphafold.ebi.ac.uk/assets/License-Disclaimer.pdf,source JSON serialized compactly and gzip-compressed
robustness/data/pae/P16140_metadata.json,2737,741c65bbbe14d5ea666257cca62fcbb3324ee694b62bfe477d050cec44a0df7c,AlphaFold Protein Structure Database API metadata,https://alphafold.ebi.ac.uk/api/prediction/P16140,v6,CC BY 4.0,https://alphafold.ebi.ac.uk/assets/License-Disclaimer.pdf,first API record serialized as indented JSON
robustness/data/pae/P16140_v6_pae.json.gz,92231,6419ac7b74c335fce8953f26745550d72451063c19c5942acb2b4529af1dbe47,AlphaFold Protein Structure Database predicted aligned error,https://alphafold.ebi.ac.uk/files/AF-P16140-F1-predicted_aligned_error_v6.json,v6,CC BY 4.0,https://alphafold.ebi.ac.uk/assets/License-Disclaimer.pdf,source JSON serialized compactly and gzip-compressed
robustness/data/pae/P16387_metadata.json,2576,3a0dff5e70909087f2ab7631938ae690000cffc760675f39f4f3043a0888b0e2,AlphaFold Protein Structure Database API metadata,https://alphafold.ebi.ac.uk/api/prediction/P16387,v6,CC BY 4.0,https://alphafold.ebi.ac.uk/assets/License-Disclaimer.pdf,first API record serialized as indented JSON
robustness/data/pae/P16387_v6_pae.json.gz,41843,6f0be96e2b9b2dff8e0800a76b415fc130ba927e3b4be478e5c29214d3dd1790,AlphaFold Protein Structure Database predicted aligned error,https://alphafold.ebi.ac.uk/files/AF-P16387-F1-predicted_aligned_error_v6.json,v6,CC BY 4.0,https://alphafold.ebi.ac.uk/assets/License-Disclaimer.pdf,source JSON serialized compactly and gzip-compressed
robustness/data/pae/P20449_metadata.json,2667,326797ca0d62176e32a26117e5f70fb678b51a3bef50b0f21673eba638359755,AlphaFold Protein Structure Database API metadata,https://alphafold.ebi.ac.uk/api/prediction/P20449,v6,CC BY 4.0,https://alphafold.ebi.ac.uk/assets/License-Disclaimer.pdf,first API record serialized as indented JSON
robustness/data/pae/P20449_v6_pae.json.gz,72417,e1b05747d298d01b4fcd787b8e9c45aaa472bd4c4c836a65236ff72fdce83709,AlphaFold Protein Structure Database predicted aligned error,https://alphafold.ebi.ac.uk/files/AF-P20449-F1-predicted_aligned_error_v6.json,v6,CC BY 4.0,https://alphafold.ebi.ac.uk/assets/License-Disclaimer.pdf,source JSON serialized compactly and gzip-compressed
robustness/data/pae/P20604_metadata.json,2336,fc22664f034c730ce92d10998985bdd162bbaddd65f457dad33e67d297ef1a0c,AlphaFold Protein Structure Database API metadata,https://alphafold.ebi.ac.uk/api/prediction/P20604,v6,CC BY 4.0,https://alphafold.ebi.ac.uk/assets/License-Disclaimer.pdf,first API record serialized as indented JSON
robustness/data/pae/P20604_v6_pae.json.gz,22024,eb7dbd5e495ea0745d2c2cb7ad28725520c1a87632f31f4a97708d5a346ba7c8,AlphaFold Protein Structure Database predicted aligned error,https://alphafold.ebi.ac.uk/files/AF-P20604-F1-predicted_aligned_error_v6.json,v6,CC BY 4.0,https://alphafold.ebi.ac.uk/assets/License-Disclaimer.pdf,source JSON serialized compactly and gzip-compressed
robustness/data/pae/P21965_metadata.json,2441,95b0fda693e475c71c877240772e682a3f4419e5eb65d32030c299d18e6469ee,AlphaFold Protein Structure Database API metadata,https://alphafold.ebi.ac.uk/api/prediction/P21965,v6,CC BY 4.0,https://alphafold.ebi.ac.uk/assets/License-Disclaimer.pdf,first API record serialized as indented JSON
robustness/data/pae/P21965_v6_pae.json.gz,38597,4ed23d9b7e282c279fafdb847e20d93672eddb531b2893bb4120faa616e5842e,AlphaFold Protein Structure Database predicted aligned error,https://alphafold.ebi.ac.uk/files/AF-P21965-F1-predicted_aligned_error_v6.json,v6,CC BY 4.0,https://alphafold.ebi.ac.uk/assets/License-Disclaimer.pdf,source JSON serialized compactly and gzip-compressed
robustness/data/pae/P22082_metadata.json,5117,8fde184b0afc0b287237c44f9703aebfdbce468b810e70a63794b2f422a6f296,AlphaFold Protein Structure Database API metadata,https://alphafold.ebi.ac.uk/api/prediction/P22082,v6,CC BY 4.0,https://alphafold.ebi.ac.uk/assets/License-Disclaimer.pdf,first API record serialized as indented JSON
robustness/data/pae/P22082_v6_pae.json.gz,957254,262f3c66a54af89ce04fdf70d3d902f4c627992fee83e8472b5b9b03251bce72,AlphaFold Protein Structure Database predicted aligned error,https://alphafold.ebi.ac.uk/files/AF-P22082-F1-predicted_aligned_error_v6.json,v6,CC BY 4.0,https://alphafold.ebi.ac.uk/assets/License-Disclaimer.pdf,source JSON serialized compactly and gzip-compressed
robustness/data/pae/P22204_metadata.json,2847,ef7d9144e222b34133232a851eaab50f0c5c1b954b3d362935f7733f2fb7c1ec,AlphaFold Protein Structure Database API metadata,https://alphafold.ebi.ac.uk/api/prediction/P22204,v6,CC BY 4.0,https://alphafold.ebi.ac.uk/assets/License-Disclaimer.pdf,first API record serialized as indented JSON
robustness/data/pae/P22204_v6_pae.json.gz,136466,1ecd7c5bfbaecf20b2bdd6b8ce28663fb499591e0396747549f74838e0d2a066,AlphaFold Protein Structure Database predicted aligned error,https://alphafold.ebi.ac.uk/files/AF-P22204-F1-predicted_aligned_error_v6.json,v6,CC BY 4.0,https://alphafold.ebi.ac.uk/assets/License-Disclaimer.pdf,source JSON serialized compactly and gzip-compressed
robustness/data/pae/P23561_metadata.json,3146,5a4d55c498996abf15aab628da701cd8ff86c79a501d9bb9521dcfe0b87a4b44,AlphaFold Protein Structure Database API metadata,https://alphafold.ebi.ac.uk/api/prediction/P23561,v6,CC BY 4.0,https://alphafold.ebi.ac.uk/assets/License-Disclaimer.pdf,first API record serialized as indented JSON
robustness/data/pae/P23561_v6_pae.json.gz,192133,15cf4299a0ffd53e4c1958a247b92c0e3f8674cd032a544208016954b167fe7f,AlphaFold Protein Structure Database predicted aligned error,https://alphafold.ebi.ac.uk/files/AF-P23561-F1-predicted_aligned_error_v6.json,v6,CC BY 4.0,https://alphafold.ebi.ac.uk/assets/License-Disclaimer.pdf,source JSON serialized compactly and gzip-compressed
robustness/data/pae/P25037_metadata.json,3330,358429a2306538ed997083961d3e532fd3bb68601da9db1aac57f4d74de3632a,AlphaFold Protein Structure Database API metadata,https://alphafold.ebi.ac.uk/api/prediction/P25037,v6,CC BY 4.0,https://alphafold.ebi.ac.uk/assets/License-Disclaimer.pdf,first API record serialized as indented JSON
robustness/data/pae/P25037_v6_pae.json.gz,233230,68a1d3f5485a9e8956ea9364bfd5fa813da5903f4feb7cbc2a2e7b116c1fc699,AlphaFold Protein Structure Database predicted aligned error,https://alphafold.ebi.ac.uk/files/AF-P25037-F1-predicted_aligned_error_v6.json,v6,CC BY 4.0,https://alphafold.ebi.ac.uk/assets/License-Disclaimer.pdf,source JSON serialized compactly and gzip-compressed
robustness/data/pae/P25333_metadata.json,2920,89e6d8231068ea1e25cc23138929a354aa34880b959ab00b536edee0219f110e,AlphaFold Protein Structure Database API metadata,https://alphafold.ebi.ac.uk/api/prediction/P25333,v6,CC BY 4.0,https://alphafold.ebi.ac.uk/assets/License-Disclaimer.pdf,first API record serialized as indented JSON
robustness/data/pae/P25333_v6_pae.json.gz,123744,2eb72a575f3005f75af31e42900e122e89215791d9e3acfed71b134950822c83,AlphaFold Protein Structure Database predicted aligned error,https://alphafold.ebi.ac.uk/files/AF-P25333-F1-predicted_aligned_error_v6.json,v6,CC BY 4.0,https://alphafold.ebi.ac.uk/assets/License-Disclaimer.pdf,source JSON serialized compactly and gzip-compressed
robustness/data/pae/P32324_metadata.json,3375,83f344e3a2ec7a35262fac4c209f8c763f49e89dbcf3829fc3e6ddcc241e241f,AlphaFold Protein Structure Database API metadata,https://alphafold.ebi.ac.uk/api/prediction/P32324,v6,CC BY 4.0,https://alphafold.ebi.ac.uk/assets/License-Disclaimer.pdf,first API record serialized as indented JSON
robustness/data/pae/P32324_v6_pae.json.gz,247959,9958002b3fac4b9c02dc0d15f018a96d75b79e6f2bf9ab69254588d327618214,AlphaFold Protein Structure Database predicted aligned error,https://alphafold.ebi.ac.uk/files/AF-P32324-F1-predicted_aligned_error_v6.json,v6,CC BY 4.0,https://alphafold.ebi.ac.uk/assets/License-Disclaimer.pdf,source JSON serialized compactly and gzip-compressed
robustness/data/pae/P32328_metadata.json,2840,9246910e6234b6e1b6cc210e40ead49425dbac7bf53c7298187bf0a4412d0ab6,AlphaFold Protein Structure Database API metadata,https://alphafold.ebi.ac.uk/api/prediction/P32328,v6,CC BY 4.0,https://alphafold.ebi.ac.uk/assets/License-Disclaimer.pdf,first API record serialized as indented JSON
robustness/data/pae/P32328_v6_pae.json.gz,137497,4f97ab2c554b4552fb813388754b2cc8e45206c955a975ea1597688f814b8dba,AlphaFold Protein Structure Database predicted aligned error,https://alphafold.ebi.ac.uk/files/AF-P32328-F1-predicted_aligned_error_v6.json,v6,CC BY 4.0,https://alphafold.ebi.ac.uk/assets/License-Disclaimer.pdf,source JSON serialized compactly and gzip-compressed
robustness/data/pae/P32485_metadata.json,2580,d03c8e8e3140624799af9204c2d792b5b60bbccdaa83c949574f68ef7df754d3,AlphaFold Protein Structure Database API metadata,https://alphafold.ebi.ac.uk/api/prediction/P32485,v6,CC BY 4.0,https://alphafold.ebi.ac.uk/assets/License-Disclaimer.pdf,first API record serialized as indented JSON
robustness/data/pae/P32485_v6_pae.json.gz,66618,a5735867b4604c2475c9d6feaca76649e8dc1767db397708911340745b4b8a37,AlphaFold Protein Structure Database predicted aligned error,https://alphafold.ebi.ac.uk/files/AF-P32485-F1-predicted_aligned_error_v6.json,v6,CC BY 4.0,https://alphafold.ebi.ac.uk/assets/License-Disclaimer.pdf,source JSON serialized compactly and gzip-compressed
robustness/data/pae/P32490_metadata.json,2716,aadfc5fd74605bdec11ff266f3b9369e85bfb49a3198e180e780d263acb1d258,AlphaFold Protein Structure Database API metadata,https://alphafold.ebi.ac.uk/api/prediction/P32490,v6,CC BY 4.0,https://alphafold.ebi.ac.uk/assets/License-Disclaimer.pdf,first API record serialized as indented JSON
robustness/data/pae/P32490_v6_pae.json.gz,95674,4472d9e12bcc98c3bc128accebc711ece33f805807a58377b86cf19251e3de45,AlphaFold Protein Structure Database predicted aligned error,https://alphafold.ebi.ac.uk/files/AF-P32490-F1-predicted_aligned_error_v6.json,v6,CC BY 4.0,https://alphafold.ebi.ac.uk/assets/License-Disclaimer.pdf,source JSON serialized compactly and gzip-compressed
robustness/data/pae/P32561_metadata.json,2562,2487d57a5a1f1e8ac42e50a9f584a461b0db114e6db406c77fbedfb7e9c50731,AlphaFold Protein Structure Database API metadata,https://alphafold.ebi.ac.uk/api/prediction/P32561,v6,CC BY 4.0,https://alphafold.ebi.ac.uk/assets/License-Disclaimer.pdf,first API record serialized as indented JSON
robustness/data/pae/P32561_v6_pae.json.gz,47980,b12557111eb4a17da0e4339afa3c53facffbebf8e931b81059f1108bd571d78e,AlphaFold Protein Structure Database predicted aligned error,https://alphafold.ebi.ac.uk/files/AF-P32561-F1-predicted_aligned_error_v6.json,v6,CC BY 4.0,https://alphafold.ebi.ac.uk/assets/License-Disclaimer.pdf,source JSON serialized compactly and gzip-compressed
robustness/data/pae/P32801_metadata.json,2989,b12b971f86e5a2d7f5e35c69164bc609b84c9ec68a19d5fd24138a6435b58cce,AlphaFold Protein Structure Database API metadata,https://alphafold.ebi.ac.uk/api/prediction/P32801,v6,CC BY 4.0,https://alphafold.ebi.ac.uk/assets/License-Disclaimer.pdf,first API record serialized as indented JSON
robustness/data/pae/P32801_v6_pae.json.gz,140951,9821ea3c964d8189d3f54267b1faa1fda2e005f116a92680d753ed9cf4b66607,AlphaFold Protein Structure Database predicted aligned error,https://alphafold.ebi.ac.uk/files/AF-P32801-F1-predicted_aligned_error_v6.json,v6,CC BY 4.0,https://alphafold.ebi.ac.uk/assets/License-Disclaimer.pdf,source JSON serialized compactly and gzip-compressed
robustness/data/pae/P37263_metadata.json,2009,e89d25741fc76f888a17b9a21e8d6397abfa0c9432b9bd06553a18fc9716dae6,AlphaFold Protein Structure Database API metadata,https://alphafold.ebi.ac.uk/api/prediction/P37263,v6,CC BY 4.0,https://alphafold.ebi.ac.uk/assets/License-Disclaimer.pdf,first API record serialized as indented JSON
robustness/data/pae/P37263_v6_pae.json.gz,11282,91a9346924a24e52283e970f90775bb104ef6bf8be759c1ffb5776e6ecacde0e,AlphaFold Protein Structure Database predicted aligned error,https://alphafold.ebi.ac.uk/files/AF-P37263-F1-predicted_aligned_error_v6.json,v6,CC BY 4.0,https://alphafold.ebi.ac.uk/assets/License-Disclaimer.pdf,source JSON serialized compactly and gzip-compressed
robustness/data/pae/P38953_metadata.json,2508,4463500d41a7ab1cd6207759473e7eb48f92564d1e59f6621f70030fa25acce3,AlphaFold Protein Structure Database API metadata,https://alphafold.ebi.ac.uk/api/prediction/P38953,v6,CC BY 4.0,https://alphafold.ebi.ac.uk/assets/License-Disclaimer.pdf,first API record serialized as indented JSON
robustness/data/pae/P38953_v6_pae.json.gz,66777,d90703e904826b8cbf6f784160c67a80668f92c2efd5e6184a0d67170828cf58,AlphaFold Protein Structure Database predicted aligned error,https://alphafold.ebi.ac.uk/files/AF-P38953-F1-predicted_aligned_error_v6.json,v6,CC BY 4.0,https://alphafold.ebi.ac.uk/assets/License-Disclaimer.pdf,source JSON serialized compactly and gzip-compressed
robustness/data/pae/P43565_metadata.json,5253,959becdee39ab2063326b1f9d1348b30669f4dabbde28031d3539578de604d0d,AlphaFold Protein Structure Database API metadata,https://alphafold.ebi.ac.uk/api/prediction/P43565,v6,CC BY 4.0,https://alphafold.ebi.ac.uk/assets/License-Disclaimer.pdf,first API record serialized as indented JSON
robustness/data/pae/P43565_v6_pae.json.gz,1082634,f0f3f0917ed8c8817ee28dd9e13b38c8d1376f1ee0474c55cbf990ec44cd37e1,AlphaFold Protein Structure Database predicted aligned error,https://alphafold.ebi.ac.uk/files/AF-P43565-F1-predicted_aligned_error_v6.json,v6,CC BY 4.0,https://alphafold.ebi.ac.uk/assets/License-Disclaimer.pdf,source JSON serialized compactly and gzip-compressed
robustness/data/pae/P47116_metadata.json,3350,db6ea005d599f6f1f083f01064a7f06a837b0cd0abe66c0189bea72b4ae3c7a6,AlphaFold Protein Structure Database API metadata,https://alphafold.ebi.ac.uk/api/prediction/P47116,v6,CC BY 4.0,https://alphafold.ebi.ac.uk/assets/License-Disclaimer.pdf,first API record serialized as indented JSON
robustness/data/pae/P47116_v6_pae.json.gz,200145,14a70633445dd5a5679c41986e5ae1ca32c70d5032c11ca7345156435c90e8e6,AlphaFold Protein Structure Database predicted aligned error,https://alphafold.ebi.ac.uk/files/AF-P47116-F1-predicted_aligned_error_v6.json,v6,CC BY 4.0,https://alphafold.ebi.ac.uk/assets/License-Disclaimer.pdf,source JSON serialized compactly and gzip-compressed
robustness/data/pae/P50873_metadata.json,2710,6b237046f835eca409f5b7bc73b33b6e26483143444f082cf216dba3340d7d2e,AlphaFold Protein Structure Database API metadata,https://alphafold.ebi.ac.uk/api/prediction/P50873,v6,CC BY 4.0,https://alphafold.ebi.ac.uk/assets/License-Disclaimer.pdf,first API record serialized as indented JSON
robustness/data/pae/P50873_v6_pae.json.gz,92331,a38b93a03d9c4d9ad6475a51e76c19fab6985246eedc26a573b5f9f2d503c88a,AlphaFold Protein Structure Database predicted aligned error,https://alphafold.ebi.ac.uk/files/AF-P50873-F1-predicted_aligned_error_v6.json,v6,CC BY 4.0,https://alphafold.ebi.ac.uk/assets/License-Disclaimer.pdf,source JSON serialized compactly and gzip-compressed
robustness/data/pae/P50947_metadata.json,2374,75c3f4e684e6e4b4f2c7f23b7d4235dc39af8bf4e37c4806f4cd52f6c76f0b60,AlphaFold Protein Structure Database API metadata,https://alphafold.ebi.ac.uk/api/prediction/P50947,v6,CC BY 4.0,https://alphafold.ebi.ac.uk/assets/License-Disclaimer.pdf,first API record serialized as indented JSON
robustness/data/pae/P50947_v6_pae.json.gz,39562,a267a58599fa3b68342ab5076ecec7ae67465fc9850cdb2a4d1c6ef2f29d4beb,AlphaFold Protein Structure Database predicted aligned error,https://alphafold.ebi.ac.uk/files/AF-P50947-F1-predicted_aligned_error_v6.json,v6,CC BY 4.0,https://alphafold.ebi.ac.uk/assets/License-Disclaimer.pdf,source JSON serialized compactly and gzip-compressed
robustness/data/pae/P53599_metadata.json,4862,e888ed7d77178cc262602d4b1cd4c54f09fffc0dd6115da0d700b16350879c62,AlphaFold Protein Structure Database API metadata,https://alphafold.ebi.ac.uk/api/prediction/P53599,v6,CC BY 4.0,https://alphafold.ebi.ac.uk/assets/License-Disclaimer.pdf,first API record serialized as indented JSON
robustness/data/pae/P53599_v6_pae.json.gz,952060,baa06d9a818d7bf5a146f67b34a1dc0ee391049df62a85155683fc0d7cc84b71,AlphaFold Protein Structure Database predicted aligned error,https://alphafold.ebi.ac.uk/files/AF-P53599-F1-predicted_aligned_error_v6.json,v6,CC BY 4.0,https://alphafold.ebi.ac.uk/assets/License-Disclaimer.pdf,source JSON serialized compactly and gzip-compressed
robustness/data/pae/Q00772_metadata.json,2682,2b1fd71128b5dc398848db87b7e246bdfcef78c280861ea160f7faface1ca1b7,AlphaFold Protein Structure Database API metadata,https://alphafold.ebi.ac.uk/api/prediction/Q00772,v6,CC BY 4.0,https://alphafold.ebi.ac.uk/assets/License-Disclaimer.pdf,first API record serialized as indented JSON
robustness/data/pae/Q00772_v6_pae.json.gz,82642,6f1383254f377673008a9be65ff75af4f77c950f02ff76d4fd38ad329d6ac758,AlphaFold Protein Structure Database predicted aligned error,https://alphafold.ebi.ac.uk/files/AF-Q00772-F1-predicted_aligned_error_v6.json,v6,CC BY 4.0,https://alphafold.ebi.ac.uk/assets/License-Disclaimer.pdf,source JSON serialized compactly and gzip-compressed
robustness/data/pae/Q03262_metadata.json,2933,6f39fb89545fd3cbd268ccb561dfc2e264c966ebdae8c1d8036062a0e504ecab,AlphaFold Protein Structure Database API metadata,https://alphafold.ebi.ac.uk/api/prediction/Q03262,v6,CC BY 4.0,https://alphafold.ebi.ac.uk/assets/License-Disclaimer.pdf,first API record serialized as indented JSON
robustness/data/pae/Q03262_v6_pae.json.gz,88040,d8d10e96227f2fc2fee066065cbe2e9c0e83df4a5f3c827c5d3c1d09cd668a0f,AlphaFold Protein Structure Database predicted aligned error,https://alphafold.ebi.ac.uk/files/AF-Q03262-F1-predicted_aligned_error_v6.json,v6,CC BY 4.0,https://alphafold.ebi.ac.uk/assets/License-Disclaimer.pdf,source JSON serialized compactly and gzip-compressed
robustness/data/pae/Q03330_metadata.json,2581,24199c53210c7321652d3cacd74ba255074ea98eec64d0b90543beb638990169,AlphaFold Protein Structure Database API metadata,https://alphafold.ebi.ac.uk/api/prediction/Q03330,v6,CC BY 4.0,https://alphafold.ebi.ac.uk/assets/License-Disclaimer.pdf,first API record serialized as indented JSON
robustness/data/pae/Q03330_v6_pae.json.gz,76745,ef946635fe0110867935235956dcdb3fa1708d74079a0625cc571de3766bc6c7,AlphaFold Protein Structure Database predicted aligned error,https://alphafold.ebi.ac.uk/files/AF-Q03330-F1-predicted_aligned_error_v6.json,v6,CC BY 4.0,https://alphafold.ebi.ac.uk/assets/License-Disclaimer.pdf,source JSON serialized compactly and gzip-compressed
robustness/data/pae/Q03497_metadata.json,3589,65ce263e78864abfad33752025a96526cda46bdb2e21974cdd89f1599ef2b8b6,AlphaFold Protein Structure Database API metadata,https://alphafold.ebi.ac.uk/api/prediction/Q03497,v6,CC BY 4.0,https://alphafold.ebi.ac.uk/assets/License-Disclaimer.pdf,first API record serialized as indented JSON
robustness/data/pae/Q03497_v6_pae.json.gz,274554,d0dfd04d5300e678fa07eed7d66596fccfca7763d10f961f684b25459ebe8dd6,AlphaFold Protein Structure Database predicted aligned error,https://alphafold.ebi.ac.uk/files/AF-Q03497-F1-predicted_aligned_error_v6.json,v6,CC BY 4.0,https://alphafold.ebi.ac.uk/assets/License-Disclaimer.pdf,source JSON serialized compactly and gzip-compressed
robustness/data/pae/Q03533_metadata.json,2881,58208b8d3230ce48a827809798586d47bd4e708a2c9a4db589651a6ba6d3a40c,AlphaFold Protein Structure Database API metadata,https://alphafold.ebi.ac.uk/api/prediction/Q03533,v6,CC BY 4.0,https://alphafold.ebi.ac.uk/assets/License-Disclaimer.pdf,first API record serialized as indented JSON
robustness/data/pae/Q03533_v6_pae.json.gz,130539,c4003047564a0920a5841857028128e4ad40cc6ab3df7ea12514fbbd529076b0,AlphaFold Protein Structure Database predicted aligned error,https://alphafold.ebi.ac.uk/files/AF-Q03533-F1-predicted_aligned_error_v6.json,v6,CC BY 4.0,https://alphafold.ebi.ac.uk/assets/License-Disclaimer.pdf,source JSON serialized compactly and gzip-compressed
robustness/data/pae/Q03656_metadata.json,3192,801dbba3c6ee730c7c32636ef8f36e65de2562b7241873173edc17d0e35987c1,AlphaFold Protein Structure Database API metadata,https://alphafold.ebi.ac.uk/api/prediction/Q03656,v6,CC BY 4.0,https://alphafold.ebi.ac.uk/assets/License-Disclaimer.pdf,first API record serialized as indented JSON
robustness/data/pae/Q03656_v6_pae.json.gz,176038,d58d27625ff743bac09ca392b62bff42a9a767d6077cb02e975ac20e5f690e11,AlphaFold Protein Structure Database predicted aligned error,https://alphafold.ebi.ac.uk/files/AF-Q03656-F1-predicted_aligned_error_v6.json,v6,CC BY 4.0,https://alphafold.ebi.ac.uk/assets/License-Disclaimer.pdf,source JSON serialized compactly and gzip-compressed
robustness/data/pae/Q04439_metadata.json,4121,a6bfb7a931ccc1ff157c8c2ec7edbc03f0d1be902c4cb86d7e4e08ca10d2121d,AlphaFold Protein Structure Database API metadata,https://alphafold.ebi.ac.uk/api/prediction/Q04439,v6,CC BY 4.0,https://alphafold.ebi.ac.uk/assets/License-Disclaimer.pdf,first API record serialized as indented JSON
robustness/data/pae/Q04439_v6_pae.json.gz,525911,fb4aca911aaaef0e0186d8668bdf2295185896f08db0a490b21d0fca6402fdb2,AlphaFold Protein Structure Database predicted aligned error,https://alphafold.ebi.ac.uk/files/AF-Q04439-F1-predicted_aligned_error_v6.json,v6,CC BY 4.0,https://alphafold.ebi.ac.uk/assets/License-Disclaimer.pdf,source JSON serialized compactly and gzip-compressed
robustness/data/pae/Q06385_metadata.json,2411,f876bcd03dc003cea49a4e103b154e6b9dcc92e887073df98bee05c9b849ec02,AlphaFold Protein Structure Database API metadata,https://alphafold.ebi.ac.uk/api/prediction/Q06385,v6,CC BY 4.0,https://alphafold.ebi.ac.uk/assets/License-Disclaimer.pdf,first API record serialized as indented JSON
robustness/data/pae/Q06385_v6_pae.json.gz,33343,8b5b2cdde3072353aa83b5a6d28f17f00e2bcb0319f02d4fbe7401e7faa389c1,AlphaFold Protein Structure Database predicted aligned error,https://alphafold.ebi.ac.uk/files/AF-Q06385-F1-predicted_aligned_error_v6.json,v6,CC BY 4.0,https://alphafold.ebi.ac.uk/assets/License-Disclaimer.pdf,source JSON serialized compactly and gzip-compressed
robustness/data/pae/Q08972_metadata.json,4097,7e59bfbd45733f40e4b5021735ec786e7d4440e91433bf17a5136d816dbab199,AlphaFold Protein Structure Database API metadata,https://alphafold.ebi.ac.uk/api/prediction/Q08972,v6,CC BY 4.0,https://alphafold.ebi.ac.uk/assets/License-Disclaimer.pdf,first API record serialized as indented JSON
robustness/data/pae/Q08972_v6_pae.json.gz,577863,5ba429fa1d4d2d76f028dff34af433eb54a16cbd88aaa2ac98eef9bfaa80b54a,AlphaFold Protein Structure Database predicted aligned error,https://alphafold.ebi.ac.uk/files/AF-Q08972-F1-predicted_aligned_error_v6.json,v6,CC BY 4.0,https://alphafold.ebi.ac.uk/assets/License-Disclaimer.pdf,source JSON serialized compactly and gzip-compressed
robustness/data/pae/Q12222_metadata.json,2462,741f6840503164e80b6ea14603adf74a4835f36d8d0489b8904db7eec148ac86,AlphaFold Protein Structure Database API metadata,https://alphafold.ebi.ac.uk/api/prediction/Q12222,v6,CC BY 4.0,https://alphafold.ebi.ac.uk/assets/License-Disclaimer.pdf,first API record serialized as indented JSON
robustness/data/pae/Q12222_v6_pae.json.gz,46541,100c34808fd25d783da750e912a110f9a846735fd0f12edae9e39ee206d01abc,AlphaFold Protein Structure Database predicted aligned error,https://alphafold.ebi.ac.uk/files/AF-Q12222-F1-predicted_aligned_error_v6.json,v6,CC BY 4.0,https://alphafold.ebi.ac.uk/assets/License-Disclaimer.pdf,source JSON serialized compactly and gzip-compressed
robustness/data/pae/Q12271_metadata.json,3932,92a7baad817be15257ac04faa5662310bdb95e8fea498e425dae3b6537824bee,AlphaFold Protein Structure Database API metadata,https://alphafold.ebi.ac.uk/api/prediction/Q12271,v6,CC BY 4.0,https://alphafold.ebi.ac.uk/assets/License-Disclaimer.pdf,first API record serialized as indented JSON
robustness/data/pae/Q12271_v6_pae.json.gz,447234,066292f41c57373f542b920adfd085ecf4c5eac2cfd12d38f5619aa7234846c4,AlphaFold Protein Structure Database predicted aligned error,https://alphafold.ebi.ac.uk/files/AF-Q12271-F1-predicted_aligned_error_v6.json,v6,CC BY 4.0,https://alphafold.ebi.ac.uk/assets/License-Disclaimer.pdf,source JSON serialized compactly and gzip-compressed
robustness/data/pae/Q12386_metadata.json,3457,cd12579c62cd3eb73c7d6650c8e9a12d1665fbfb06e743b83c2a81803bf41811,AlphaFold Protein Structure Database API metadata,https://alphafold.ebi.ac.uk/api/prediction/Q12386,v6,CC BY 4.0,https://alphafold.ebi.ac.uk/assets/License-Disclaimer.pdf,first API record serialized as indented JSON
robustness/data/pae/Q12386_v6_pae.json.gz,234222,5dcb1b97480e55c712b6e3b2cee8fa4029487c9959017bab81f70ffc7531d45c,AlphaFold Protein Structure Database predicted aligned error,https://alphafold.ebi.ac.uk/files/AF-Q12386-F1-predicted_aligned_error_v6.json,v6,CC BY 4.0,https://alphafold.ebi.ac.uk/assets/License-Disclaimer.pdf,source JSON serialized compactly and gzip-compressed
robustness/data/pae/Q12464_metadata.json,2635,4f0ea9147d3015153790892c1e3ff94a28e15b74309636b3d1db64e8bc27b12a,AlphaFold Protein Structure Database API metadata,https://alphafold.ebi.ac.uk/api/prediction/Q12464,v6,CC BY 4.0,https://alphafold.ebi.ac.uk/assets/License-Disclaimer.pdf,first API record serialized as indented JSON
robustness/data/pae/Q12464_v6_pae.json.gz,90473,4def2f3d05f2847e5abcba0acaab46e1f6b636ff9b87fcaf1294ae551a6566f2,AlphaFold Protein Structure Database predicted aligned error,https://alphafold.ebi.ac.uk/files/AF-Q12464-F1-predicted_aligned_error_v6.json,v6,CC BY 4.0,https://alphafold.ebi.ac.uk/assets/License-Disclaimer.pdf,source JSON serialized compactly and gzip-compressed
