Strain ID,Gene name,Systematic name,acc,pos,aa,pmt_aa_wt,has_pheno,phenotypes,extremePheno,neglog10_min_raw_q,source_replicate_strain_count,raw_source_rows,sscore_rms,sscore_mean_abs,sscore_max_abs,phenotype_group,dist_core_A,nearest_core_pos,plddt,nearest_core_plddt,rsa,pae_pair_mean,pae_pair_max,n_core_residues,protein_length,dist_act_site_A,dist_binding_A,dist_core_plus_site_A,dist_all_with_dna_bind_A,age_w0_group,supp_is_disopred,domain_uniprot,sift_ala_score_inv,PWM_nkinTop01,wgs_additional_mutation_flag,scar_control_correlation_flag,is_itself_annot,cohort_primary_exclude_annotation_coincident,cohort_inclusive_sensitivity,alphafold_version,oof_distance_only,oof_structural,oof_published_annotations,oof_combined
PBY571,ENO1,YGR254W,P00924,10,S,S,False,0.0,0.396922419912938,0.4012943695496802,1,102,0.7414848821769667,0.6311697745098039,1.784419,unknown,15.845911979675291,376,98.81,92.19,0.3207104791903593,2.0,2.0,12,437,20.150840759277344,15.845911979675291,15.845911979675291,15.845911979675291,Y1,0.0,,-0.0219793226684544,0.0,False,False,False,True,True,6,0.5035576986817973,0.6172257482490744,0.5705253119255418,0.6198067389899025
PBY570,ENO1,YGR254W,P00924,12,Y,Y,False,0.0,0.367556865169801,0.4346754611540266,1,102,0.6933014287042774,0.5511982156862745,1.766168,unknown,9.896291732788086,376,98.81,92.19,0.4743307985801235,1.5,2.0,12,437,13.979787826538086,9.896291732788086,9.896291732788086,9.896291732788086,Y1,0.0,,-0.0125928835575933,0.0,False,False,False,True,True,6,0.5200542224211608,0.543277223675264,0.5726365693123932,0.5567757240464601
PBY712,ENO1,YGR254W,P00924,188,S,S,True,6.0,0.0054894646295428,2.260470008878302,1,98,1.404463396483351,1.080913244897959,5.427517,losses,11.83523654937744,212,98.88,94.56,0.2179212969394062,1.5,2.0,12,437,11.83523654937744,13.895994186401367,11.83523654937744,11.83523654937744,Y1,0.0,,-1.0,0.0,False,False,False,True,True,6,0.5138610720959582,0.6329375271186833,0.35236697731254574,0.33032833867991673
PBY897,ENO1,YGR254W,P00924,290,Y,Y,False,0.0,0.353682760523496,0.4513861083842374,1,102,0.6350639889352127,0.4713358333333333,1.968156,unknown,11.450397491455078,169,98.81,97.56,0.0820655672432944,1.5,2.0,12,437,19.3284969329834,11.450397491455078,11.450397491455078,11.450397491455078,,0.0,,-0.0008557063905054,0.0,False,False,False,True,True,6,0.5150131580376784,0.6709402542893972,0.5933332241593829,0.6630691119439022
PBY295,HSP82,YPL240C,P02829,282,S,S,False,0.0,0.698171298591582,0.156038008743706,1,102,0.6103141512302833,0.4338072352941176,3.333921,unknown,28.333364486694336,119,92.25,70.62,0.571976275724853,11.0,12.0,16,709,,28.333364486694336,28.333364486694336,28.333364486694336,Y0,0.0,,-0.637613980100774,0.0,False,False,False,True,True,6,0.4847751489711084,0.49791879107650694,0.4994340796610448,0.5184605802549223
PBY335,HSP82,YPL240C,P02829,297,S,S,True,3.0,0.0170420378125957,1.768478475423163,1,102,1.2525972374641356,1.041721294117647,3.3678,losses,20.191083908081055,380,84.38,74.44000000000001,0.1322186493494766,6.5,7.0,16,709,,20.191083908081055,20.191083908081055,20.191083908081055,Y0,0.0,,-0.255934246434032,0.0,False,False,False,True,True,6,0.5001358250595072,0.6595773580889182,0.5595433869324835,0.6801038313654963
PBY336,HSP82,YPL240C,P02829,379,S,S,False,0.0,0.340887474081811,0.4673889566387953,1,102,0.6503937249585446,0.4896946470588235,2.324035,unknown,1.3419464826583862,380,72.75,74.44000000000001,0.0632350308851197,1.0,1.0,16,709,,1.3419464826583862,1.3419464826583862,1.3419464826583862,S1,0.0,,-0.0185220311049886,1.0,False,False,False,True,True,6,0.6013772600998615,0.6564521450491212,0.4879642053212524,0.556038629575179
PBY353,HSP82,YPL240C,P02829,533,T,T,True,1.0,2.38608855437731e-07,6.622313442491431,1,102,0.9311320723656346,0.6424980392156862,5.246714,unknown,66.66445922851562,380,89.06000000000002,74.44000000000001,0.4587707935199023,15.5,17.0,16,709,,66.66445922851562,66.66445922851562,66.66445922851562,Y0,1.0,,-0.506703569863367,0.0,False,False,False,True,True,6,0.445800656763634,0.5457769944894338,0.4549285182233632,0.4244807593623864
PBY272,HSP82,YPL240C,P02829,604,S,S,False,0.0,0.711050054120979,0.1480998261852938,1,102,0.7074523785120195,0.5389341960784314,2.801413,unchanged,46.17081832885742,380,73.31,74.44000000000001,0.1384836742242845,17.5,21.0,16,709,,46.17081832885742,46.17081832885742,46.17081832885742,S1,0.0,,-0.813339745875564,2.0,False,False,False,True,True,6,0.46249194663366183,0.6450460520651549,0.38216456934399895,0.6047030512908842
PBY298,HSP82,YPL240C,P02829,612,T,T,True,1.0,0.0098611757639152,2.0060713003389417,1,102,0.9081611762389676,0.6745000588235295,2.628419,unknown,59.30220413208008,380,95.0,74.44000000000001,0.1566310424726747,13.0,17.0,16,709,,59.30220413208008,59.30220413208008,59.30220413208008,Y0,0.0,,-0.463846167990699,0.0,False,False,False,True,True,6,0.45110220917115396,0.6361064525526345,0.5267017453540971,0.6855048774426309
PBY847,RPO21,YDL140C,P04050,1460,T,T,False,0.0,0.471414250067525,0.3265972936145069,1,102,0.6038583441676143,0.4489811666666667,1.736721,unchanged,50.49840545654297,70,37.03000000000001,89.31,0.6403687303533036,23.0,28.0,11,1733,,50.49840545654297,50.49840545654297,50.49840545654297,S1,1.0,,-0.874469583395115,2.0,False,False,False,True,True,6,0.4645286588478674,0.47048277339968064,0.29956285905209257,0.317838066429448
PBY845,RPO21,YDL140C,P04050,1471,T,T,False,0.0,0.110091863125234,0.9582447784887288,1,102,0.9913765955822712,0.8091256274509805,4.095772,unchanged,41.56484603881836,70,37.5,89.31,0.7500984977387706,26.5,29.0,11,1733,,41.56484603881836,41.56484603881836,41.56484603881836,Y0,1.0,,-0.268119919299768,3.0,False,False,False,True,True,6,0.4707003611362607,0.4189341479421246,0.6023297734743754,0.6048251420658703
PBY285,TPK1,YJL164C,P06244,241,T,T,True,8.0,7.091525556510301e-18,17.14926032765121,1,102,1.797392104629191,1.2439306470588236,8.663533,gains,9.76496124267578,210,90.06000000000002,97.12,0.1972782833101163,2.0,2.0,11,397,9.76496124267578,14.362252235412598,9.76496124267578,9.76496124267578,Y1,0.0,Protein kinase,0.0,0.0,False,False,False,True,True,6,0.5050827783405814,0.5829594213721897,0.6308442591704863,0.6320073332972003
PBY117,SNF1,YDR477W,P06782,210,T,T,True,13.0,3.36691891328256e-17,16.472767342755954,1,102,1.712259674335731,1.1306138529411764,7.910362,,9.079323768615724,177,56.5,87.62,0.3983068976456762,4.5,5.0,11,633,9.079323768615724,12.22433090209961,9.079323768615724,9.079323768615724,,,,,,False,False,False,True,True,6,0.49177725670373684,0.5106295102170033,0.9856563153510155,0.987041955432591
PBY93,SNF1,YDR477W,P06782,211,S,S,True,2.0,0.0111592253595698,1.9523659517909793,1,102,1.140752710840522,0.900733450980392,3.040985,unknown,9.060124397277832,177,52.029999999999994,87.62,0.4777467376228897,4.5,5.0,11,633,9.060124397277832,12.22623062133789,9.060124397277832,9.060124397277832,S1,0.0,Protein kinase,0.0,0.0,False,False,False,True,True,6,0.49182467700730176,0.48407115847539933,0.5002760903447147,0.5061610546570228
PBY94,SNF1,YDR477W,P06782,217,Y,Y,True,26.0,6.854018489909959e-11,10.16405472831948,1,102,2.0935359391199784,1.6240045392156863,6.091231,,6.122025012969971,177,93.12,87.62,0.0785093321403077,1.5,2.0,11,633,6.122025012969971,15.534646034240724,6.122025012969971,6.122025012969971,,,,,,False,False,False,True,True,6,0.5003920522478013,0.5965184405803223,0.9856563153510155,0.9874876603732796
PBY145,SNF1,YDR477W,P06782,413,S,S,False,0.0,0.161488261623078,0.7918590405006779,1,102,0.5834950908960622,0.4337375686274509,2.174899,unknown,28.930192947387695,177,31.23,87.62,0.6441938293984755,24.0,27.0,11,633,28.930192947387695,38.746490478515625,28.930192947387695,28.930192947387695,Y1,1.0,,-0.15093658564235,0.0,False,False,False,True,True,6,0.4646952743274603,0.42695100456482776,0.4742614566628089,0.4837536815477014
PBY64,SNF1,YDR477W,P06782,487,S,S,True,2.0,0.0024960903681981,2.6027396955523825,1,102,1.115167584972792,0.9011608333333334,2.825742,,67.48636627197266,177,52.94,87.62,0.2723438969427905,29.5,30.0,11,633,67.48636627197266,74.13401794433594,67.48636627197266,67.48636627197266,,,,,,False,False,False,True,True,6,0.444458481799254,0.5870294461544223,0.9856563153510155,0.9941916112682035
PBY225,PBS2,YJL128C,P08018,248,S,S,False,0.0,0.149941104554343,0.8240792942095992,1,102,1.028038335676701,0.867042,2.224304,unchanged,55.94901657104492,485,39.94,84.31,0.6893592300737349,29.5,30.0,11,668,55.94901657104492,56.68732452392578,55.94901657104492,55.94901657104492,Y2,1.0,,-0.513489650798978,0.0,False,False,False,True,True,6,0.4732515255602322,0.4521742308017485,0.38492725757002255,0.41063556348487645
PBY121,SCH9,YHR205W,P11792,288,S,S,True,1.0,0.0352451120768631,1.452901104069413,1,102,0.7360380525475635,0.5750034411764706,2.471013,unknown,25.88221549987793,418,37.88,93.81,0.3456981801801803,21.0,27.0,11,824,26.60883140563965,25.88221549987793,25.88221549987793,25.88221549987793,Y1,1.0,,-0.777275911577126,0.0,False,False,False,True,True,6,0.48391476050884785,0.5259493915662362,0.3468206195251667,0.35755619477537215
PBY112,SCH9,YHR205W,P11792,290,S,S,True,7.0,0.0042443403599264,2.3721897966578487,1,102,1.5280247887763825,1.2590565784313723,3.790485,gains,25.63114547729492,418,40.56,93.81,0.3765225954902566,22.5,28.0,11,824,28.717201232910156,25.63114547729492,25.63114547729492,25.63114547729492,Y2,1.0,,-0.685493320658301,1.0,False,False,False,True,True,6,0.4842802127872775,0.5076025785546772,0.34078503458306914,0.3524530279967649
PBY92,SCH9,YHR205W,P11792,568,T,T,True,6.0,1.68463095935613e-05,4.7734952223112375,1,102,1.4008595473753591,1.016835068627451,4.910851,unknown,10.89484405517578,538,81.18999999999998,94.06,0.0202716014892008,3.0,4.0,11,824,10.89484405517578,16.373920440673828,10.89484405517578,10.89484405517578,Y2,0.0,Protein kinase,0.0,0.0,False,False,False,True,True,6,0.5156636197340703,0.6649063574567264,0.6159854535522944,0.6886948444300007
PBY118,SCH9,YHR205W,P11792,726,S,S,True,5.0,0.000297938242153,3.52587374891625,1,102,1.3485797122279255,1.0016483235294118,4.775925,unknown,16.79967498779297,423,87.0,80.38,0.3502061832230244,7.0,9.0,11,824,29.566932678222656,16.79967498779297,16.79967498779297,16.79967498779297,Y1,0.0,,-0.0125735892249853,4.0,False,False,False,True,True,6,0.499982863616912,0.5567124123038427,0.6137662010458981,0.6483952431283388
PBY327,INO1,YJL153C,P11986,42,S,S,True,21.0,1.63730770927758e-66,65.78586969329244,1,102,3.659301740579552,1.9971668921568628,19.249921,gains,39.01385498046875,369,93.38,90.12,0.6835997786644182,9.5,12.0,27,533,,39.01385498046875,39.01385498046875,39.01385498046875,S1,0.0,,-0.710364963531387,0.0,False,False,False,True,True,6,0.4662222637228866,0.5175551954798177,0.32011751508945413,0.3923778525472388
PBY328,INO1,YJL153C,P11986,48,T,T,False,0.0,0.0607685498885857,1.2163211270375682,1,102,0.989950197915482,0.8278655686274506,2.197126,unknown,33.4875373840332,320,97.75,97.88,0.4645594336951714,4.0,4.0,27,533,,33.4875373840332,33.4875373840332,33.4875373840332,Y1,0.0,,-0.750417070807187,0.0,False,False,False,True,True,6,0.4684254508102411,0.6284293340086042,0.46496299729131446,0.58152475947314
PBY195,INO1,YJL153C,P11986,368,S,S,True,2.0,5.12337904671879e-20,19.29044351220707,1,102,0.9370219571235232,0.5145529313725491,7.407743,unknown,1.340893030166626,369,92.75,90.12,0.0141108180995433,1.0,1.0,27,533,,1.340893030166626,1.340893030166626,1.340893030166626,S1,0.0,,-0.0224619949488832,5.0,False,False,False,True,True,6,0.5086791097098672,0.6107581187224895,0.5109433460407903,0.5533421005271579
PBY197,INO1,YJL153C,P11986,375,S,S,False,0.0,0.0974742305152843,1.0111101845501844,1,102,0.5777227283272762,0.4498492647058824,1.751272,unchanged,7.465838432312012,369,89.81,90.12,0.238774661997103,2.5,3.0,27,533,,7.465838432312012,7.465838432312012,7.465838432312012,Y1,0.0,,-0.138549283680525,7.0,False,False,False,True,True,6,0.48947132004630794,0.6196787074808248,0.6997524822249345,0.7678806764460042
PBY342,HMG1,YML075C,P12683,551,S,S,True,5.0,0.0096014214343775,2.017664467438673,1,102,1.49044640340776,1.252547460784314,3.600734,unknown,51.23435974121094,813,24.02,91.38,0.6892110279738443,27.0,27.0,29,1054,54.30832290649414,51.23435974121094,51.23435974121094,51.23435974121094,,1.0,,-0.766469369088013,1.0,False,False,False,True,True,6,0.4443070416285625,0.48974887294042163,0.3896273869645056,0.47072557437548984
PBY205,HMG1,YML075C,P12683,575,S,S,True,1.0,0.0301136693179006,1.5212363229520172,1,102,1.0284079532207997,0.8532288137254901,2.732344,unknown,31.56197738647461,1025,19.42,56.779999999999994,0.768594007245133,27.5,28.0,29,1054,35.842369079589844,31.56197738647461,31.56197738647461,31.56197738647461,S1,1.0,,-0.839302311324101,0.0,False,False,False,True,True,6,0.46314949577680037,0.4334772817651267,0.23822075419499483,0.2760471934342036
PBY206,HMG1,YML075C,P12683,577,S,S,True,1.0,0.0070624506747109,2.151044572344283,1,102,0.8979056934232362,0.6733377843137254,2.456637,unknown,32.68137741088867,1025,20.0,56.779999999999994,0.8017076099143515,27.0,28.0,29,1054,35.75509262084961,32.68137741088867,32.68137741088867,32.68137741088867,S1,1.0,,-0.428571774479517,2.0,False,False,False,True,True,6,0.46179564380669513,0.42206662827499947,0.32496345708175667,0.37291118455221123
PBY343,HMG1,YML075C,P12683,580,S,S,False,0.0,0.131312346921491,0.8816944365322417,1,102,0.7285692126575896,0.5644918725490197,2.329708,unchanged,35.34070587158203,722,20.17,97.75,0.7784277192277014,26.0,30.0,29,1054,35.784122467041016,35.34070587158203,35.34070587158203,35.34070587158203,S1,1.0,,-0.838948789778347,0.0,False,False,False,True,True,6,0.45875477451013164,0.43027776148401886,0.2382610244544297,0.2847006561752136
PBY207,HMG2,YLR450W,P12684,556,S,S,True,7.0,0.0001578986081285,3.801621698267679,1,102,1.5603332843544808,1.310394225490196,4.208545,gains,59.05854034423828,1021,19.48,55.34000000000001,0.6790152423708647,29.0,29.0,29,1045,64.8443603515625,59.05854034423828,59.05854034423828,59.05854034423828,,1.0,,-0.603716393766617,0.0,False,False,False,True,True,6,0.4480414792430518,0.5330240180049794,0.4018932559312427,0.5513497227231119
PBY208,HMG2,YLR450W,P12684,565,T,T,False,0.0,0.464856709618833,0.3326808961680772,1,102,0.7149467815945341,0.5405883823529413,2.488711,unchanged,47.88321685791016,1020,25.38,62.03,0.7579358946859459,28.5,29.0,29,1045,51.307090759277344,47.88321685791016,47.88321685791016,47.88321685791016,S1,1.0,,-0.714706315985082,0.0,False,False,False,True,True,6,0.45556865125931295,0.49264976106927644,0.2986676059157661,0.4117041865298308
PBY899,YPK1,YKL126W,P12688,508,T,T,True,25.0,4.81978753275192e-27,26.316972106032356,1,102,2.528961695821459,1.7733493431372545,10.480137,gains,2.836493015289306,470,90.93999999999998,91.88,0.1498426452306213,3.0,3.0,11,680,2.836493015289306,9.644953727722168,2.836493015289306,2.836493015289306,Y1,1.0,Protein kinase,0.0,0.0,False,False,False,True,True,6,0.5199262937032081,0.5365833336699504,0.5821793118701385,0.3811926514564004
PBY498,SNF4,YGL115W,P12904,7,S,S,False,0.0,0.798275773285035,0.09784705084705,1,102,0.4538024680835976,0.3647695882352941,1.203787,unchanged,21.811134338378903,312,84.94,95.0,0.2753530968014561,8.0,13.0,17,322,,21.811134338378903,21.811134338378903,21.811134338378903,S1,1.0,,-0.646866340649022,0.0,False,False,False,True,True,6,0.49773572604704297,0.6291890716811304,0.30305766865628075,0.36165072316926616
PBY499,SNF4,YGL115W,P12904,73,S,S,False,0.0,0.321329271285561,0.4930497108668831,1,102,0.8824666298889988,0.7200834117647058,2.154229,unchanged,14.630712509155272,42,92.81,97.56,0.2411792978191797,2.5,3.0,17,322,,14.630712509155272,14.630712509155272,14.630712509155272,,0.0,CBS 1,-0.297376223478612,0.0,False,False,False,True,True,6,0.5095508539342959,0.6439981563563226,0.6847820834588021,0.7421005900637624
PBY500,SNF4,YGL115W,P12904,81,T,T,False,0.0,0.197571023894247,0.7042767494528337,1,102,0.6530942280575959,0.5502668529411764,2.006396,unchanged,5.99046516418457,146,92.31000000000002,93.81,0.0850694340194955,2.0,2.0,17,322,,5.99046516418457,5.99046516418457,5.99046516418457,,0.0,CBS 1,-0.364441718697094,0.0,False,False,False,True,True,6,0.5345663710190819,0.6686932729704089,0.6757838961249586,0.7191234015334056
PBY291,KIN1,YDR122W,P13185,990,T,T,True,1.0,1.60684544912064e-13,12.79402589288314,1,102,1.017364149171727,0.5830287941176471,7.545284,unknown,48.551883697509766,269,31.449999999999996,93.44,0.6659296779667355,26.5,27.0,11,1064,48.551883697509766,50.06263732910156,48.551883697509766,48.551883697509766,S1,1.0,,-0.763916481946295,1.0,False,False,False,True,True,6,0.4608640870368035,0.4590534716298957,0.3049263946294295,0.3218278340440014
PBY257,KIN1,YDR122W,P13185,1000,S,S,False,0.0,0.536829882120947,0.2701633175800588,1,102,0.5940911031226691,0.4252313137254901,2.74559,unchanged,32.15034484863281,130,31.77,73.62,0.5940537674271061,27.5,28.0,11,1064,32.19075012207031,32.15034484863281,32.15034484863281,32.15034484863281,Y1,1.0,,-0.507119304734588,0.0,False,False,False,True,True,6,0.47573195335303087,0.4665224954893937,0.4359569766030937,0.45488775009008686
PBY578,VMA2,YBR127C,P16140,83,T,T,False,0.0,0.0649878753453478,1.1871676612307225,1,102,1.0431321605626291,0.8259780588235291,3.262691,unchanged,38.891845703125,381,86.93999999999998,92.44,0.1561213007995562,9.0,11.0,1,517,,38.891845703125,38.891845703125,38.891845703125,,0.0,,-0.0168272020582285,0.0,False,False,False,True,True,6,0.47918648382409906,0.4519642831979058,0.5507228174299998,0.3883067761914553
PBY747,VMA2,YBR127C,P16140,84,S,S,False,0.0,0.303685624977941,0.5175757650146021,1,102,0.5885029313284651,0.4566097843137255,1.861453,unchanged,41.22591018676758,381,86.44,92.44,0.6105310357967301,10.0,12.0,1,517,,41.22591018676758,41.22591018676758,41.22591018676758,,0.0,,-0.209176488192839,0.0,False,False,False,True,True,6,0.47868050352820096,0.3290373605343852,0.530377625551974,0.29601826403832365
PBY610,VMA2,YBR127C,P16140,137,S,S,False,0.0,0.115300438018315,0.9381690428477482,1,102,0.9603591858593132,0.6948709313725491,4.608002,unchanged,21.062583923339844,381,90.94,92.44,0.5687750941525436,5.0,6.0,1,517,,21.062583923339844,21.062583923339844,21.062583923339844,Y0,0.0,,-0.770064179513379,0.0,False,False,False,True,True,6,0.48447654868352685,0.3158236736933303,0.5395911232126702,0.21286979197768593
PBY473,VMA2,YBR127C,P16140,284,Y,Y,True,15.0,4.9523631318396005e-22,21.305187518193897,1,96,1.6867747660123351,1.3465522395833334,5.858013,losses,19.36030006408691,381,95.81,92.44,0.0045917422663114,3.5,4.0,1,517,,19.36030006408691,19.36030006408691,19.36030006408691,Y0,0.0,,-0.0048995979572524,5.0,False,False,False,True,True,6,0.4851954686017817,0.46904006464905007,0.7055518004470976,0.4900409737173856
PBY475,VMA2,YBR127C,P16140,370,Y,Y,True,1.0,0.0094517747140104,2.0244866384603366,1,102,0.6145626713851478,0.4367662647058823,2.986327,unknown,21.585508346557617,381,92.75,92.44,0.1647849680055505,4.0,4.0,1,517,,21.585508346557617,21.585508346557617,21.585508346557617,Y0,0.0,,-0.0143014392345316,0.0,False,False,False,True,True,6,0.4842668563277151,0.4328208079216515,0.619099205801307,0.3814276309172692
PBY461,VMA2,YBR127C,P16140,378,S,S,True,6.0,0.0058219889443233,2.2349286236007364,1,102,1.4581552204344148,1.2043683921568626,3.887244,unknown,7.700033664703369,381,94.44,92.44,0.0483884720544454,2.0,2.0,1,517,,7.700033664703369,7.700033664703369,7.700033664703369,S1,0.0,,0.0,0.0,False,False,False,True,True,6,0.4928023568178085,0.3998061497655045,0.403638507988746,0.15675370422608687
PBY462,VMA2,YBR127C,P16140,380,S,S,True,7.0,1.8869000946881e-22,21.724251093727112,1,102,1.3892827455264178,0.8939777745098041,6.336357,gains,1.3399593830108645,381,94.44,92.44,0.0624992901539887,1.0,1.0,1,517,,1.3399593830108645,1.3399593830108645,1.3399593830108645,S1,0.0,,0.0,1.0,False,False,False,True,True,6,0.5043679553657354,0.3054557981233455,0.4222508224358975,0.09654659643876318
PBY477,VMA2,YBR127C,P16140,407,Y,Y,False,0.0,0.292522841918777,0.5338402159682624,1,102,0.9085281723133084,0.7450928039215687,2.605981,unchanged,16.867591857910156,381,93.62,92.44,0.0,3.0,3.0,1,517,,16.867591857910156,16.867591857910156,16.867591857910156,Y0,0.0,,0.0,0.0,False,False,False,True,True,6,0.4863650783346243,0.4652293799612166,0.6205682947720706,0.38378352412379774
PBY471,VMA2,YBR127C,P16140,485,Y,Y,True,4.0,0.0011211093866476,2.950352011223234,1,102,1.3636486405967063,1.1131105784313726,4.497259,unknown,26.23292350769043,381,81.62,92.44,0.1467996725846677,8.5,12.0,1,517,,26.23292350769043,26.23292350769043,26.23292350769043,,0.0,,-0.0665167752759168,0.0,False,False,False,True,True,6,0.48259285783606726,0.4225307102672436,0.5455137668084353,0.3464439827491696
PBY459,VMA2,YBR127C,P16140,501,T,T,False,0.0,0.377343567960878,0.4232630484098442,1,102,0.6141628553358901,0.4710191568627451,1.551402,unchanged,51.7973747253418,381,34.31,92.44,0.767589351367779,28.5,31.0,1,517,,51.7973747253418,51.7973747253418,51.7973747253418,S1,1.0,,,0.0,False,False,False,True,True,6,0.47669693837867505,0.25403370896720695,0.5950544795575391,0.4299164271218682
PBY501,VMA2,YBR127C,P16140,503,S,S,True,2.0,5.8016029954374e-06,5.2364519933530635,1,102,0.780201887015093,0.5575672450980391,4.051833,unknown,58.4520378112793,381,35.12,92.44,0.6760722794463407,28.5,30.0,1,517,,58.4520378112793,58.4520378112793,58.4520378112793,S1,1.0,,,0.0,False,False,False,True,True,6,0.47564642227440856,0.28542896004434526,0.5950544795575391,0.4550988316172506
PBY463,VMA2,YBR127C,P16140,511,S,S,False,0.0,0.596493686139688,0.2243941489579399,1,102,0.5896729272642439,0.4513013235294117,1.980567,unchanged,73.8664321899414,381,34.94,92.44,0.5541867539696547,29.5,31.0,1,517,,73.8664321899414,73.8664321899414,73.8664321899414,S1,1.0,,,0.0,False,False,False,True,True,6,0.47361405807415996,0.3273252055837144,0.5950544795575391,0.5025950893757193
PBY882,PDA1,YER178W,P16387,313,S,S,False,0.0,0.251946748243047,0.5986912425045393,1,102,0.7829544472291613,0.574941,2.86788,unchanged,1.3296478986740112,312,96.94,98.0,0.0942568598238796,1.0,1.0,12,420,,1.3296478986740112,1.3296478986740112,1.3296478986740112,Y0,0.0,,0.0,0.0,False,False,False,True,True,6,0.5940213255397873,0.5891838724809936,0.627837458963017,0.5822619563269965
PBY886,PDA1,YER178W,P16387,315,S,S,True,2.0,0.0132339509352649,1.8783104798317016,1,102,1.2081005537640075,0.987201588235294,3.051735,unknown,6.331162452697754,312,93.5,98.0,0.6192280182155312,1.5,2.0,12,420,,6.331162452697754,6.331162452697754,6.331162452697754,S1,0.0,,0.0,0.0,False,False,False,True,True,6,0.5418618822817567,0.42581420696146777,0.4394373688041421,0.3323525045434573
PBY854,DBP5,YOR046C,P20449,86,S,S,False,0.0,0.618809250739345,0.2084432025437411,1,102,0.6210009094717537,0.4380046666666666,3.357414,unchanged,18.444639205932617,138,52.779999999999994,81.88,0.1729314200859538,17.0,19.0,8,482,,18.444639205932617,18.444639205932617,18.444639205932617,Y0,0.0,,-0.0090959515634888,1.0,False,False,False,True,True,6,0.5003146261665568,0.5968370993227555,0.6705567515924622,0.7802183413345319
PBY491,SIT4,YDL047W,P20604,209,S,S,True,23.0,1.3679966748640099e-30,29.863914958237224,1,102,2.880841663715343,1.916302774509804,11.496318,losses,6.694573402404785,238,96.44,98.38,0.0553011109193662,2.0,2.0,7,311,12.605846405029297,6.694573402404785,6.694573402404785,6.694573402404785,,0.0,,-0.0062672880756123,8.0,False,False,False,True,True,6,0.525210533649733,0.6062088614635066,0.6587606520368787,0.6626839078717519
PBY132,MCK1,YNL307C,P21965,24,S,S,False,0.0,0.170310398794171,0.7687588341216554,1,102,0.7608591177769404,0.6200517941176471,2.297936,unchanged,14.043972969055176,68,96.81,93.81,0.1452808646262708,2.0,2.0,11,375,25.243906021118164,14.043972969055176,14.043972969055176,14.043972969055176,S1,0.0,,-0.625740271782739,0.0,False,False,False,True,True,6,0.49407144279561316,0.6610099329778361,0.3554200567922014,0.42168759923298493
PBY99,MCK1,YNL307C,P21965,198,S,S,False,0.0,0.432562656601002,0.3639509761871643,1,102,0.8615004199552423,0.6349606078431372,3.366924,unchanged,9.988041877746582,164,93.31,97.25,0.1800141508576419,2.5,3.0,11,375,9.988041877746582,12.467129707336426,9.988041877746582,9.988041877746582,S1,0.0,Protein kinase,-0.247862721202405,0.0,False,False,False,True,True,6,0.49789723233688993,0.6162154760932255,0.49410068168068016,0.5268367604951145
PBY74,MCK1,YNL307C,P21965,199,Y,Y,True,22.0,7.22038810967585e-23,22.141439457643592,1,102,2.380811673694227,1.799615980392157,6.346269,losses,8.72653865814209,46,93.19,69.05999999999999,0.6036987649832164,7.5,11.0,11,375,8.984102249145508,8.72653865814209,8.72653865814209,8.72653865814209,Y1,0.0,Protein kinase,0.0,2.0,False,False,False,True,True,6,0.49938244356608796,0.3723984194946653,0.681975861922167,0.5512075496579654
PBY139,SNF2,YOR290C,P22082,1478,S,S,False,0.0,0.510810870963897,0.2917398687512313,1,102,0.6590290522857523,0.4758037549019608,3.15562,unchanged,65.37679290771484,794,31.420000000000005,83.44,0.4297920080380367,30.0,31.0,8,1703,,65.37679290771484,65.37679290771484,51.804054260253906,Y2,1.0,,-0.78014067815326,2.0,False,False,False,True,True,6,0.4813934991535772,0.566982554619193,0.4030795826084569,0.49963343198294413
PBY753,DBF2,YGR092W,P22204,51,S,S,True,23.0,1.28721102508989e-23,22.890350249117855,1,102,2.3172737510939023,1.563784705882353,7.625327,losses,43.82935333251953,206,32.03,92.19,0.6820128487392216,29.0,31.0,11,572,59.48320770263672,43.82935333251953,43.82935333251953,43.82935333251953,Y2,1.0,,-0.796086569668732,0.0,False,False,False,True,True,6,0.47177937818756044,0.43956831206465363,0.3299736178706065,0.33706743955756674
PBY861,STE11,YLR362W,P23561,231,T,T,False,0.0,0.29152882155617,0.5353185029151049,1,102,0.7568546521312501,0.5703347156862746,3.082047,unchanged,24.908695220947266,421,69.38,83.56,0.0662525360494952,27.5,28.0,11,717,40.567115783691406,24.908695220947266,24.908695220947266,24.908695220947266,,1.0,,-0.375735529156781,0.0,False,False,False,True,True,6,0.49242976550193995,0.6631160439540355,0.5076272932791303,0.6344862165630594
PBY895,STE11,YLR362W,P23561,323,S,S,True,1.0,0.001442832588468,2.8407840570717284,1,102,0.9577682253916564,0.7966401372549018,3.805394,unknown,19.634662628173828,421,51.12,83.56,0.2453798706854454,28.5,29.0,11,717,28.612531661987305,19.634662628173828,19.634662628173828,19.634662628173828,S1,1.0,,-0.721991954003843,0.0,False,False,False,True,True,6,0.49651042221501135,0.5837680619330811,0.2981784475708132,0.36877935317860266
PBY863,STE11,YLR362W,P23561,387,S,S,False,0.0,0.498003361577705,0.302767725694659,1,102,0.6019388496118923,0.4705665588235294,2.403719,unchanged,36.672855377197266,444,27.639999999999997,87.94,0.7627245392879218,29.0,31.0,11,717,44.150821685791016,36.672855377197266,36.672855377197266,36.672855377197266,,1.0,,-0.536979667182387,1.0,False,False,False,True,True,6,0.48573608368670296,0.40663968729073147,0.4955440088856206,0.46698557853515166
PBY896,STE11,YLR362W,P23561,616,S,S,True,7.0,0.0007626947522736,3.117649241767125,1,96,1.5172937335158814,1.2357408958333334,5.173299,losses,5.256359100341797,426,43.94,64.12,0.3276450078621567,9.5,10.0,11,717,6.117679595947266,5.256359100341797,5.256359100341797,5.256359100341797,Y1,0.0,Protein kinase,0.0,7.0,False,False,False,True,True,6,0.517920102998459,0.514386955584913,0.724851678131494,0.6976528249474271
PBY140,UBP1,YDL122W,P25037,530,S,S,False,0.0,0.593143377234975,0.2268403143667106,1,102,0.612812070917133,0.482942137254902,2.35642,unchanged,25.716379165649418,697,50.38,93.69,0.1826004720767947,18.5,27.0,2,809,25.716379165649418,,25.716379165649418,25.716379165649418,Y1,1.0,,-0.745734772720433,0.0,False,False,False,True,True,6,0.5042115141272505,0.5693597642690937,0.4220945224960012,0.4041194706815392
PBY71,UBP1,YDL122W,P25037,531,S,S,False,0.0,0.0690440746331977,1.160873586665727,1,102,0.6489744647327857,0.4562512843137256,2.811057,unchanged,26.357635498046875,697,54.59000000000001,93.69,0.3227476094769851,18.0,26.0,2,809,26.357635498046875,,26.357635498046875,26.357635498046875,Y1,1.0,,-0.0862439990357343,0.0,False,False,False,True,True,6,0.503573127832028,0.5019400310347855,0.5360538530948074,0.47885921780878127
PBY101,UBP1,YDL122W,P25037,638,S,S,False,0.0,0.35819814754455,0.4458766644759884,1,102,0.6779466174833443,0.5193006960784313,1.913257,unknown,51.13713455200195,697,29.56,93.69,0.6043322478560638,29.5,31.0,2,809,51.13713455200195,,51.13713455200195,51.13713455200195,S1,1.0,,-0.666009138451401,1.0,False,False,False,True,True,6,0.48623348863929916,0.41673634820389094,0.34189889779208105,0.28273991575787943
PBY275,SAT4,YCR008W,P25333,123,S,S,True,2.0,0.0064790749861562,2.188486993679399,1,102,0.914319167861326,0.7021754705882353,2.998075,unknown,52.42375564575195,449,34.19,97.31,0.6606546398762628,29.5,30.0,11,603,52.42375564575195,59.29927444458008,52.42375564575195,52.42375564575195,,1.0,,-0.0592570777671942,0.0,False,False,False,True,True,6,0.44379596363812174,0.428937045534093,0.44491265855055806,0.49416870837958954
PBY203,SAT4,YCR008W,P25333,155,S,S,True,6.0,0.0025724971806374,2.589645092536099,1,102,1.4687465074807102,1.2392994705882354,3.740359,unknown,34.08082580566406,324,31.05,77.25,0.6411026643740607,30.0,30.0,11,603,52.54200744628906,34.08082580566406,34.08082580566406,34.08082580566406,,1.0,,-0.799577959575643,0.0,False,False,False,True,True,6,0.45905089237281366,0.4176082043173538,0.34441622140828737,0.3342683177857954
PBY515,EFT2,YDR385W,P32324,466,T,T,True,7.0,2.11801315064861e-44,43.674071347705215,1,102,1.9307533420223977,1.256304637254902,12.858942,gains,19.90245819091797,32,91.56000000000002,90.56,0.1239006151222794,5.0,5.0,15,842,,19.90245819091797,19.90245819091797,19.90245819091797,S1,0.0,,-0.111424418113706,2.0,False,False,False,True,True,6,0.4822090224715242,0.6512133011078257,0.42779917144420515,0.5432015436187296
PBY662,EFT2,YDR385W,P32324,566,T,T,True,7.5,3.3751371889721396e-57,56.47170856973587,2,204,1.4637457161999368,1.0151814705882352,6.52018,gains,31.051958084106445,27,96.81000000000002,87.19000000000001,0.0397515216296971,9.0,9.0,15,842,,31.051958084106445,31.051958084106445,31.051958084106445,,0.0,,-0.0193194542289605,1.0,False,False,False,True,True,6,0.4668722418430469,0.6778719561323026,0.5394299872517088,0.6811506620163588
PBY647,EFT2,YDR385W,P32324,569,S,S,True,4.0,0.0068236741034065,2.1659817231172056,1,102,1.3322765826618943,1.032170137254902,5.010901,unknown,37.6397819519043,27,96.88,87.19000000000001,0.2855215606825192,9.5,10.0,15,842,,37.6397819519043,37.6397819519043,37.6397819519043,,0.0,,-0.762995754333331,0.0,False,False,False,True,True,6,0.46019562755879956,0.6045115707770645,0.3913397157321649,0.4718057345634321
PBY434,DBF20,YPR111W,P32328,359,T,T,False,0.0,0.237441544678512,0.6244432910844734,1,102,0.7400638867596526,0.5949884901960785,2.229002,unchanged,16.623065948486328,177,71.88,83.06,0.6236695580729998,24.5,27.0,11,564,18.988584518432617,16.623065948486328,16.623065948486328,16.623065948486328,S1,0.0,Protein kinase,-0.652582103654679,1.0,False,False,False,True,True,6,0.499487019441102,0.3792110592056304,0.4799603215442862,0.46545320408407986
PBY107,HOG1,YLR113W,P32485,174,T,T,True,26.0,1.99099863730778e-78,77.70092903721513,1,102,3.245657497931176,2.0184013333333337,13.668263,losses,10.915719985961914,144,34.81,87.56,0.6443271370968267,11.0,15.0,14,435,10.915719985961914,12.117061614990234,10.915719985961914,10.915719985961914,,,,,,False,False,False,True,True,6,0.477100404078297,0.39296356638872715,0.9868628666805866,0.9857217283160835
PBY311,HOG1,YLR113W,P32485,176,Y,Y,True,10.0,0.0001067787846697,3.971515026484728,1,100,1.4356583225348396,1.19687215,3.905932,gains,6.300754070281982,34,43.12,56.06000000000001,0.5656639924801926,16.0,16.0,14,435,7.525789260864258,6.300754070281982,6.300754070281982,6.300754070281982,Y0,0.0,Protein kinase,-0.0025419404831492,1.0,False,False,False,True,True,6,0.48457599185549166,0.38769475913185625,0.7190427872056165,0.6742815761838907
PBY572,MKK1,YOR231W,P32490,163,S,S,True,1.0,0.0187928028333063,1.7260084426636586,1,102,0.9890396210935845,0.7664817647058825,3.533783,unknown,17.494686126708984,349,29.62,88.12,0.6605391914133284,22.0,26.0,11,508,17.494686126708984,22.92413902282715,17.494686126708984,17.494686126708984,,1.0,,-0.862255579074236,0.0,False,False,False,True,True,6,0.48000100257546563,0.3963093387419451,0.3382065315005803,0.27700359269945296
PBY580,MKK1,YOR231W,P32490,180,S,S,False,0.0,0.0566922673808374,1.2464761732560885,1,102,1.2522456241186015,1.0231824215686276,2.912936,unchanged,33.567054748535156,349,31.889999999999997,88.12,0.7080491525517918,25.0,27.0,11,508,33.567054748535156,33.647186279296875,33.567054748535156,33.567054748535156,Y2,1.0,,-0.765491092915862,0.0,False,False,False,True,True,6,0.4558494311297481,0.3982082952683633,0.3222303846659581,0.2970871522282691
PBY573,MKK1,YOR231W,P32490,191,S,S,False,0.0,0.373158548260427,0.4281066051763456,1,102,0.7130427370630684,0.5487503137254901,2.367785,unchanged,34.54972839355469,250,32.06,90.69,0.6147862521068287,25.0,30.0,11,508,46.01013946533203,34.54972839355469,34.54972839355469,34.54972839355469,,1.0,,-0.947981565214684,0.0,False,False,False,True,True,6,0.4547727954284403,0.43170914606381394,0.3278637138050061,0.3216861294862115
PBY419,MKK1,YOR231W,P32490,192,S,S,True,1.0,2.95029682422946e-05,4.530134288211643,1,102,0.910121649911762,0.6824753823529411,4.574864,unknown,32.59056854248047,250,30.77,90.69,0.6947184223106444,23.5,29.0,11,508,44.50299453735352,32.59056854248047,32.59056854248047,32.59056854248047,S1,1.0,,-0.757221326736499,0.0,False,False,False,True,True,6,0.4569507076747216,0.39826281044830714,0.2614008363253647,0.2520294661742937
PBY420,MKK1,YOR231W,P32490,194,S,S,True,1.0,0.013622832537106,1.86573258204617,1,102,0.9050905128924084,0.7380047254901959,3.027584,unknown,27.681028366088867,250,32.97,90.69,0.6190360365018872,20.5,27.0,11,508,40.23448181152344,27.681028366088867,27.681028366088867,27.681028366088867,,1.0,,-0.745266339060234,0.0,False,False,False,True,True,6,0.46303433185882004,0.42771665580654156,0.3526405105708251,0.3299314881177664
PBY421,MKK1,YOR231W,P32490,195,Y,Y,True,24.0,1.0063142787545801e-15,14.997266364992443,1,102,2.2967536678989036,1.808798401960784,8.46394,gains,27.227914810180664,250,39.90999999999999,90.69,0.8654763806294763,20.0,27.0,11,508,40.62918472290039,27.227914810180664,27.227914810180664,27.227914810180664,,1.0,,-0.526899724419981,3.0,False,False,False,True,True,6,0.4636484111272924,0.3175325500530429,0.4498445835999905,0.33748614456183035
PBY423,MKK1,YOR231W,P32490,458,S,S,True,1.0,0.0024830430262202,2.6050157549165944,1,102,0.7674480395054921,0.5730723529411764,3.540663,unknown,24.66587257385254,349,96.25,88.12,0.1161315059824092,3.0,3.0,11,508,24.66587257385254,31.97722816467285,24.66587257385254,24.66587257385254,,0.0,Protein kinase,-0.0596373104595885,0.0,False,False,False,True,True,6,0.4673207814554547,0.6496449669459479,0.5974495287382309,0.6803085083146
PBY220,RPD3,YNL330C,P32561,6,T,T,False,0.0,0.207614533196671,0.6827422487705851,1,102,0.6536910969360085,0.5264787745098038,2.094626,unchanged,27.28352165222168,151,89.62,98.75,0.3577636946672743,11.0,19.0,1,433,27.28352165222168,,27.28352165222168,27.28352165222168,S1,1.0,,,0.0,False,False,False,True,True,6,0.4940314663654159,0.4146125649946253,0.5789002920299157,0.5029834480271449
PBY304,RPD3,YNL330C,P32561,385,Y,Y,False,0.0,0.485930611752796,0.3134257411992692,1,102,0.6468638371187632,0.4661372254901961,2.496572,unchanged,28.57512664794922,151,75.5,98.75,0.8056705860510213,11.0,19.0,1,433,28.57512664794922,,28.57512664794922,28.57512664794922,Y2,0.0,,-0.512144928263015,0.0,False,False,False,True,True,6,0.4929982144663893,0.26782192994422993,0.42192419520294083,0.2125579676188191
PBY252,RPD3,YNL330C,P32561,388,S,S,True,1.0,0.0009478412058263,3.0232644149930317,1,102,1.028459171986967,0.8462913137254902,3.050185,unknown,28.465673446655273,151,70.0,98.75,0.718305743173873,13.5,22.0,1,433,28.465673446655273,,28.465673446655273,28.465673446655273,S1,0.0,,-0.154671359656412,0.0,False,False,False,True,True,6,0.49308399410725023,0.28908105560204955,0.401985456359633,0.2329773116187722
PBY306,RPD3,YNL330C,P32561,408,S,S,False,0.0,0.387035671730877,0.4122490057254442,1,102,0.6296314734822749,0.4970479117647058,1.806964,unknown,32.42258071899414,151,44.72,98.75,0.2933127104634218,17.5,23.0,1,433,32.42258071899414,,32.42258071899414,32.42258071899414,Y1,1.0,,-0.569794079336508,0.0,False,False,False,True,True,6,0.4901702847659686,0.4661830160771678,0.4502977492753438,0.3632327033351402
PBY221,RPD3,YNL330C,P32561,418,S,S,True,18.0,3.76207740620068e-38,37.42457227291643,1,102,2.6034585482379655,1.6831890784313726,13.066017,,37.47762680053711,151,41.62,98.75,0.4713559679685795,22.5,27.0,1,433,37.47762680053711,,37.47762680053711,37.47762680053711,,,,,,False,False,False,True,True,6,0.48691775885851973,0.39273682255503733,0.9867948356678795,0.9791664058877612
PBY638,ELM1,YKL048C,P32801,516,S,S,False,0.0,0.150359834331953,0.8228681614681898,1,102,0.6569258913440217,0.5015411960784314,2.294852,unchanged,20.05537796020508,101,30.09,84.55999999999999,0.6326304173058598,25.0,29.0,11,640,36.474510192871094,20.05537796020508,20.05537796020508,20.05537796020508,S1,1.0,,-0.812994154670191,0.0,False,False,False,True,True,6,0.49831842354006606,0.44658710324993905,0.30446402349411694,0.2790383677018749
PBY435,ELM1,YKL048C,P32801,551,T,T,False,0.0,0.498003361577705,0.302767725694659,1,102,0.5980424526133444,0.4584455490196079,1.799127,unchanged,8.80594253540039,98,31.860000000000007,61.41,0.5811372885831101,19.5,22.0,11,640,13.576562881469728,8.80594253540039,8.80594253540039,8.80594253540039,,1.0,,-0.288111295826267,3.0,False,False,False,True,True,6,0.506639249423982,0.43880018643332896,0.5648040759441051,0.46968545774269177
PBY648,ELM1,YKL048C,P32801,580,S,S,False,0.0,0.407210643837567,0.3901808787569855,1,102,0.8038546750211344,0.6244689607843138,2.048394,unchanged,61.98612594604492,98,25.25,61.41,0.603310966755231,28.5,29.0,11,640,71.40202331542969,61.98612594604492,61.98612594604492,61.98612594604492,S1,1.0,,-0.592058696497219,0.0,False,False,False,True,True,6,0.4864274020158386,0.5342465147696283,0.3315850495092239,0.42205501374272936
PBY650,ELM1,YKL048C,P32801,581,S,S,False,0.0,0.0609038925610995,1.2153549493411533,1,102,0.9584692930352184,0.7833241960784312,2.308127,unknown,61.790863037109375,98,30.02,61.41,0.6793062146556065,28.5,29.0,11,640,71.24856567382812,61.790863037109375,61.790863037109375,61.790863037109375,Y2,1.0,,-0.47139290863434,1.0,False,False,False,True,True,6,0.48646083299018894,0.5000559310110189,0.4138405425396039,0.481355460554441
PBY486,YCR087C-A,YCR087C-A,P37263,49,T,T,False,0.0,0.249108180044325,0.6036120111636807,1,102,0.836870959710735,0.6458891666666667,3.150191,unchanged,1.3308113813400269,48,82.81000000000002,88.69000000000001,0.6281075325881083,1.0,1.0,8,153,,1.3308113813400269,1.3308113813400269,1.3308113813400269,S1,0.0,,-0.0218779158738827,0.0,False,False,False,True,True,6,0.6209708626105584,0.4311674291919367,0.43144588335059275,0.29597740431653535
PBY788,YCR087C-A,YCR087C-A,P37263,53,S,S,False,0.0,0.626272913484416,0.2032363712759181,1,102,0.6039655885343446,0.4588096960784313,1.874538,unchanged,3.604691743850708,51,73.56,83.0,0.3710206330684961,4.0,4.0,8,153,,3.604691743850708,3.604691743850708,3.604691743850708,Y1,0.0,,-0.0209276406138412,0.0,False,False,False,True,True,6,0.5826973671753859,0.5280353902839555,0.5513651085077187,0.5104727382837577
PBY786,YCR087C-A,YCR087C-A,P37263,121,Y,Y,True,24.0,1.89234520712342e-65,64.72299963544299,1,102,3.792599836716904,2.148205833333334,19.750085,gains,22.14497947692871,51,81.19000000000001,83.0,0.6152898323390954,29.0,30.0,8,153,,22.14497947692871,22.14497947692871,22.14497947692871,Y1,0.0,,-0.134649977323897,0.0,False,False,False,True,True,6,0.48782151131491264,0.33185627865001815,0.5353307663463622,0.48046763084283806
PBY789,YCR087C-A,YCR087C-A,P37263,126,T,T,False,0.0,0.177825894080998,0.7500049990593671,1,102,0.6918708642188803,0.5342817058823529,1.954155,unchanged,29.518346786499023,51,81.62,83.0,0.6485872097953888,28.0,28.0,8,153,,29.518346786499023,29.518346786499023,29.518346786499023,S1,0.0,,-0.993588201769991,0.0,False,False,False,True,True,6,0.4714392819695904,0.33829472206100336,0.30361277988329366,0.2505966771812498
PBY641,RAD55,YDR076W,P38953,2,S,S,False,0.0,0.334676995076706,0.4753741390154269,1,102,0.7877381483778507,0.608043156862745,2.504322,unchanged,45.64744567871094,49,49.97,92.19,0.7388789997769079,24.0,29.0,8,406,,45.64744567871094,45.64744567871094,45.64744567871094,,0.0,,-0.188876508474341,0.0,False,False,False,True,True,6,0.4731105037805369,0.3867485603317904,0.5510023557754803,0.5875349653813273
PBY562,RAD55,YDR076W,P38953,14,S,S,True,22.0,1.28750757244776e-56,55.89025020798571,1,102,2.994088190499169,1.970874647058824,13.395525,gains,24.08891487121582,49,64.94,92.19,0.6054027404856896,10.5,17.0,8,406,,24.08891487121582,24.08891487121582,24.08891487121582,,0.0,,-0.788980485474007,1.0,False,False,False,True,True,6,0.492733430264728,0.43789123397708873,0.4740502459354022,0.44063101666119486
PBY120,RIM15,YFL033C,P43565,1061,S,S,False,0.0,0.50466603731015,0.2969959211531635,1,102,0.6290664615055065,0.4795954705882352,2.7947,unchanged,35.971309661865234,918,26.03,84.19,0.7061001490061842,28.0,29.0,11,1770,35.971309661865234,38.27720642089844,35.971309661865234,35.971309661865234,Y1,1.0,Protein kinase,0.0,0.0,False,False,False,True,True,6,0.4820734092496422,0.4382750169455445,0.6462784257519438,0.687473344401102
PBY89,RIM15,YFL033C,P43565,1525,S,S,True,7.0,0.0016110557329802,2.792889435305742,1,102,1.583054606005886,1.292411705882353,4.632846,gains,66.47244262695312,802,27.62,70.75,0.660138202580692,28.0,30.0,11,1770,74.44063568115234,66.47244262695312,66.47244262695312,66.47244262695312,Y1,1.0,,0.0,1.0,False,False,False,True,True,6,0.4684622685111079,0.4889354847418274,0.5424029561639292,0.6575442732520105
PBY77,RIM15,YFL033C,P43565,1764,S,S,True,8.0,6.23349012109029e-65,64.20526872446102,3,306,1.096050493646023,0.7683798692810457,4.085753666666666,losses,51.48599624633789,805,46.5,65.38,0.4333225095938011,26.5,28.0,11,1770,54.75117874145508,51.48599624633789,51.48599624633789,51.48599624633789,Y1,1.0,,0.0,2.0,False,False,False,True,True,6,0.47412801592228593,0.5404022655258741,0.5588462768645954,0.6728507055687871
PBY320,PTK2,YJR059W,P47116,587,S,S,True,1.0,0.0022577171611707,2.646330465881689,1,102,0.7749988413695578,0.5912219803921568,3.044184,unknown,20.922407150268555,285,57.81,97.38,0.497293281210052,19.0,26.0,11,818,35.22651290893555,20.922407150268555,20.922407150268555,20.922407150268555,Y2,1.0,,-0.599431563436165,18.0,False,False,False,True,True,6,0.49282724279054363,0.4738753000697761,0.5457779380576468,0.510182656653814
PBY245,PTK2,YJR059W,P47116,623,S,S,False,0.0,0.301324297197692,0.5209658477045467,1,102,0.6642582380142339,0.5052250882352941,2.127749,unchanged,17.066509246826172,268,59.69,93.75,0.4181685205865484,28.0,30.0,11,818,33.97386932373047,17.066509246826172,17.066509246826172,17.066509246826172,Y2,1.0,,-0.316307448280888,0.0,False,False,False,True,True,6,0.4999401939340373,0.48539446009088827,0.42562800101505377,0.4446024890846728
PBY213,PTK2,YJR059W,P47116,726,S,S,False,0.0,0.653236796948093,0.1849293593588216,1,102,0.6811336129078795,0.5431802156862746,1.985007,unchanged,53.58572769165039,388,25.639999999999997,96.94,0.6896393385283969,28.0,29.0,11,818,53.58572769165039,58.05366897583008,53.58572769165039,53.58572769165039,S1,1.0,,-0.766213491075585,3.0,False,False,False,True,True,6,0.45953962420897587,0.46021688714374764,0.33593129330558313,0.36368748474305157
PBY255,PTK2,YJR059W,P47116,727,T,T,False,0.0,0.636058457084016,0.1965029685931667,1,102,0.6492148101514401,0.5131398725490195,2.085874,unchanged,54.481441497802734,388,20.140000000000004,96.94,0.7791032153828912,28.5,29.0,11,818,54.481441497802734,59.43221282958984,54.481441497802734,54.481441497802734,S1,1.0,,-0.820247074314362,3.0,False,False,False,True,True,6,0.45895217426021784,0.4310323804204141,0.3286027634092085,0.337589678273743
PBY215,PTK2,YJR059W,P47116,730,T,T,False,0.0,0.205108023235302,0.6880173509496882,1,102,0.7054960333876623,0.477335568627451,4.28059,unchanged,59.056915283203125,388,19.359999999999996,96.94,0.7073932214720505,29.0,29.0,11,818,59.056915283203125,65.19039916992188,59.056915283203125,59.056915283203125,S1,1.0,,-0.771589264607509,1.0,False,False,False,True,True,6,0.4560963965918825,0.4643737990920007,0.31883241070769225,0.3572421111525073
PBY268,PTK2,YJR059W,P47116,737,T,T,True,6.0,0.000417911439281,3.3789157409678334,1,102,1.5328176306472725,1.2659899411764703,3.620806,unknown,63.78716278076172,388,22.92,96.94,0.7702660613689316,29.5,30.0,11,818,63.78716278076172,72.05152893066406,63.78716278076172,63.78716278076172,S1,1.0,,,3.0,False,False,False,True,True,6,0.45337125807433376,0.4340065798470607,0.35968588619672487,0.4785359040306991
PBY321,PTK2,YJR059W,P47116,781,S,S,False,0.0,0.319642004919347,0.4953361539325545,1,102,0.6246159325306059,0.4905993725490196,1.715561,unchanged,43.50135803222656,285,31.84,97.38,0.6883051953359458,29.5,31.0,11,818,51.67735290527344,43.50135803222656,43.50135803222656,43.50135803222656,S1,1.0,,-0.257447723473969,0.0,False,False,False,True,True,6,0.46693567341082787,0.4395552345425887,0.3824182350081934,0.41711869644705557
PBY91,MRK1,YDL079C,P50873,98,S,S,False,0.0,0.0800296625385515,1.0967490143937328,1,102,1.040082766945987,0.7909049215686274,3.604109,unknown,30.462270736694336,175,30.94,61.80999999999999,0.7053644082750531,28.0,29.0,11,501,36.94215393066406,30.462270736694336,30.462270736694336,30.462270736694336,,1.0,,-0.75508908113515,14.0,False,False,False,True,True,6,0.46758992749653644,0.3974916438529926,0.7734401026383837,0.7174902393031546
PBY103,MRK1,YDL079C,P50873,323,S,S,True,1.0,0.0117473514176257,1.930060039296145,1,102,0.8855344389584024,0.6067216470588235,3.447857,unknown,10.152339935302734,289,92.69,97.56,0.2007520674524043,2.0,2.0,11,501,10.152339935302734,13.110366821289062,10.152339935302734,10.152339935302734,S1,0.0,Protein kinase,-0.263055892818296,1.0,False,False,False,True,True,6,0.4980900967404664,0.5941821429935668,0.46250558634757966,0.4805092522169911
PBY82,MRK1,YDL079C,P50873,324,Y,Y,True,1.0,0.017174181886473,1.7651239419337883,1,102,0.8514613681779177,0.6294314901960784,3.323446,unknown,8.921100616455078,289,94.0,97.56,0.6597671393736292,1.5,2.0,11,501,8.921100616455078,9.111111640930176,8.921100616455078,8.921100616455078,S1,0.0,Protein kinase,-0.0012783331917225,6.0,False,False,False,True,True,6,0.5015337258530462,0.3795618331503254,0.6326220933839328,0.47774331978233153
PBY441,PHO23,YNL097C,P50947,150,S,S,False,0.0,0.172394696024746,0.7634761000114202,1,102,1.0477541285827257,0.8413955196078433,2.611464,unchanged,34.58069610595703,307,63.62,91.94,0.5680120316994961,29.5,30.0,8,330,,34.58069610595703,31.931743621826172,31.931743621826172,S1,1.0,,-1.0,0.0,False,False,False,True,True,6,0.4914752016462344,0.4548600062908184,0.2732167185424054,0.24583019481421306
PBY725,PHO23,YNL097C,P50947,234,S,S,False,0.0,0.355669680001583,0.4489531558129548,1,102,0.6843518559628905,0.5324416764705882,1.709181,unchanged,42.65723419189453,307,43.94,91.94,0.6530335820021275,23.0,24.0,8,330,,42.65723419189453,41.86558532714844,41.86558532714844,S1,1.0,,-0.814278431776783,0.0,False,False,False,True,True,6,0.48774161968174257,0.4569927410639851,0.2958899883392842,0.27068365387904125
PBY445,PHO23,YNL097C,P50947,264,S,S,False,0.0,0.271930876236206,0.5655414778935692,1,102,0.809117273963174,0.6503011666666668,2.579803,unchanged,13.44479751586914,323,38.72,89.69,0.5705321159845074,18.5,22.0,8,330,,13.44479751586914,13.44479751586914,13.44479751586914,S1,1.0,,-0.508077518571925,0.0,False,False,False,True,True,6,0.5080244345062839,0.43088355565387165,0.33639920233040727,0.2640658738849853
PBY768,PHO23,YNL097C,P50947,267,S,S,False,0.0,0.106837964379697,0.9712743953332454,1,102,0.6891042206531962,0.5416248137254902,2.097815,unchanged,13.082221031188965,283,40.81,90.31,0.5836489747051342,14.0,19.0,8,330,,13.082221031188965,13.082221031188965,13.082221031188965,S1,1.0,,-0.770430040392139,0.0,False,False,False,True,True,6,0.5084908865595852,0.43177197743130213,0.301458461311837,0.2176134392823111
PBY116,SSK2,YNR031C,P53599,78,S,S,True,7.0,2.73064691253204e-06,5.563734452863796,1,102,1.439537522861269,1.0465621274509804,5.606641,gains,42.83266830444336,1272,26.53,81.56,0.4606656348769058,29.0,30.0,11,1579,47.790283203125,42.83266830444336,42.83266830444336,42.83266830444336,Y2,1.0,,-0.802727159007112,1.0,False,False,False,True,True,6,0.45472549131360684,0.5157383709459754,0.3278294372745762,0.4018413104325016
PBY63,SSK2,YNR031C,P53599,1424,S,S,True,1.0,0.0007051350931341,3.151727670835317,1,102,0.7429364198459051,0.518549274509804,4.248154,unknown,21.311338424682617,1277,26.72,63.90999999999999,0.7614231497324271,22.0,24.0,11,1579,23.79919052124023,21.311338424682617,21.311338424682617,21.311338424682617,S1,1.0,Protein kinase,-0.873548692410337,1.0,False,False,False,True,True,6,0.4801525792926628,0.3819530045238743,0.34607371366123324,0.2770623580321508
PBY178,SSK2,YNR031C,P53599,1460,T,T,False,0.0,0.595202749824717,0.225335071025783,1,102,0.7072168036083627,0.5584411078431373,3.13977,unknown,3.208043336868286,1390,75.38,88.25,0.2355997227397816,5.0,6.0,11,1579,3.208043336868286,8.944192886352539,3.208043336868286,3.208043336868286,Y0,0.0,Protein kinase,0.0,0.0,False,False,False,True,True,6,0.5427496200783157,0.536275611504711,0.7092270285084785,0.6763192118332346
PBY177,SSK2,YNR031C,P53599,1468,S,S,False,0.0,0.326236033074383,0.486468072415555,1,102,0.8297353955820943,0.6678871470588233,2.106455,unchanged,8.061418533325195,1390,84.5,88.25,0.2127656799064492,3.0,3.0,11,1579,8.061418533325195,15.587803840637209,8.061418533325195,8.061418533325195,S1,0.0,Protein kinase,-1.0,0.0,False,False,False,True,True,6,0.5142038889558024,0.5805284593836478,0.3677165072026565,0.33926570822631363
PBY574,SLT2,YHR030C,Q00772,190,T,T,True,28.0,3.79744107932824e-143,142.42050895587758,1,101,4.944129456771186,2.937252752475247,19.15138,losses,10.354703903198242,34,50.56,67.94000000000001,0.4590176642542389,14.0,17.0,11,484,11.70287799835205,10.354703903198242,10.354703903198242,10.354703903198242,Y0,0.0,Protein kinase,0.0,0.0,False,False,False,True,True,6,0.5080418059829949,0.48031555142887755,0.6551614128431203,0.676387144454884
PBY575,SLT2,YHR030C,Q00772,192,Y,Y,True,28.0,2.3286657935162e-137,136.63289283625994,1,100,5.328857092694493,3.2663276899999993,20.215023,losses,6.579809188842773,34,51.720000000000006,67.94000000000001,0.3096658083563702,13.5,15.0,11,484,9.109496116638184,6.579809188842773,6.579809188842773,6.579809188842773,Y0,0.0,Protein kinase,0.0,0.0,False,False,False,True,True,6,0.5148137764114237,0.5098556829347319,0.6551614128431203,0.6760237515595852
PBY425,SLT2,YHR030C,Q00772,340,S,S,False,0.0,0.436826619288754,0.3596909045112602,1,102,0.5185841833748582,0.4223864509803921,1.261911,unchanged,18.91645050048828,34,86.19,67.94000000000001,0.5633066150279683,9.0,13.0,11,484,19.338064193725582,18.91645050048828,18.91645050048828,18.91645050048828,,0.0,,-0.754596752358425,0.0,False,False,False,True,True,6,0.498508700619855,0.4700495495828543,0.49852549909106153,0.45123731675020107
PBY745,SLT2,YHR030C,Q00772,413,T,T,False,0.0,0.090268511859258,1.0444637171352475,1,102,0.816736865019843,0.5707749509803922,3.274432,unchanged,35.49823760986328,29,31.09,85.69,0.7865546347954407,29.5,31.0,11,484,48.37332534790039,35.49823760986328,35.49823760986328,35.49823760986328,,1.0,,-0.749234093492976,0.0,False,False,False,True,True,6,0.4882508989817044,0.4017736491251659,0.44878174690003636,0.4008040173717891
PBY426,SLT2,YHR030C,Q00772,414,S,S,True,12.0,2.66561261561669e-10,9.57420296487124,1,102,1.6758414224023608,1.1980094901960785,6.623302,losses,33.39409255981445,29,34.38,85.69,0.7053862980819298,29.5,31.0,11,484,44.62751388549805,33.39409255981445,33.39409255981445,33.39409255981445,,1.0,,-0.74649817469443,0.0,False,False,False,True,True,6,0.48925008411875553,0.4199392163021624,0.44913376409481165,0.4088621560172355
PBY493,SLT2,YHR030C,Q00772,416,S,S,False,0.0,0.243144191804922,0.6141361003388641,1,102,0.6719679753169336,0.4998623235294117,2.367037,unknown,31.503995895385746,29,33.47,85.69,0.7068577795441918,29.5,31.0,11,484,41.0741081237793,31.503995895385746,31.503995895385746,31.503995895385746,,1.0,,-0.337000825192999,1.0,False,False,False,True,True,6,0.49020296647848627,0.41641922146564836,0.5222770694034292,0.49964224357537035
PBY495,SLT2,YHR030C,Q00772,428,S,S,True,1.0,0.0272651644017771,1.564391879287655,1,102,0.7840107681840843,0.6018063039215688,2.78376,unknown,11.047675132751465,29,65.75,85.69,0.3010430552252228,21.0,24.0,11,484,22.088151931762695,11.047675132751465,11.047675132751465,11.047675132751465,,1.0,,-0.610171425794407,0.0,False,False,False,True,True,6,0.5070411272275946,0.48052625635493806,0.46674254865290654,0.38230359353354454
PBY427,SLT2,YHR030C,Q00772,453,T,T,False,0.0,0.405812828876238,0.3916742278248691,1,102,0.7572657186053988,0.5849565196078431,2.650987,unknown,35.658145904541016,33,32.16,63.59000000000001,0.8372856574479627,29.0,29.0,11,484,39.70124816894531,35.658145904541016,35.658145904541016,35.658145904541016,,1.0,,-0.694330432561418,0.0,False,False,False,True,True,6,0.4881774163058048,0.3957243548644708,0.4558572638295785,0.3982961959429236
PBY485,GCN5,YGR252W,Q03330,64,S,S,True,2.0,6.87636034111024e-05,4.162641373105501,1,102,0.8914438861323822,0.7158740980392158,2.767709,unknown,24.49939346313477,186,28.610000000000003,84.5,0.658112665784375,22.5,24.0,15,439,51.183780670166016,24.49939346313477,24.49939346313477,24.49939346313477,,1.0,,-0.746080604414334,0.0,False,False,False,True,True,6,0.47446928262810834,0.46023204202693446,0.4009421705231073,0.3853763128342452
PBY483,GCN5,YGR252W,Q03330,204,S,S,True,2.0,0.0106565042982829,1.9723852355480975,1,102,1.1924547702388557,0.965082343137255,3.054952,unknown,10.2855224609375,173,96.5,98.25,0.2051173003103974,2.0,2.0,15,439,10.2855224609375,17.132524490356445,10.2855224609375,10.2855224609375,Y0,0.0,N-acetyltransferase,-0.233915735755561,0.0,False,False,False,True,True,6,0.4855299412596944,0.582212695173355,0.660581508578809,0.6783609866120712
PBY579,GCN5,YGR252W,Q03330,212,Y,Y,True,3.0,0.0005451261464959,3.263502986920087,1,102,0.9082907418810582,0.663759725490196,3.385832,unknown,5.740200042724609,173,94.94,98.25,0.2249075975784689,1.0,1.0,15,439,5.740200042724609,6.418450832366943,5.740200042724609,5.740200042724609,,0.0,N-acetyltransferase,0.0,0.0,False,False,False,True,True,6,0.49252780870971763,0.5490350856088538,0.6276203585406293,0.6127854035154064
PBY359,STE20,YHL007C,Q03497,502,S,S,False,0.0,0.509414854355498,0.2929283953155382,1,102,0.6984802542743824,0.5076766960784314,3.038257,unchanged,57.28337860107422,739,33.84,91.5,0.6794981963692502,29.5,30.0,11,939,57.28337860107422,68.4420166015625,57.28337860107422,57.28337860107422,Y2,1.0,,-0.212654901548213,1.0,False,False,False,True,True,6,0.48858184632836393,0.47862250088535524,0.4559726445806388,0.5126623033084629
PBY365,STE20,YHL007C,Q03497,575,T,T,False,0.0,0.422315041205267,0.3743634504336772,1,100,0.7433928770064118,0.59246637,2.004279,unchanged,50.28120040893555,630,36.81,67.75,0.8754538163802507,24.5,28.0,11,939,57.25263977050781,50.28120040893555,50.28120040893555,50.28120040893555,S1,1.0,,-0.751755192664423,0.0,False,False,False,True,True,6,0.49078683919292887,0.40078460212170003,0.3215016770920097,0.28936714582039746
PBY303,TDA1,YMR291W,Q03533,449,S,S,False,0.0,0.589450991712011,0.2295522972929256,1,102,0.6216481121995661,0.4685493039215687,2.051413,unchanged,37.25712585449219,180,48.91,93.94,0.5429307720536172,15.0,18.0,11,586,37.25712585449219,42.33054733276367,37.25712585449219,37.25712585449219,Y2,1.0,,0.0,2.0,False,False,False,True,True,6,0.48214737081727554,0.5292781019925796,0.5087067546602164,0.5664474762835876
PBY217,TDA1,YMR291W,Q03533,513,T,T,True,2.0,0.0006689807185952,3.1745863993149603,1,102,1.0795710232217557,0.8033338921568628,4.197022,unknown,30.84992790222168,47,30.66,60.41,0.6434314178890822,25.0,25.0,11,586,44.250152587890625,30.84992790222168,30.84992790222168,30.84992790222168,Y2,1.0,,-0.0457561774013002,2.0,False,False,False,True,True,6,0.48645497168305285,0.4637349601731148,0.500572583021962,0.5333849477386614
PBY219,TDA1,YMR291W,Q03533,522,S,S,False,0.0,0.257697487877019,0.5888898150791543,1,102,0.9338388598081756,0.7194717941176472,3.350415,unchanged,26.226665496826172,49,30.639999999999997,54.28,0.6559765449266516,28.5,29.0,11,586,39.84236145019531,26.226665496826172,26.226665496826172,26.226665496826172,Y2,1.0,,0.0,2.0,False,False,False,True,True,6,0.4901431414480714,0.4289885722381738,0.5087067546602164,0.5273581903992802
PBY593,SKY1,YMR216C,Q03656,338,T,T,True,8.0,1.62587029036118e-06,5.78891410476125,1,101,1.7416111367003635,1.43213198019802,4.456054,gains,42.172176361083984,164,42.78000000000001,89.5,0.7287778965444478,22.5,25.0,11,742,57.862430572509766,42.172176361083984,42.172176361083984,42.172176361083984,,1.0,Protein kinase,-1.0,3.0,False,False,False,True,True,6,0.4719964002570826,0.45382201783931536,0.6012650202636678,0.5572994252302124
PBY741,SKY1,YMR216C,Q03656,360,S,S,False,0.0,0.163811670638429,0.7856551604918689,1,102,0.7638600319291063,0.6057235980392157,2.414988,unchanged,67.58240509033203,171,33.16,94.12,0.732421993188456,29.0,30.0,11,742,85.35830688476562,67.58240509033203,67.58240509033203,67.58240509033203,S1,1.0,Protein kinase,-0.441206835302512,0.0,False,False,False,True,True,6,0.45295772683606383,0.45552346871326205,0.5170590962674335,0.5822992750660426
PBY644,SKY1,YMR216C,Q03656,362,S,S,True,3.0,0.0002031347124307,3.692215856363973,1,102,0.9755360085548596,0.6252628333333334,5.837701,unknown,66.78852844238281,171,32.03,94.12,0.5541648641627779,29.0,30.0,11,742,84.08484649658203,66.78852844238281,66.78852844238281,66.78852844238281,S1,1.0,Protein kinase,-0.19883682388854,1.0,False,False,False,True,True,6,0.45343354310662737,0.5083230651662691,0.590347996430631,0.6938037907980283
PBY545,SKY1,YMR216C,Q03656,386,T,T,False,0.0,0.209872587594994,0.6780442828739239,1,102,0.8258802864176109,0.6282663529411765,2.856382,unchanged,8.525918960571289,164,45.5,89.5,0.4348122773406838,20.0,21.0,11,742,24.499534606933594,8.525918960571289,8.525918960571289,8.525918960571289,S1,1.0,Protein kinase,0.0,15.0,False,False,False,True,True,6,0.5347362013608448,0.47798602714029376,0.8636307360143485,0.8330214640740403
PBY779,SKY1,YMR216C,Q03656,388,S,S,True,6.0,0.0004977059585232,3.3030271598622543,1,102,1.227850332897803,0.894389931372549,5.379279,unknown,3.58735728263855,164,64.88,89.5,0.1678031247749133,18.0,21.0,11,742,18.842390060424805,3.58735728263855,3.58735728263855,3.58735728263855,Y1,1.0,Protein kinase,0.0,0.0,False,False,False,True,True,6,0.5644822000185853,0.4813120473418411,0.6748064031996759,0.5646770097234718
PBY453,SKY1,YMR216C,Q03656,396,S,S,False,0.0,0.0775247196572651,1.110559795571422,1,102,0.6593577671921204,0.5108056176470589,2.31546,unchanged,12.419663429260254,164,54.5,89.5,0.3311590515260844,14.0,15.0,11,742,20.68574905395508,12.419663429260254,12.419663429260254,12.419663429260254,S1,1.0,Protein kinase,-1.0,2.0,False,False,False,True,True,6,0.5205657357360735,0.5616214142359937,0.4452594654116158,0.3769529762451354
PBY738,SKY1,YMR216C,Q03656,410,S,S,False,0.0,0.190004378535822,0.7212363908785614,1,102,0.644774844533224,0.4834622941176471,2.638575,unchanged,26.054012298583984,164,30.889999999999997,89.5,0.6748146695045991,26.5,28.0,11,742,42.25786590576172,26.054012298583984,26.054012298583984,26.054012298583984,S1,1.0,Protein kinase,-0.153601212261166,1.0,False,False,False,True,True,6,0.491398980823207,0.43724639582989167,0.5994914777983518,0.6130270853834378
PBY737,SKY1,YMR216C,Q03656,414,S,S,False,0.0,0.590132522988244,0.2290504501549158,1,102,0.5828607541022109,0.4275826764705882,2.437382,unchanged,34.70024490356445,164,25.19,89.5,0.7566958432540226,28.5,30.0,11,742,51.58940887451172,34.70024490356445,34.70024490356445,34.70024490356445,S1,1.0,Protein kinase,-0.390792957591084,0.0,False,False,False,True,True,6,0.4798713146729153,0.4232847350950692,0.5276966292145218,0.5456617090435054
PBY592,SKY1,YMR216C,Q03656,417,S,S,False,0.0,0.245013787390774,0.610809476373191,1,102,0.8041418318119281,0.5615164117647058,4.692853,unchanged,42.53809356689453,164,29.25,89.5,0.6621534430604412,29.0,30.0,11,742,58.069454193115234,42.53809356689453,42.53809356689453,42.53809356689453,,1.0,Protein kinase,-0.626613269358972,1.0,False,False,False,True,True,6,0.47164728459545496,0.45537912585275625,0.6324098403911184,0.6423251448740859
PBY777,SKY1,YMR216C,Q03656,427,S,S,True,2.0,0.0136554214948102,1.8646948901749183,1,102,1.021302169755429,0.8047493823529412,4.075345,unknown,56.1058235168457,164,26.69,89.5,0.6210567088966763,29.5,30.0,11,742,64.01423645019531,56.1058235168457,56.1058235168457,56.1058235168457,S1,1.0,Protein kinase,-0.849530442448274,9.0,False,False,False,True,True,6,0.4604620328813951,0.4875150463392388,0.6363751794344987,0.6776505272191321
PBY590,SKY1,YMR216C,Q03656,445,S,S,True,4.0,0.0007272206838507,3.138333777263433,1,102,1.410180501624568,1.1584644313725492,3.997593,unknown,50.5717658996582,164,24.8,89.5,0.5662276881456159,29.5,30.0,11,742,54.12969207763672,50.5717658996582,50.5717658996582,50.5717658996582,S1,1.0,Protein kinase,-0.29605798138482,0.0,False,False,False,True,True,6,0.4646562652604187,0.5005312598560481,0.5475732044658943,0.6381284264868873
PBY544,SKY1,YMR216C,Q03656,449,S,S,False,0.0,0.302803611947763,0.5188389487240564,1,102,0.7332414940530755,0.6049944607843137,1.684185,unchanged,41.48918914794922,164,25.7,89.5,0.7096415143920282,29.5,30.0,11,742,49.90651321411133,41.48918914794922,41.48918914794922,41.48918914794922,S1,1.0,Protein kinase,-0.755659700148289,0.0,False,False,False,True,True,6,0.4726561757063106,0.4460391137412606,0.4505910309265544,0.46804344728616776
PBY542,SKY1,YMR216C,Q03656,453,S,S,False,0.0,0.16722352750331,0.7767026195643119,1,102,0.7897585978751578,0.6425954607843137,2.719441,unchanged,38.63372421264648,164,25.28,89.5,0.6303466618617574,29.0,29.0,11,742,51.952842712402344,38.63372421264648,38.63372421264648,38.63372421264648,S1,1.0,Protein kinase,-0.39278064639483,0.0,False,False,False,True,True,6,0.4755368723602526,0.4736002837067928,0.5272778659125705,0.5789810440356871
PBY541,SKY1,YMR216C,Q03656,455,T,T,False,0.0,0.0590655757476063,1.2286655583509674,1,102,0.8732900967043439,0.6876099215686275,2.930676,unchanged,41.63141250610352,164,23.72,89.5,0.6246391412382507,29.5,30.0,11,742,56.35098648071289,41.63141250610352,41.63141250610352,41.63141250610352,S1,1.0,Protein kinase,-1.0,0.0,False,False,False,True,True,6,0.47251789879620426,0.4740455294839516,0.40008737156277946,0.41905514388097054
PBY448,SKY1,YMR216C,Q03656,725,S,S,False,0.0,0.397137581322312,0.4010590134935856,1,102,0.6356994071186476,0.5259131568627451,1.425603,unchanged,19.486112594604492,294,98.44,98.19,0.228326089661378,2.5,3.0,11,742,19.486112594604492,29.610294342041016,19.486112594604492,19.486112594604492,,0.0,,-0.07043765450453,0.0,False,False,False,True,True,6,0.5029773076596464,0.6373517881870698,0.5788897284142094,0.6397888547100578
PBY102,MYO5,YMR109W,Q04439,349,T,T,True,4.0,0.0019317316540487,2.7140532036245406,1,102,1.0721530406639488,0.7253345000000001,4.487455,losses,45.21429443359375,131,62.81,81.06,0.3158452047095429,17.0,18.0,8,1219,,45.21429443359375,45.21429443359375,45.21429443359375,S1,0.0,,-0.0272744187552405,0.0,False,False,False,True,True,6,0.43605446911721424,0.5271059286869576,0.40250443699061134,0.49809427807041934
PBY115,MYO5,YMR109W,Q04439,359,Y,Y,True,2.0,0.0289786851672671,1.5379213234043445,1,102,0.9586271914048008,0.7086934019607845,3.954307,unknown,43.37937545776367,131,80.0,81.06,0.4329048739036666,16.0,17.0,8,1219,,43.37937545776367,43.37937545776367,43.37937545776367,Y0,0.0,,-0.0367845016485513,0.0,False,False,False,True,True,6,0.43801549915825533,0.4665335269561123,0.5860236552465315,0.6212917604493091
PBY110,MYO5,YMR109W,Q04439,777,S,S,True,5.0,1.05861802103327e-05,4.975260717213548,1,102,1.1669658036029364,0.8272493921568627,4.756743,losses,90.7554168701172,133,84.31,87.88,0.2820348387405079,27.0,27.0,8,1219,,90.7554168701172,90.7554168701172,90.7554168701172,Y0,0.0,TH1,0.0,0.0,False,False,False,True,True,6,0.4033197155119999,0.4788009287470591,0.6814024673846972,0.752111780990212
PBY73,MYO5,YMR109W,Q04439,992,S,S,True,1.0,0.0246798086350238,1.6076582121053844,1,102,0.6698465613321456,0.4558935980392157,3.148741,unknown,86.01949310302734,133,28.389999999999997,87.88,0.70657223917449,30.0,30.0,8,1219,,86.01949310302734,86.01949310302734,86.01949310302734,S1,1.0,,-0.759684928848485,1.0,False,False,False,True,True,6,0.4058135460904114,0.4159497504332152,0.295327251863316,0.30752890899200125
PBY72,MYO5,YMR109W,Q04439,1205,S,S,True,1.0,0.0122689296938253,1.9111933222232944,1,102,0.6867296540812897,0.4990489803921568,3.394274,unknown,53.57682418823242,133,45.31,87.88,0.3278759047880257,29.5,30.0,8,1219,,53.57682418823242,53.57682418823242,53.57682418823242,Y0,1.0,,,0.0,False,False,False,True,True,6,0.4280322938653697,0.4962239811654932,0.5257800665550143,0.6731218866053194
PBY547,VPS74,YDR372C,Q06385,14,S,S,True,41.0,6.23349012109029e-65,64.20526872446102,1,102,4.108753265050758,2.9586395098039224,12.48012,losses,29.593843460083008,178,31.03,95.25,0.7518476563976441,29.5,30.0,4,345,,29.593843460083008,29.593843460083008,29.593843460083008,Y0,1.0,,-0.293588148472327,0.0,False,False,False,True,True,6,0.4653736582555383,0.29649028238543307,0.5128047999258035,0.3527864608619289
PBY549,VPS74,YDR372C,Q06385,19,S,S,True,19.0,3.05238969746973e-25,24.515360020960724,1,102,2.7993596315772864,1.8396909117647056,9.92286,losses,37.99903869628906,178,28.16,95.25,0.6329821946097032,29.5,30.0,4,345,,37.99903869628906,37.99903869628906,37.99903869628906,S1,1.0,,-0.595364966352626,1.0,False,False,False,True,True,6,0.45682059337816383,0.34910481466058185,0.289047662704378,0.21279369331014034
PBY552,VPS74,YDR372C,Q06385,22,S,S,False,0.0,0.292980591768175,0.5331611481344944,1,102,0.9504560534715664,0.6781733333333334,4.168298,unchanged,36.65755081176758,178,29.75,95.25,0.6441665076765591,27.5,29.0,4,345,,36.65755081176758,36.65755081176758,36.65755081176758,S1,1.0,,-0.769447995433388,0.0,False,False,False,True,True,6,0.4580514577985671,0.3469198089344109,0.2503134178697301,0.17118550974862254
PBY521,NEW1,YPL226W,Q08972,1191,T,T,True,12.0,2.68287002039858e-31,30.571400367503635,1,102,2.1466716297177175,1.132180274509804,14.036067,gains,47.28818893432617,605,62.75,77.38,0.569875847884699,28.0,28.0,16,1196,,47.28818893432617,47.28818893432617,47.28818893432617,Y0,1.0,,-0.0159028232886209,2.0,False,False,False,True,True,6,0.46960582566708764,0.48693947762686474,0.6015721430752496,0.6340729932971025
PBY212,YGK3,YOL128C,Q12222,211,S,S,False,0.0,0.102873687799141,0.9876956913687552,1,102,1.0830028202924686,0.8950433627450981,3.171168,unknown,2.6456551551818848,173,89.12,95.5,0.1998189130925896,2.0,2.0,11,375,2.6456551551818848,7.4981160163879395,2.6456551551818848,2.6456551551818848,S1,0.0,Protein kinase,0.0,0.0,False,False,False,True,True,6,0.5580105554285372,0.5633266651236573,0.5850172449887141,0.5415555346454888
PBY38,INP53,YOR109W,Q12271,975,S,S,True,1.0,0.0289848037097265,1.5378296364031383,1,102,0.8791627149106689,0.6486227647058822,3.29486,losses,73.57141876220703,606,29.09,91.75,0.7274529259541033,29.5,31.0,3,1107,74.7259521484375,73.57141876220703,73.57141876220703,73.57141876220703,Y2,1.0,,-0.305590470343841,1.0,False,False,False,True,True,6,0.4637305163109905,0.36039847039606693,0.40759995159958856,0.34531261829075055
PBY894,ARP8,YOR141C,Q12386,235,T,T,False,0.0,0.412129837488248,0.3849659421669649,1,102,0.5724647086427267,0.4068979117647059,2.459077,unchanged,49.16253662109375,502,34.47,97.56,0.6789277618599335,28.5,31.0,4,881,,49.16253662109375,49.16253662109375,49.16253662109375,,1.0,,-0.659091894436698,0.0,False,False,False,True,True,6,0.46223506389165314,0.38211778878709585,0.43348536732153226,0.3638350894962405
PBY122,ARP8,YOR141C,Q12386,237,T,T,False,0.0,0.146499629764214,0.8341634728631963,1,102,0.688453371475719,0.5146002254901961,2.45984,unchanged,48.11997985839844,502,39.71999999999999,97.56,0.8162272696497733,28.0,30.0,4,881,,48.11997985839844,48.11997985839844,48.11997985839844,Y1,1.0,,-0.739958183836758,0.0,False,False,False,True,True,6,0.4629184733668311,0.33374201654368296,0.4314910104556545,0.3183670662936126
PBY447,RVB2,YPL235W,Q12464,11,T,T,False,0.0,0.666146455571907,0.1764302785559877,1,102,0.6897829111400365,0.4965360196078432,2.612812,unchanged,18.86264991760254,82,29.81,89.38,0.6205028326781813,19.0,23.0,8,471,,18.86264991760254,18.86264991760254,18.86264991760254,S1,1.0,,-0.336946052163344,0.0,False,False,False,True,True,6,0.49975442955269844,0.44479249112862407,0.3625466904988643,0.32347514709152125
