path,bytes,sha256
.gitignore,264,9fb31c030e3c95d815e6697393470f6825fbfe9f266ad1ce9ba30fdaca186af4
CITATION.cff,764,0a39d8937d462508940be0ab05e74aede9dbf68f22c90737e99f48a0adf55b5e
LICENSE,1146,b1f242b7f4e1a90d4b316236fadd236355adf978b8e523c56aa9c529a2e95ff5
LICENSES.md,856,3a431e2af4a1297c0fe6e64b0a0b5184fa395b2c2b051a5a780e26aaccfe1c64
NUMBERS.md,67096,44b1e49dcd3bd53089410e8e01ce2052d5ecb961ae7595a9716881fe07baa243
README.md,7034,616fe670636805fd667e88c8dacc35f70b346d60f1676c914e7540b5b89b82a3
RESULTS.md,3904,384708fa582c4bd46edf09db40195b80dff80a6547f279f3346b1c6361cd6c01
SOURCE_RETRIEVAL.md,1948,36d65e274073d3ba5f638bc6596623b21d29a6aa79ab94c4bfd0557ab1455544
THIRD_PARTY_NOTICES.md,2934,ca64f3c264834c9c79e67a184437cdaebdf86cf4e8b7446ad92bd836e2e84b60
data/af/P00359.cif,303094,7b99e487c11cd248bbbfb8a382cd4ef12cf51141265ab77353748070db0f4505
data/af/P00924.cif,393351,8294df0cf967cc55d54ad647c9f64bed11adcc5df206daf724a47d26e66bef62
data/af/P02829.cif,666616,22213f6eca670ec03cb571999cf9b8ce31b85cbc31f1b86730994551c524961c
data/af/P04050.cif,1621869,e40fb466fab2e004ff1015c4604f11f31359a71c755a3da41784b11a3ee62ff5
data/af/P06244.cif,384321,322b1ae3185e951ead9094cb21c7ee00acb194506554d5262d579ea12fbd3d1c
data/af/P06782.cif,590672,e5e38a892c01b8354210ecb4a45265d6ca8361a2968c44869bc52aff3db7450b
data/af/P08018.cif,596107,37e5710cbed6d001e9af42cf30050ef3576e94efd47f7ed30bc33b1bbe6073d4
data/af/P11792.cif,748835,41dac21656ab2c72481975c5ccd571d8aeb8c33c9c8a96fabacabad5bf8d8435
data/af/P11986.cif,493972,e3687e3d020570bb65f4d187bcd1e3fb5a6088a95ab3f07eceed94765cbc6840
data/af/P12683.cif,971241,ab4920c6a0f8bdd2a77b3012230510e453f7a6840c839e79dfa795500f17281d
data/af/P12684.cif,971435,e94408fe94e887071c3bba8001abd98a23c02f86c0c3b030af1e9017982aa669
data/af/P12688.cif,629363,4a99038bb196d5e5c1fdaac57a38ce5e7ef775bbd90bbebfecb835b1a0c96fc2
data/af/P12904.cif,307285,b790efbdfd176ab1d99b5ad3ff346eb61ac974f71d7af26c9d7016c850bd79fa
data/af/P13185.cif,1002922,6901eaf2e7881f79120a9f50ca15af77dc9d80ce54b0943519b06d6fc2bc833c
data/af/P16140.cif,479506,4dbb666ef0813fa58b3bad616d493d7b68d4b1261d9dfb9c03d20a73a34fed4c
data/af/P16387.cif,386210,496039c6d8e166a09c9d9d9f1c687c6ac476a4ab5034310497728172a25b8a03
data/af/P20449.cif,446797,4f4a059afcdb0d9f44fe15f7ec41b4407fbd23fc3c496ad7d3d59904a5b0ebf0
data/af/P20604.cif,300616,6be00cec49eae4e5239659b969a5b6c69de8e430bd7ad2650f1ce856b1d2ab8c
data/af/P21965.cif,361060,e8bba29ef5a6dab96d054a89c4d7cd328c1cfa1568602db4f2eb7162f9895970
data/af/P22082.cif,1637566,b73913cd4e04bb7e4f969acfa5df742f308c452219bf8695bdacc2bc07dc3dba
data/af/P22204.cif,542790,cd8071e34646822fac8df2b861b175281cb8415e2cf332ecd81b08e885ae1876
data/af/P23561.cif,660798,8c9dc96ab2426ed489b51c876b8b6d46d30fa00a3cd0820dcf181c9252ce4a41
data/af/P25037.cif,755614,dbfca0cf7fde40bf88eae6fbb11afee750a99e1a6ad339dbec508a76b8ec823d
data/af/P25333.cif,545728,46a8c844157cb1cb0bfc6ef80ca0ff08f43db490ff9009da2acb28e3465bf3ba
data/af/P32324.cif,765369,a3db9c9fb825658cc31398bc96cb27519eeeb67400eb1dd7d171d89c82926092
data/af/P32328.cif,541602,7f6d05e5cbe24e7500a41df584e4b8cb094cce9116de094a1e3e246427ec0d05
data/af/P32485.cif,407039,966ace1e2d78821beef235801c22caae21a8d935c4f3e266f559ba9356d1bc64
data/af/P32490.cif,467574,5959bf8940060b24389175d5d686b5d7f9399630a1343d15dc108a1fd8aa594c
data/af/P32561.cif,406951,47a4443f8a3c2600b162725aa22d6159e0a1c95041fd57c2d95345bcb2dc47e1
data/af/P32801.cif,590877,89fbb41af14cc7358779da0ac4c507c31128bbdb679250a046ac08de22d8ae10
data/af/P37263.cif,156220,3f2821645614ec8476ad350679b640d1cac4a6755cbdead7e08c481de3b5a92d
data/af/P38953.cif,385289,a80cebbfb01f40b373b7232d9ae14e305b65bf2aebc59c4f21275e44d08b74ad
data/af/P43565.cif,1645523,1123333670f4674dbbea017e0d6f3d1b0d2e8cc07b8c56912b3f979023f67561
data/af/P47116.cif,745825,ccf0ae68691c55f337edf527f674ad99c1be194f97bc918afa9f03d39069f6a6
data/af/P50873.cif,476971,4f63efe13f8d5db3905beee44c0b0a8cb4eae74b2adfce402908b6e8b1f40d3c
data/af/P50947.cif,308547,67931903ed66f034433aebc5a969cd1833da0de6f3bdf31a5ba2567588ddf408
data/af/P53599.cif,1513231,36cd6cbbb0a2aa12ab9e511f48ec422a128a6c387b2e0f7b3809b9e49be97567
data/af/Q00772.cif,459659,ea1d0f1131a8a87186005d72e3323d0e94622744a184a5f3e6d24a8389bd7139
data/af/Q03262.cif,586502,b5419d24b2c6461a0efffa83f42f1eb2c54edf4faff8072957bd8049490ce2f4
data/af/Q03330.cif,423092,6950ad267cc33211f0a07e7e18aface1ecd61e8056cdc4188217314306d239ee
data/af/Q03497.cif,829223,89c32464567c40521d7aae209ba7d894136d6c8466d57bab5f64c6fd16aa06da
data/af/Q03533.cif,542844,8aa8d5fbb67ec3acdd0652fdf25f7d99cd84c28be6ed4ea4c29c71bcf7e79eb2
data/af/Q03656.cif,678756,df83a00207f51a088a0d1b9c304afe2ee40dc393f4d0d1a0ed6bd48bdbacad39
data/af/Q04439.cif,1149235,3461a0d5709341021fe1da85e7717dbf09d802bda41b5592a6a0c0cf98b0f2f7
data/af/Q06385.cif,328566,dea536942dc36d8b04ef2f4d874fa5eb3b544e554d3189d04db1c1c835f51fd7
data/af/Q08972.cif,1129098,e58ad8466cedd4ce0cc06121fcb911acb943d9cf98ac79c9dd732eb71786733f
data/af/Q12222.cif,360891,3f81063100417b4eac15934e3266062505966a0107ff2573f2c51b4d2547d5d6
data/af/Q12271.cif,1047331,691786ce135bd565e8b5f7e935cc7128d927053a7cf1222454d987f12e5358b2
data/af/Q12386.cif,817247,0eef58557dceb00c2a2f8a7a8d633de2dcc64607d01541d8b3f2de617454305c
data/af/Q12464.cif,428954,bdea6f758d4f8941ea2a89c43a4f443e5e41c01365098ffb0b25ca9f0707a72a
data/uniprot_entries_raw.json,8636354,c65d55b77fe4151f743957a694a2623957bf1ce1355586e397b6385f94dfbb83
data/uniprot_feature_accessions.txt,749,9b41f688d5862cf904d3d9c32314e85788c89810720d228afa087d53b3fe9316
data/yeast_sgd_uniprot.tsv,3778598,5b48babf484ecc5602df8f4401f13fb0fb3501c9ad6eda473923bc6490d1ed85
manuscript/README.md,2127,8a04c9743ae6d209001447add1011b31d12673477c2012787741b5563939cd23
manuscript/figure1.pdf,43913,850cfad2ef91fa8ed4d2680542408edb3a11e81c1efcd7ff97a98b1369acbe62
manuscript/figure1.png,364047,8fffd9ccd5dda7f92c41a87c58aade58e46c8b726a1e8017fcdbae06b95b3598
manuscript/figure1_cohort_estimand_primary.pdf,49079,2306e7721b1e4d73a235909d5312a6c416ced2982a2031fe8a4bdc0a2fa97b6f
manuscript/figure1_cohort_estimand_primary.png,534267,d611336eb2b171ae61be8b2aaa526edeef2ecb55ddab677024490a8b36391258
manuscript/figure2.pdf,94210,98ffbff1f88a5f2ea6c34a45a25660619d835ae3447cce52b4afdb356ed8f711
manuscript/figure2.png,812406,22790831c9d856eed417d3a1d098910a3cfcdfe7f61d5dd87acae3a80acbc62c
manuscript/panels/build_all.sh,730,8917f9c574a0a27c2e15b5ef1d670a566c64385a501239efb7fa1931b22813aa
manuscript/panels/compose.py,2001,c86c603c55373e5cedb51530961594ac44a668770250610acfc9f14c83979f7b
manuscript/panels/out/p1a_cohort_flow.pdf,24252,63421d9a821f526c639ac27d89ec6bc4bc65d79672347bb9eb2c7039c89b83f1
manuscript/panels/out/p1a_cohort_flow.png,409920,b17ce9b5dbc53db29260c7a46817e0f00952f2c7a0f576a2c2b150d6814fd648
manuscript/panels/out/p1b_roc.pdf,20192,5fef1bba0150969fcb6461356132d9ec4941632bc5ed920e7bef89402dfa5e93
manuscript/panels/out/p1b_roc.png,142899,a4527b8eb492b7b4bd87ef27af2d8182c031462e89e0b0b5a8ff99eb15bcc7ef
manuscript/panels/out/p2a_ecdf.pdf,19240,f101c461d590d8f42be357895646518458dbada5fc09224b29cf84ef643cb148
manuscript/panels/out/p2a_ecdf.png,152554,bc6e0db10d0ca928abfd9507f5d6f7912b6f13c207fab38c4554f3242abacb3d
manuscript/panels/out/p2b_pae_scatter.pdf,22877,cfbed1daa60abd7dc368b3e4dfe5eaa8e0ce0299399cc195e7c4fa319e679ee6
manuscript/panels/out/p2b_pae_scatter.png,261812,f8abcbbc80707e6ef9c30c4e9beed42e8c556995cd97220020d5b00b4b719b4b
manuscript/panels/out/p2c_confidence_forest.pdf,22628,98f2c755553cf634326fc95926390a0505521df4f77a4115b90e1ed66c338840
manuscript/panels/out/p2c_confidence_forest.png,308525,848a832214bc04fea96e700d914a9373a61feaaaf9935f2cd272e9779b8c0fb9
manuscript/panels/out/p2d_sensitivity_forest.pdf,30194,c0391135ef9b6b4977d04fca9d6066d54d11e1d78099f5328a92b427fe2a35be
manuscript/panels/out/p2d_sensitivity_forest.png,339424,dd647b1fba846252a1826c05b9891b0af37324a95960f26447ae332fae405f76
manuscript/panels/src/__init__.py,0,e3b0c44298fc1c149afbf4c8996fb92427ae41e4649b934ca495991b7852b855
manuscript/panels/src/_style.py,7691,e0fbfdc1f5cd3add3f34ad2eaded32cf3d7a914ef00862afe34b3b5c77d2e132
manuscript/panels/src/p1a_cohort_flow.py,5978,1e0992f0f56a37732d18e07ef40cf5afe5b1d7521db0aa224191cef0e49b2139
manuscript/panels/src/p1b_roc.py,3587,4acae0d426866bdc1748f0c4477c76612648659d8d10a561a7f8df1c633c3f87
manuscript/panels/src/p2a_ecdf.py,2118,90fdab32d2af2763ad16c91be1f78453dd081ef0037bce0b27c010abb23c6190
manuscript/panels/src/p2b_pae_scatter.py,1966,baa1c78826da427d5b806a7472274d969a340aaf800a35771dcdcc30bb474d04
manuscript/panels/src/p2c_confidence_forest.py,5124,1911c7f6113e2ce60426eff4f33209e44e4251cc9dd17246b36719b218e48c16
manuscript/panels/src/p2d_sensitivity_forest.py,6391,8fb77e287f07424f648bd1b144c944fa962cab7addf5ead104b3d31c235fd232
manuscript/preprint_current.md,70958,2a6330a980b6ec62276b41164eab1facfe463b7be4fac0e0139730c76c334563
manuscript/preprint_current.pdf,1552194,880a9dbcd84e7be6f538c407cdf32ab00f91f06e521612505575bdbfe1e0e57b
manuscript/preprint_draft_v1.md,37634,0aad907fbb420b6090c6e99eb50651fb35ee67c95e1767ab6f26c846e05f7f65
manuscript/preprint_draft_v1.pdf,1482616,ba484a32af7322843d0378fd2078b0a0689849d9edf8ec29459e25bf3e729574
manuscript/rendered/contact-sheet.png,1351136,b58e44271c5307ad3aea9a80a1dafc74c8ed9c4b368cd3f3f36d76db042f3aa2
manuscript/rendered/page-01.png,444019,b3b47b74f6685a4698fa2fd9883cb6746def822e690cd4789720b703c2064cb2
manuscript/rendered/page-02.png,443577,a7e9d09979a33853f3a6064d7fcbcf205c110da778d65b8de7bb3aa3d0a8a748
manuscript/rendered/page-03.png,519773,7e17118daf01ddef6588f468f3af4a7f49d6e52a409ca273b8e775807f1911f6
manuscript/rendered/page-04.png,504724,48dd0b2e0fcc3f82018592d9e09e7f006166d6dd577c8a022c6ab53a70893545
manuscript/rendered/page-05.png,300012,487fcd6dd62506a9178e94e612e3d29a4dff41ccd7222fd72610f181614559cc
manuscript/rendered/page-06.png,440163,7871269e463db245288a8f1a9878b6162d5ed315a9008dd257a55113e4847b8d
manuscript/rendered/page-07.png,478548,8774e5aaecff684520f2d8834584205cc3cd01133bc35723493eccfec5590d36
manuscript/rendered/page-08.png,289693,aff8466223aa9c861216072e97a9915537589541ec847d64e8808404f91976ee
manuscript/rendered/page-09.png,100540,0e21efcd03fcb8c6240cff00eda671f11a4d2036e1e44bc2a1c37c863dc26069
manuscript/rendered/page-10.png,269385,b4eefd3b7d3f5a7a4e44f036b6b257a64be680c254ab14a4f30c235fd4f3168d
manuscript/rendered/page-11.png,228956,1a8ab5252269e6aa22fed05977a036250664280f95f8331a22c757eba3bfd715
manuscript/rendered/render_manifest.json,2158,4fd3d8c00026c892a6c8ed4ff8edc5c502ee25a128b9c4c1484e72f5939cfb1f
manuscript/src/build_figure1.py,9413,0bb14f9e8c16b8ee3955e04ef45e3f250a9dd0a46f7c69e4b2d6eee34cdaa74d
manuscript/src/build_preprint_pdf.py,11461,0ac11580e5df7c28184be30286f9984fed53f8faf9c94237e5aac4f9122fbabc
manuscript/src/render_preprint.py,4063,389cc6793de799bb6c83d93304430b5c8f43437d79c64dbb376c51764445daf6
release/ZENODO_METADATA_TEMPLATE.json,1124,e3241ae513f7b1e979cd5ad38951f147bfb5ab682354102ee1dc713589230763
release_metadata/cache_verification_report.json,20674,9ddd23d951f8588e09a985be65f4677adbc965753d80b6a50cfd36f9b61bad6c
release_metadata/third_party_data_manifest.csv,49769,5610a4ce010aaeae202060ae561dd34a61ed31bb0586b8a4706ea1802a1ec6d8
reproduce.sh,519,89dc79cdc23ac1c7a61a114f805678585601abc251a4ee7e7628a53dcd58c5a9
requirements-lock.txt,517,8e020c5a3b8295cc344cfdf0e980009ad8c119e50cd4e8e96629d9f6790ab12b
requirements.txt,25,c5c47ecfbac90e9ce72b9e8a547f723374dc09af7dd51685093d122c8199671f
results/analysis_all_eligible.csv,65447,249c11c9c0b7a21673bf04643b9cde3cd8624d3ec5730a88e47c6dbc3a5e07d4
results/analysis_final.csv,64369,e666827da317fd963074e91613748ba449fb7005c207bdf0b389bd8451ac4dd4
results/analysis_inclusive_sensitivity.csv,65447,249c11c9c0b7a21673bf04643b9cde3cd8624d3ec5730a88e47c6dbc3a5e07d4
results/analysis_set.csv,50427,b78a92131b3986b5655c7642f5235e148318bb7b07a3618180c0239e0e064beb
results/analysis_site_members.csv,87035,cf2552dde2b79a4f85c36237e71ac0fcd5f8839f5b9f3443f3cb9d0b11af3fdd
results/cohort_arm_cutoffs.csv,909,a6a1f972b6c3300a557959834bc5829db9743026e629547f5e48db0e0ed638f0
results/cohort_arm_descriptives.csv,537,47b2eeadd9fcfc3431caf46e56ab6cc2608e93c1cfd2e47554e0f34c742383aa
results/cohort_arm_logistic.csv,793,11dae71807cd473825f2037ae0d1c7c066d90b04982396b176a2bf1dd98bbb14
results/cohort_arm_primary_estimates.csv,554,31cc88ab1c302826ef51b20e297580115b736b07bd4f9194f1fd153460b5914c
results/cohort_arm_statistics.json,15020,57d02d5b4eae6a7d5f18b78b20ffebe491cc4e5f6e23e49710aba71d448a0401
results/cohort_disposition.csv,166747,1e510199289bfabbcb19c1bc5255978c014ad3736dec2e0f766e5f4b99ad5311
results/phospho_distance_calibration.pdf,50303,efcbeb669519cfbbc945ac26c4ba52b6d487d2c81ec7a0ff61954ffaa9129ecf
results/phospho_distance_calibration.png,827232,60b9f80a1d545257403f4ca0d8062c438b7ca6afdf72d219a8492982a4713526
results/phospho_distance_calibration_by_cohort.pdf,50303,1aabafb7b6b8c6ebad206479e8878c60af023abed496888676cc04f7482e03d1
results/phospho_distance_calibration_by_cohort.png,827232,60b9f80a1d545257403f4ca0d8062c438b7ca6afdf72d219a8492982a4713526
results/sites_validated.csv,166747,1e510199289bfabbcb19c1bc5255978c014ad3736dec2e0f766e5f4b99ad5311
results/sites_with_phenotype.csv,230147,f40f05dff690583f82628b121d3df9c783f42e4a2053ee99cc59de48a290eacb
results/statistics.json,15020,57d02d5b4eae6a7d5f18b78b20ffebe491cc4e5f6e23e49710aba71d448a0401
results/structural_features.csv,10914,4b5bedb2f147a7261d9e0a93abcaad9233d10674843dbb13f2c5ca4f2f5f7e85
results/uniprot_features.csv,23748,bbe686b7362b5d92833e4606e02f676391554f210bdcfa63dce8105224e93b9d
results/uniprot_features_core.csv,14620,cd6f1f7ae5b053a7ea6a78a34d120bdff3a35e19c7356e2e64f7518813fe1129
results/uniprot_features_detailed.csv,92643,9fa9a87a11756bf147f4e6a20853ecd1ca5aaf7966812e3da155c363ecf5e614
robustness/ANALYSIS_PROVENANCE.md,7702,78734292a87caca865a426aaa53a998e3987335f8730cbd4dd48ec5e521c0abc
robustness/CITATION.cff,372,8ef21ab061a232d7386d17041522ac50c68526ab57924a8c140005110443a717
robustness/README.md,1527,1ab9dc8745e74ebc1b45abfdadc6f942f6dd070233ab54330ad177bed056b155
robustness/RESULTS.md,5487,2ff0fba5918225a4f48b70b2bc1d4771ee184322ebe7128de92b84f42e335649
robustness/data/pae/P00359_metadata.json,2374,53e15ff793cdf2151c6bc51c79c207d214b3ff1290940f758b9381a933e492f6
robustness/data/pae/P00359_v6_pae.json.gz,18433,f7a54e233b507d1fb7f90e6699fe9aefa8616930b3e379975389150d6ac1e244
robustness/data/pae/P00924_metadata.json,2554,136e2ae668d96b96135633409d38622ecc70d84e59320f192bd80c1b421406da
robustness/data/pae/P00924_v6_pae.json.gz,30233,c0a471f2a50d96d17802db421d8035b9697274bb69c6b0ddf26ae823dbc8fffc
robustness/data/pae/P02829_metadata.json,3131,485c3cb23dce657d7e57b9bae61429d3e1aeb4658a6cfd5425e18c7b5e2f56b4
robustness/data/pae/P02829_v6_pae.json.gz,192662,3b51a4c8d005378b22a3b1fddce935f793ddfe8002aac0d3f90a575c27d2da24
robustness/data/pae/P04050_metadata.json,5184,25684a995c09f7cb25964d8fa0983502ff1655ce15485cf2301736195ec4eba0
robustness/data/pae/P04050_v6_pae.json.gz,1116489,e27a39fbfb3203b45eeb36730cb486dcb18c8fd0704c161397d8a31da2932211
robustness/data/pae/P06244_metadata.json,2502,37f5422a052372eb7a534867e70f8fc7242839964d00c6e11572f7cf934bc099
robustness/data/pae/P06244_v6_pae.json.gz,45657,46f69bd148d3fd53412170d6012d57e90db9cecc74f75413813a98f630478467
robustness/data/pae/P06782_metadata.json,2984,900722f17559ebd0639c0f7c025b6ce3b11e28694363766510ed77c235d890ce
robustness/data/pae/P06782_v6_pae.json.gz,163592,2c3b3c4455e4ac56623efa3dcee2abf4c2712214eaa94ec2d2352096b96c9b1e
robustness/data/pae/P08018_metadata.json,3029,99f7e24737a810ee73fd4dfb184106c27e8a9c3612a458b96957447d0ea7fcdf
robustness/data/pae/P08018_v6_pae.json.gz,144864,229959b9a795dc32d0aa1a18fb94ac570b6d42240699e60fc458cafc367a2b54
robustness/data/pae/P11792_metadata.json,3357,83e3c43292442c90cc9c2a3b755239c510c6dad78ab7e6010e504a095688486c
robustness/data/pae/P11792_v6_pae.json.gz,234889,96595508b0ffc96753d28f6e11b8ff8490741e1ab919065860b1dbb347220f17
robustness/data/pae/P11986_metadata.json,2768,c614592cc949dd346b1e2adadb6e32a44674e0528d37477cbe113590ce6799c3
robustness/data/pae/P11986_v6_pae.json.gz,62785,93536d16c7e7cbdca906cbb4cdb992da2cd1d83327e1665c15d7feb482539261
robustness/data/pae/P12683_metadata.json,3832,05330f0f7eb82addd686adc8ad323ab1d3a2b1a38144294a09ce64abf7a19d56
robustness/data/pae/P12683_v6_pae.json.gz,386155,d3721024eb5c1109bc1a76fe8321acb195898b4e7396fd70190818552eaa5cd7
robustness/data/pae/P12684_metadata.json,3815,b3ca9ba5bda4bcea8e1def4cb707f508b467f98bee550fbe541019a0a59fdc29
robustness/data/pae/P12684_v6_pae.json.gz,379957,cc1ece6995efd542dbd01f1bff918cac32bcb57353889cdd2561f379a04a8d7a
robustness/data/pae/P12688_metadata.json,3069,7c8ecd477fa336e6ae6c3d29ee393fedcd6b4fc55097089101394354d0f2971c
robustness/data/pae/P12688_v6_pae.json.gz,177912,871b634224e4e90ddbd246b1c66cb5ad684c920a4d5f642af879591e4fbca121
robustness/data/pae/P12904_metadata.json,2362,db0108ac854ccb4597f2c30b234036e1652674ecaa586ca4d608fe7b1aefc066
robustness/data/pae/P12904_v6_pae.json.gz,29122,142ef8ac5af508ee433cae5c657547168bddc7a2cb1160e89a72afefbe87f1e0
robustness/data/pae/P13185_metadata.json,3839,adc60ad6ce93c75f4127fc31f4d146297070be03299d61c4b3caeab387067394
robustness/data/pae/P13185_v6_pae.json.gz,377431,88644d2c087c0f0bc9eedfb5d0d32ec55bdf534a5dec7c8e07c913d7016d9903
robustness/data/pae/P16140_metadata.json,2737,741c65bbbe14d5ea666257cca62fcbb3324ee694b62bfe477d050cec44a0df7c
robustness/data/pae/P16140_v6_pae.json.gz,92231,6419ac7b74c335fce8953f26745550d72451063c19c5942acb2b4529af1dbe47
robustness/data/pae/P16387_metadata.json,2576,3a0dff5e70909087f2ab7631938ae690000cffc760675f39f4f3043a0888b0e2
robustness/data/pae/P16387_v6_pae.json.gz,41843,6f0be96e2b9b2dff8e0800a76b415fc130ba927e3b4be478e5c29214d3dd1790
robustness/data/pae/P20449_metadata.json,2667,326797ca0d62176e32a26117e5f70fb678b51a3bef50b0f21673eba638359755
robustness/data/pae/P20449_v6_pae.json.gz,72417,e1b05747d298d01b4fcd787b8e9c45aaa472bd4c4c836a65236ff72fdce83709
robustness/data/pae/P20604_metadata.json,2336,fc22664f034c730ce92d10998985bdd162bbaddd65f457dad33e67d297ef1a0c
robustness/data/pae/P20604_v6_pae.json.gz,22024,eb7dbd5e495ea0745d2c2cb7ad28725520c1a87632f31f4a97708d5a346ba7c8
robustness/data/pae/P21965_metadata.json,2441,95b0fda693e475c71c877240772e682a3f4419e5eb65d32030c299d18e6469ee
robustness/data/pae/P21965_v6_pae.json.gz,38597,4ed23d9b7e282c279fafdb847e20d93672eddb531b2893bb4120faa616e5842e
robustness/data/pae/P22082_metadata.json,5117,8fde184b0afc0b287237c44f9703aebfdbce468b810e70a63794b2f422a6f296
robustness/data/pae/P22082_v6_pae.json.gz,957254,262f3c66a54af89ce04fdf70d3d902f4c627992fee83e8472b5b9b03251bce72
robustness/data/pae/P22204_metadata.json,2847,ef7d9144e222b34133232a851eaab50f0c5c1b954b3d362935f7733f2fb7c1ec
robustness/data/pae/P22204_v6_pae.json.gz,136466,1ecd7c5bfbaecf20b2bdd6b8ce28663fb499591e0396747549f74838e0d2a066
robustness/data/pae/P23561_metadata.json,3146,5a4d55c498996abf15aab628da701cd8ff86c79a501d9bb9521dcfe0b87a4b44
robustness/data/pae/P23561_v6_pae.json.gz,192133,15cf4299a0ffd53e4c1958a247b92c0e3f8674cd032a544208016954b167fe7f
robustness/data/pae/P25037_metadata.json,3330,358429a2306538ed997083961d3e532fd3bb68601da9db1aac57f4d74de3632a
robustness/data/pae/P25037_v6_pae.json.gz,233230,68a1d3f5485a9e8956ea9364bfd5fa813da5903f4feb7cbc2a2e7b116c1fc699
robustness/data/pae/P25333_metadata.json,2920,89e6d8231068ea1e25cc23138929a354aa34880b959ab00b536edee0219f110e
robustness/data/pae/P25333_v6_pae.json.gz,123744,2eb72a575f3005f75af31e42900e122e89215791d9e3acfed71b134950822c83
robustness/data/pae/P32324_metadata.json,3375,83f344e3a2ec7a35262fac4c209f8c763f49e89dbcf3829fc3e6ddcc241e241f
robustness/data/pae/P32324_v6_pae.json.gz,247959,9958002b3fac4b9c02dc0d15f018a96d75b79e6f2bf9ab69254588d327618214
robustness/data/pae/P32328_metadata.json,2840,9246910e6234b6e1b6cc210e40ead49425dbac7bf53c7298187bf0a4412d0ab6
robustness/data/pae/P32328_v6_pae.json.gz,137497,4f97ab2c554b4552fb813388754b2cc8e45206c955a975ea1597688f814b8dba
robustness/data/pae/P32485_metadata.json,2580,d03c8e8e3140624799af9204c2d792b5b60bbccdaa83c949574f68ef7df754d3
robustness/data/pae/P32485_v6_pae.json.gz,66618,a5735867b4604c2475c9d6feaca76649e8dc1767db397708911340745b4b8a37
robustness/data/pae/P32490_metadata.json,2716,aadfc5fd74605bdec11ff266f3b9369e85bfb49a3198e180e780d263acb1d258
robustness/data/pae/P32490_v6_pae.json.gz,95674,4472d9e12bcc98c3bc128accebc711ece33f805807a58377b86cf19251e3de45
robustness/data/pae/P32561_metadata.json,2562,2487d57a5a1f1e8ac42e50a9f584a461b0db114e6db406c77fbedfb7e9c50731
robustness/data/pae/P32561_v6_pae.json.gz,47980,b12557111eb4a17da0e4339afa3c53facffbebf8e931b81059f1108bd571d78e
robustness/data/pae/P32801_metadata.json,2989,b12b971f86e5a2d7f5e35c69164bc609b84c9ec68a19d5fd24138a6435b58cce
robustness/data/pae/P32801_v6_pae.json.gz,140951,9821ea3c964d8189d3f54267b1faa1fda2e005f116a92680d753ed9cf4b66607
robustness/data/pae/P37263_metadata.json,2009,e89d25741fc76f888a17b9a21e8d6397abfa0c9432b9bd06553a18fc9716dae6
robustness/data/pae/P37263_v6_pae.json.gz,11282,91a9346924a24e52283e970f90775bb104ef6bf8be759c1ffb5776e6ecacde0e
robustness/data/pae/P38953_metadata.json,2508,4463500d41a7ab1cd6207759473e7eb48f92564d1e59f6621f70030fa25acce3
robustness/data/pae/P38953_v6_pae.json.gz,66777,d90703e904826b8cbf6f784160c67a80668f92c2efd5e6184a0d67170828cf58
robustness/data/pae/P43565_metadata.json,5253,959becdee39ab2063326b1f9d1348b30669f4dabbde28031d3539578de604d0d
robustness/data/pae/P43565_v6_pae.json.gz,1082634,f0f3f0917ed8c8817ee28dd9e13b38c8d1376f1ee0474c55cbf990ec44cd37e1
robustness/data/pae/P47116_metadata.json,3350,db6ea005d599f6f1f083f01064a7f06a837b0cd0abe66c0189bea72b4ae3c7a6
robustness/data/pae/P47116_v6_pae.json.gz,200145,14a70633445dd5a5679c41986e5ae1ca32c70d5032c11ca7345156435c90e8e6
robustness/data/pae/P50873_metadata.json,2710,6b237046f835eca409f5b7bc73b33b6e26483143444f082cf216dba3340d7d2e
robustness/data/pae/P50873_v6_pae.json.gz,92331,a38b93a03d9c4d9ad6475a51e76c19fab6985246eedc26a573b5f9f2d503c88a
robustness/data/pae/P50947_metadata.json,2374,75c3f4e684e6e4b4f2c7f23b7d4235dc39af8bf4e37c4806f4cd52f6c76f0b60
robustness/data/pae/P50947_v6_pae.json.gz,39562,a267a58599fa3b68342ab5076ecec7ae67465fc9850cdb2a4d1c6ef2f29d4beb
robustness/data/pae/P53599_metadata.json,4862,e888ed7d77178cc262602d4b1cd4c54f09fffc0dd6115da0d700b16350879c62
robustness/data/pae/P53599_v6_pae.json.gz,952060,baa06d9a818d7bf5a146f67b34a1dc0ee391049df62a85155683fc0d7cc84b71
robustness/data/pae/Q00772_metadata.json,2682,2b1fd71128b5dc398848db87b7e246bdfcef78c280861ea160f7faface1ca1b7
robustness/data/pae/Q00772_v6_pae.json.gz,82642,6f1383254f377673008a9be65ff75af4f77c950f02ff76d4fd38ad329d6ac758
robustness/data/pae/Q03262_metadata.json,2933,6f39fb89545fd3cbd268ccb561dfc2e264c966ebdae8c1d8036062a0e504ecab
robustness/data/pae/Q03262_v6_pae.json.gz,88040,d8d10e96227f2fc2fee066065cbe2e9c0e83df4a5f3c827c5d3c1d09cd668a0f
robustness/data/pae/Q03330_metadata.json,2581,24199c53210c7321652d3cacd74ba255074ea98eec64d0b90543beb638990169
robustness/data/pae/Q03330_v6_pae.json.gz,76745,ef946635fe0110867935235956dcdb3fa1708d74079a0625cc571de3766bc6c7
robustness/data/pae/Q03497_metadata.json,3589,65ce263e78864abfad33752025a96526cda46bdb2e21974cdd89f1599ef2b8b6
robustness/data/pae/Q03497_v6_pae.json.gz,274554,d0dfd04d5300e678fa07eed7d66596fccfca7763d10f961f684b25459ebe8dd6
robustness/data/pae/Q03533_metadata.json,2881,58208b8d3230ce48a827809798586d47bd4e708a2c9a4db589651a6ba6d3a40c
robustness/data/pae/Q03533_v6_pae.json.gz,130539,c4003047564a0920a5841857028128e4ad40cc6ab3df7ea12514fbbd529076b0
robustness/data/pae/Q03656_metadata.json,3192,801dbba3c6ee730c7c32636ef8f36e65de2562b7241873173edc17d0e35987c1
robustness/data/pae/Q03656_v6_pae.json.gz,176038,d58d27625ff743bac09ca392b62bff42a9a767d6077cb02e975ac20e5f690e11
robustness/data/pae/Q04439_metadata.json,4121,a6bfb7a931ccc1ff157c8c2ec7edbc03f0d1be902c4cb86d7e4e08ca10d2121d
robustness/data/pae/Q04439_v6_pae.json.gz,525911,fb4aca911aaaef0e0186d8668bdf2295185896f08db0a490b21d0fca6402fdb2
robustness/data/pae/Q06385_metadata.json,2411,f876bcd03dc003cea49a4e103b154e6b9dcc92e887073df98bee05c9b849ec02
robustness/data/pae/Q06385_v6_pae.json.gz,33343,8b5b2cdde3072353aa83b5a6d28f17f00e2bcb0319f02d4fbe7401e7faa389c1
robustness/data/pae/Q08972_metadata.json,4097,7e59bfbd45733f40e4b5021735ec786e7d4440e91433bf17a5136d816dbab199
robustness/data/pae/Q08972_v6_pae.json.gz,577863,5ba429fa1d4d2d76f028dff34af433eb54a16cbd88aaa2ac98eef9bfaa80b54a
robustness/data/pae/Q12222_metadata.json,2462,741f6840503164e80b6ea14603adf74a4835f36d8d0489b8904db7eec148ac86
robustness/data/pae/Q12222_v6_pae.json.gz,46541,100c34808fd25d783da750e912a110f9a846735fd0f12edae9e39ee206d01abc
robustness/data/pae/Q12271_metadata.json,3932,92a7baad817be15257ac04faa5662310bdb95e8fea498e425dae3b6537824bee
robustness/data/pae/Q12271_v6_pae.json.gz,447234,066292f41c57373f542b920adfd085ecf4c5eac2cfd12d38f5619aa7234846c4
robustness/data/pae/Q12386_metadata.json,3457,cd12579c62cd3eb73c7d6650c8e9a12d1665fbfb06e743b83c2a81803bf41811
robustness/data/pae/Q12386_v6_pae.json.gz,234222,5dcb1b97480e55c712b6e3b2cee8fa4029487c9959017bab81f70ffc7531d45c
robustness/data/pae/Q12464_metadata.json,2635,4f0ea9147d3015153790892c1e3ff94a28e15b74309636b3d1db64e8bc27b12a
robustness/data/pae/Q12464_v6_pae.json.gz,90473,4def2f3d05f2847e5abcba0acaab46e1f6b636ff9b87fcaf1294ae551a6566f2
robustness/requirements-lock.txt,28,468b4e1b78bed7dd45386107ca4de3bf818dfe1e0431c102fb802d93e7c25fd4
robustness/results/alphafold_pae_manifest.csv,22595,b63138bb25ab833bb1316cab2c28a9821592d9de123aa092d4537d5222579161
robustness/results/cohort_arm_cutoffs.csv,909,a6a1f972b6c3300a557959834bc5829db9743026e629547f5e48db0e0ed638f0
robustness/results/cohort_arm_descriptives.csv,537,47b2eeadd9fcfc3431caf46e56ab6cc2608e93c1cfd2e47554e0f34c742383aa
robustness/results/cohort_arm_primary_estimates.csv,312,6b8bc6edd29483a09572202d6bf8add3828f855658bbf782394de5b38fb87e4c
robustness/results/cohort_sensitivity.csv,837,33a95210c84126163e10ec251279ce8a15c4d01c1078eba0ffe09f946553e730
robustness/results/confidence_strata.csv,2716,4e4ba50d336c172e68c1991bb5c6fdef50f02afe8bd775214eae16a032309143
robustness/results/continuous_outcomes.csv,799,00a5dde6e56da4fa1671712d89e94b12193a1511ba919385a54455fc73143fa5
robustness/results/feature_definition_sensitivity.csv,538,7515d9177f1b256eebac7fb8df2974d9aafac41fc13ab2b49586385a6ddfdd78
robustness/results/feature_evidence_audit.csv,641,5a09036d52629b67b225d0c093e1477de7ab423a5d8f09d44cde89ec90cfeb54
robustness/results/logistic_fit_diagnostics.csv,2177,fb0b9254a1b7d07833a60637757a7e41ee62037f91f773140ee722132f8b4284
robustness/results/pae_column_sensitivity_at_10A.csv,1205,2b87770203add670a455b0209a0bb1c4d05ac15679f5b8f44ef2e944477f5ea0
robustness/results/pae_filter_grid_72x3.csv,17009,c82db0a73d4919d999256d1a31d743ee8882bcf61b2284822f7691cf65984c39
robustness/results/predictor_benchmark.csv,812,e9a4880242d473c3bfa2b33f8f0db1d1abce007a671c669227fdbc0c147e1605
robustness/results/regression_models.csv,1490,2383c9d3683e2027d14d7e580499f7272368a263a4099f79df757d73a8e7e429
robustness/results/replicate_aggregation_audit.csv,280,5d8095c6f2cc14703cad6c38211e5d35e87d353602276f173ae24cc6090174a1
robustness/results/residue_class_sensitivity.csv,278,0b9ab69e9848226b6289fc32ad3901b9814d0f9af79d5c972da39aee4af01c60
robustness/results/residue_mismatch_audit.csv,3926,b7362a6788095809ad5366212f6b87b0c9c65e89d150df419ffe1b19a13111f1
robustness/results/robustness_analysis.csv,127274,8437294a8a94d2cf280e4811cbd2221326da4f250728375a9a06f1f8b760b801
robustness/results/robustness_analysis_with_oof_predictions.csv,148214,c7d72a8ba0c124b74f9fa2ddfb30912795d3b238b6ea020bb558efd406defe56
robustness/results/robustness_inclusive_sensitivity_analysis.csv,132927,57f1000b4dab27c42e55bb1b94c6e21e5b6fdac3cdada3cdf8d2268da50ec428
robustness/results/robustness_primary_analysis.csv,130813,d3717dedca7040afc7368e660a1b87eb6e074688ca7ff86927eb8797356882af
robustness/results/robustness_publication_data.csv,68973,f1471105172eea4c7c79f6a6166011179e26e800493cabcde177ca7f70b6f6d9
robustness/results/robustness_robustness_summary.pdf,59917,7ce0332f9ff7fdb510dbc4685e32d5d1acaa61d5c8a56a0d64ad237eaa81f0c4
robustness/results/robustness_robustness_summary.png,679009,fdbe9bfe747f4a5f4651929e9289d77048b1c13c340387fc1deea636c5490a0b
robustness/results/robustness_statistics.json,33464,3ea01c7b0a8b8f80304e574753d24c07ee7d542975e4f4603443b07bf050d02b
robustness/results/robustness_supplement.xlsx,261846,91d90fa1a7bc04aa1d18fc1019323ff2ae5874c3fe376e7f72ae7e556e846b42
robustness/results/robustness_two_arm_robustness_summary.pdf,59917,7ce0332f9ff7fdb510dbc4685e32d5d1acaa61d5c8a56a0d64ad237eaa81f0c4
robustness/results/robustness_two_arm_robustness_summary.png,679009,fdbe9bfe747f4a5f4651929e9289d77048b1c13c340387fc1deea636c5490a0b
robustness/results/round2/audit_rr13_rr59/rr13_bootstrap_draw_audit.csv,47621,48584e5387297535c00ab4dca74680b2e156d0cf61235a3028cf069525eb9436
robustness/results/round2/audit_rr13_rr59/rr13_rr59_audit.json,9878,21dea21f8006e5af1135b50870d20bcbd6a640960f3c62cc6ed6a1d2982e10ba
robustness/results/round2/audit_rr13_rr59/rr13_rr59_audit.py,12945,93e39664c712d1407369bea3ecec6df4105c52a9268132f04f987d73bd292db6
robustness/results/round2/audit_rr13_rr59/rr59_predictor_benchmark_dual_summary.csv,1113,cf28c30378b5f7e937311d5daa8ca5dc81160838e28198be9deec7c1d9ff2b85
robustness/results/round2/notes/rr30_rr58/RR30_RR58_comparator_table.md,10089,0f635c04ce19e6ede1edf0e4d884c8fd8d84a3b39bbd6ac7f86767416c7a453e
robustness/results/round2/notes/rr30_rr58/rr30_rr58_comparator_table.csv,2490,27a590a858d2ac633c3d5e70c2ec2699fb4feb0fb925495a37f263bd25b2a108
robustness/results/round2/notes/rr30_rr58/rr30_rr58_comparator_table.json,6409,7cfd75421b16106dc2543155aff794285dde21e934ecca6b0039c39bc8f7971b
robustness/results/round2/notes/rr30_rr58/rr30_rr58_comparator_table.py,9289,f11b9560c2217ae90365659e4759dfe3710392c8ae25f453181d46324c4d99ec
robustness/results/round2/rr14/rr14_bounds.csv,489,ded2f79fbc55de58a77dc18e8d3a2a2b45083b28d54098f3404eea26412a5bdf
robustness/results/round2/rr14/rr14_missingness.csv,605,5079a5b2024b02bfbf0ddaaacbecf32b68a8a822ca2d721424b55ffe54295c46
robustness/results/round2/rr14/rr14_results.json,5937,4d388421f4c6973cc677d4dbd19e0a51037f7d4c92ef4b877853b6e41a413283
robustness/results/round2/rr14/rr14_sift_missingness_bound.py,7986,44fb333ac4e88c0ba6a6aa18ea1ec25e73d3d2401747e3b07c4587a909856cb4
robustness/results/round2/rr16_permutation_null/rr16_null_draws_unrestricted.npy,160128,f5f58f8a689c1d371d641ed336cacc368c10b76775eeeac6d6d97936e30dd2b0
robustness/results/round2/rr16_permutation_null/rr16_null_draws_within_protein.npy,160128,5efcc19be735e8d899415dfcf4669806fc36cc06caba6a0a0ae0fa93f39728f9
robustness/results/round2/rr16_permutation_null/rr16_permutation_null.csv,724,36d78eb0cd9c86f343c650955a7ee08a66879c9581f67388f8c735248f5cb027
robustness/results/round2/rr16_permutation_null/rr16_permutation_null.json,3434,f236b657904248be6c4bfb5c793efee4485c251cfd54d030b73fde3ca990b9cf
robustness/results/round2/rr16_permutation_null/rr16_permutation_null.py,6946,0320e59a3541ffa5aa54dbd7b0cf4fa0b363b88c29e09101498a92f9b130fbc7
robustness/results/round2/rr28/rr28_annotation_target_set.py,12902,be0fd16c805c9ebeb57b537490a7973cd21612ae2ecd91efdc73c9effb1b87f5
robustness/results/round2/rr28/rr28_expanded_target_residues.csv,17403,5c0a95dc3422fea3c7ec73547ca14ca319ab9929e52f06c204f424b67942270b
robustness/results/round2/rr28/rr28_experimental_only_distances.csv,6341,13a11cc2ad9a5dafbdd16afbb558113c68695dc85ad3ad100385e3a621462d74
robustness/results/round2/rr28/rr28_primary_cohort_proteins.csv,6028,16d97417d7a8b0d8006dc6645b0f2700d12bfbe8b338c56750d9a2a5a983cd31
robustness/results/round2/rr28/rr28_results.json,7685,e4f555f905d8871e9a731bd065e743ce2f4bde3a619c2ba4c444d6fb9e8eec34
robustness/results/round2/rr28/rr28_substitution_target_evidence.csv,12174,17a81a24c895a89e5e882dec59f3eed384ba9ecba40d168c7e318811b7b9a158
robustness/results/round2/rr29_sequence_adjacency/rr29_auc_sensitivity.csv,668,96996559dddd0030d20b1eb3a0d9585aaf405228b30fa3fb0067cdd924977fd1
robustness/results/round2/rr29_sequence_adjacency/rr29_cutoffs.csv,1966,06b240b3d7d4591c4daec4375110799d8f587ddb5f914948a9c4e6c1ce7291a3
robustness/results/round2/rr29_sequence_adjacency/rr29_results.json,12740,ceaafd21eb09bbbb512b1830ceab6b24e66d9283c4bf372595a62651195ab12d
robustness/results/round2/rr29_sequence_adjacency/rr29_sequence_adjacency.py,7449,0a767ea8347933b8c113878b6ed47be01eab8aa639d2cabe4a2ed33bab9f9121
robustness/results/round2/rr29_sequence_adjacency/rr29_within15A_primary.csv,2392,bb9fe73b010409a0b33f09b6b915b205b5527a22e75a6ab7040fdabfac3e9aeb
robustness/results/round2/rr43_stricter_endpoints/rr43_endpoint_results.csv,2623,7b7cd488cc1652df82032212f9c155ebcc5c41f1f02b2674a75369b0c4bab66d
robustness/results/round2/rr43_stricter_endpoints/rr43_endpoint_results.json,19008,dfb97a4863d9d3c888aee3c545bca4a6cbda94e773166f042d9b9428baa4ad3c
robustness/results/round2/rr43_stricter_endpoints/rr43_stricter_endpoints.py,12815,a30e35fd465644b0159e9dbefe76dc89230d1eccb32d1c0fbf21211f56c6dbfe
robustness/results/round2/rr44_direction_specific/rr44_direction_specific_endpoint.py,15398,220fbf319edece381410739820903090b2b251d7845f4dc955072a323863f4b4
robustness/results/round2/rr44_direction_specific/rr44_direction_specific_results.csv,1295,e218f99e78057bd555c4bbd40d3e8075331a5edcaec4c4ba09c0de768de7855f
robustness/results/round2/rr44_direction_specific/rr44_direction_specific_results.json,5936,9171d82121560e7eee1bf42d5852c275031ed7e8f12ae9778ef0243773a7f2dc
robustness/results/round2/rr44_direction_specific/rr44_primary_positive_dominance.csv,7499,88aeee7ddc9595c30a616c96dc1f7d956bf38d63205d1ff1bb50818035dc4f2a
robustness/results/sift_comparator_sensitivity.csv,798,9fa06cbf8f42a5fc5446bcf833661bbc9560bfff6d98a3fc8fdf0f19a2f97804
robustness/results/source_manifest.json,2266,ae6318fc0b5a5b1cc44985b7182c9fa05d7655d38a6bc912ab0657b02d839964
robustness/results/verification_report.json,5584,cde72be0558eb65785ba53b10dd6f3475925b65a7b3e0215df2879c57a978ccf
robustness/results/within_protein_auc.csv,615,05a71af81d4621dd3ca73e23dc18d605fd80d479b70db6c1666029a70b9ac0f1
robustness/run_all.sh,1425,4a903528d7f177d46190efe0a14fe7ed781f04c12eea868c1c7c3da010b54b06
robustness/src/01_build_robustness_dataset.py,19236,5b9c38599f2c784e7daeaa920813e61e47afb01177e2b688254d2911fce305ef
robustness/src/02_robustness_analysis.py,43385,3dd6cebd5e2ba9d588df26fd123f661823825ed5f412a7b287c7556ff25f6107
robustness/src/03_robustness_figure.py,9983,1217c2b2bfa5fa31dd78e16f617b7bacf8dcda4058072ee476a063c052729784
robustness/src/04_build_release_artifacts.py,19721,00c8ec48b889f529021244c1318e418680fb7d43baa662cf5bdd5f3044005ea6
robustness/src/04_verify_release.py,27272,ebd7f3f003480a71cd6e7a668790b65b2ce08bcd8d67711585d3b4a98e8e4cf0
run_all.sh,124,b0e788336ab77a53b91310468010bc344105d1143363e2611950d0054abcc6fe
sources.lock.json,1409,f0ddaece738d1e708442128e6c04b236d0a6f7b62d43c272dc763bcd15f1f95e
src/01_build_sites.py,17885,869ea1bc7182c93a3b3b039db94a3e4f543dee39bc88a6e8be6696908c7f260a
src/02_structures.py,7312,d11022b742891e2a2d9aa33d6f7b520bce6eef384bba432079a2f3875212adb1
src/03_analysis.py,12816,aaa91425d88e7fc4590ed78b682887b34df29ce898e405018f8afcad21eecbf5
src/04_figure.py,10737,3be108fbd6836bdbecf0cfccc47c1f229d671c3f48276fbaa4a11f5f00e3a4b1
tools/build_release.py,4705,643df75d52e7409d00ee1f7693623a273329cba6a3c8948fc8b42a2344e7f37f
tools/build_third_party_manifest.py,4839,9b8cfd85c072805abac99652b6c6492746be91c26a4baf47912dd72042aaf949
tools/fetch_sources.py,4185,dc35ded65357535ce38b7be335f958cd55919e230390b8f1dec40ea6a7e62e86
tools/release_policy.py,3379,60c3303861b9f6045c20487fc7e350e53d0887ff00006965940ebfdf7afda9ee
tools/run_clean_room.py,8040,1fbc6f47d011c5397c1b9c1ca2b22135969736151054945a805f6cbcab52078a
tools/verify_release_package.py,14612,c035021524d1efd47c34040642592c134bdcff55cd07425680d59fe4a07424ec
tools/verify_third_party_cache.py,5620,23777afc333e8c35f9edff0983be9c65f1f51dba3b409e4571b17d3ec5b7c164
