Strain ID,Gene name,Systematic name,Strain name,pmt_position,pmt_aa_wt,pmt_aa_mutant,is_point_mutant,is_gene_control,inScreening,notes,Phosphogrid_notes,source_pos,pos,position_resolution,acc,check,raw_profile_rows,raw_conditions,raw_n_q05,raw_min_q,raw_profile_available,wgs_quality_flag,scar_control_correlation_flag,cohort_disposition,eligible_raw_cohort,same_residue_within_3_positions,audit_category
PBY125,UBP1,YDL122W,UBP1 S592,592.0,S,A,True,False,True,point mutation to alanine,"PMID 19823750: 5,20 min 0.4M NaCl ratio (log2); 0.407,1.188|PMID 19823750: best predicted motif = FHA1 Rad53p.",592,592,source workbook coordinate,P25037,MISMATCH:T,102.0,102.0,0.0,0.707994956739901,True,False,False,exclude: mismatch:t at resolved coordinate,False,593,nearby_same_residue
PBY229,YHR097C,YHR097C,YHR097C S249,249.0,S,A,True,False,True,point mutation to alanine,,249,249,source workbook coordinate,P38809,MISMATCH:H,102.0,102.0,0.0,0.508914038338179,True,False,False,exclude: mismatch:h at resolved coordinate,False,,unresolved
PBY263,YGL140C,YGL140C,YGL140C S1191,1191.0,S,A,True,False,True,point mutation to alanine,,1191,1191,source workbook coordinate,P53120,MISMATCH:Y,,,,,False,False,False,exclude: mismatch:y at resolved coordinate,False,,unresolved
PBY270,PAM1,YDR251W,PAM1 S771,771.0,S,A,True,False,True,point mutation to alanine,,771,771,source workbook coordinate,P37304,MISMATCH:T,102.0,102.0,0.0,0.271628263624164,True,False,False,exclude: mismatch:t at resolved coordinate,False,,unresolved
PBY302,MSN4,YKL062W,MSN4 Y176  ,176.0,Y,A,True,False,True,point mutation to alanine,,176,176,source workbook coordinate,P33749,MISMATCH:E,102.0,102.0,1.0,0.0377361768839737,True,False,False,exclude: mismatch:e at resolved coordinate,False,,unresolved
PBY308,YHP1,YDR451C,YHP1 S297,297.0,S,A,True,False,True,point mutation to alanine,,297,297,source workbook coordinate,Q04116,MISMATCH:P,102.0,102.0,0.0,0.558268035324001,True,False,False,exclude: mismatch:p at resolved coordinate,False,,unresolved
PBY339,YHP1,YDR451C,YHP1 S221,221.0,S,A,True,False,True,point mutation to alanine,,221,221,source workbook coordinate,Q04116,MISMATCH:F,102.0,102.0,0.0,0.638547367487004,True,False,False,exclude: mismatch:f at resolved coordinate,False,,unresolved
PBY855,RCK2,YLR248W,RCK2 T516,516.0,T,A,True,False,True,point mutation to alanine,2 peptide occurrences in PMID 17330950.,516,516,source workbook coordinate,P38623,MISMATCH:S,102.0,102.0,0.0,0.161488261623078,True,False,False,exclude: mismatch:s at resolved coordinate,False,,unresolved
PBY856,STE20,YHL007C,STE20 T547,547.0,T,A,True,False,True,point mutation to alanine,"Mutation of this residue did not produce a detectable phenotype; 6 peptide occurrences in PMID 17330950|Possible PKA site PMID 19795423|AKT PMID 19823750: 5,20 min 0.4M NaCl ratio (log2); -0.1,-0.267|PMID 19823750: best predicted motif = CK1|Deletion of protein Phosphatase YLL010C/PSR1 causes Fold Change logFC 2.216 - PMID 21177495|Deletion of protein Phosphatase YDL134C/PPH21 causes Fold Change logFC 2.114 - PMID 21177495|Deletion of protein Kinase YIL035C/CKA1 causes Fold Change logFC 2.344 - PMID 21177495|Deletion of protein Kinase YIL042C/PKP1 causes Fold Change logFC 1.523 - PMID 21177495|Deletion of protein Kinase YIL095W/PRK1 causes Fold Change logFC 2.15 - PMID 21177495|Deletion of protein Kinase YOL045W/PSK2 causes Fold Change logFC 2.405 - PMID 21177495|Deletion of protein Kinase YOR061W/CKA2 causes Fold Change logFC 2.162 - PMID 21177495.",547,547,source workbook coordinate,Q03497,MISMATCH:S,102.0,102.0,0.0,0.12044900436779,True,False,False,exclude: mismatch:s at resolved coordinate,False,546,nearby_same_residue
PBY884,POR2,YIL114C,POR2 S103,103.0,S,A,True,False,True,point mutation to alanine,,103,103,source workbook coordinate,P40478,MISMATCH:T,102.0,102.0,0.0,0.232400606955275,True,False,False,exclude: mismatch:t at resolved coordinate,False,106,nearby_same_residue
