acc,pos,aa,tip_atom,tip_present,tip_dist_A,tip_nearest_feat_pos
A0AVT1,36,S,OG,True,19.258705139160156,46
A0FGR8,711,S,OG,True,45.83827590942383,464
A7MCY6,335,S,OG,True,69.22282409667969,586
A8MPS7,81,S,OG,True,15.929483413696289,134
B0I1T2,737,Y,OH,True,71.17862701416016,107
B0I1T2,1010,S,OG,True,132.52523803710938,109
B0YJ81,30,S,OG,True,42.09670639038086,210
B2RTY4,1219,S,OG,True,100.12572479248047,246
B2RTY4,2464,S,OG,True,43.337093353271484,246
O00116,82,T,OG1,True,9.22282886505127,306
O00148,171,T,OG1,True,16.104379653930664,95
O00151,130,S,OG,True,61.14865493774414,280
O00151,215,S,OG,True,37.77708435058594,280
O00151,291,T,OG1,True,3.113124132156372,289
O00178,44,S,OG,True,62.27388381958008,253
O00178,47,S,OG,True,66.95450592041016,253
O00178,580,S,OG,True,38.7527961730957,253
O00267,686,S,OG,True,41.664268493652344,579
O00267,791,T,OG1,True,58.01544952392578,579
O00267,806,T,OG1,True,70.66578674316406,579
O00308,197,S,OG,True,85.9205551147461,838
O00311,27,S,OG,True,26.191146850585938,64
O00418,462,S,OG,True,47.571624755859375,296
O00418,474,S,OG,True,19.999792098999023,296
O00560,88,S,OG,True,37.18125534057617,251
O00571,2,S,OG,True,32.1069450378418,202
O00571,86,S,OG,True,51.96022415161133,200
O00571,630,S,OG,True,63.87212371826172,224
O00746,30,S,OG,True,31.507783889770508,121
O14578,446,S,OG,True,59.8360595703125,221
O14578,480,S,OG,True,59.78891372680664,126
O14646,90,S,OG,True,27.275691986083984,508
O14646,1387,S,OG,True,37.66171646118164,506
O14646,1677,S,OG,True,45.000038146972656,513
O14646,1683,S,OG,True,56.09212112426758,513
O14646,1689,S,OG,True,52.309120178222656,513
O14646,1700,T,OG1,True,54.01642990112305,513
O14647,1753,Y,OH,True,59.09664535522461,511
O14647,1795,S,OG,True,19.035614013671875,512
O14733,35,S,OG,True,20.679576873779297,133
O14733,61,S,OG,True,54.284576416015625,133
O14744,470,S,OG,True,10.607284545898438,444
O14782,8,S,OG,True,25.65804672241211,97
O14874,35,T,OG1,True,38.73284149169922,364
O14920,11,T,OG1,True,16.191537857055664,28
O14929,361,S,OG,True,21.388139724731445,276
O14964,246,S,OG,True,18.78727912902832,215
O14976,826,S,OG,True,88.81483459472656,173
O14981,91,S,OG,True,59.1382942199707,1292
O15047,470,S,OG,True,51.36850357055664,1684
O15047,1106,T,OG1,True,94.56503295898438,1684
O15047,1153,S,OG,True,41.4906005859375,1684
O15067,1337,S,OG,True,23.065059661865234,1299
O15294,20,S,OG,True,120.40833282470703,508
O15355,537,S,OG,True,94.82377624511719,441
O15379,74,S,OG,True,13.202723503112793,17
O15530,37,T,OG1,True,38.144386291503906,161
O15550,580,S,OG,True,69.91948699951172,1226
O43143,15,S,OG,True,87.76966857910156,162
O43159,106,S,OG,True,42.22687911987305,346
O43169,11,S,OG,True,37.968910217285156,83
O43175,326,S,OG,True,19.329992294311523,155
O43175,371,S,OG,True,24.4929256439209,155
O43237,407,S,OG,True,36.430667877197266,63
O43237,446,S,OG,True,55.429622650146484,64
O43439,76,S,OG,True,20.634262084960938,527
O43439,264,S,OG,True,96.0273666381836,527
O43439,551,S,OG,True,13.496969223022461,521
O43463,391,S,OG,True,21.878692626953125,297
O43482,14,T,OG1,True,18.9498348236084,140
O43598,12,S,OG,True,21.60227394104004,29
O43598,128,S,OG,True,8.563875198364258,98
O43598,169,S,OG,True,20.598960876464844,104
O43615,185,S,OG,True,15.2608060836792,173
O43683,593,S,OG,True,59.59390640258789,793
O43683,602,S,OG,True,53.59563064575195,793
O43707,656,S,OG,True,36.064361572265625,780
O43781,369,Y,OH,True,9.882378578186035,335
O43847,86,S,OG,True,55.39329528808594,236
O43865,2,S,OG,True,77.10669708251953,321
O43896,674,S,OG,True,81.784912109375,97
O43896,915,S,OG,True,74.91453552246094,104
O60231,103,S,OG,True,62.674034118652344,429
O60232,12,S,OG,True,30.733253479003906,56
O60307,47,S,OG,True,85.16334533691406,490
O60307,50,S,OG,True,78.02794647216797,490
O60307,348,S,OG,True,47.19044876098633,396
O60307,711,S,OG,True,21.6483154296875,396
O60307,728,S,OG,True,49.3964958190918,373
O60307,754,S,OG,True,59.698280334472656,396
O60307,793,S,OG,True,35.81051254272461,490
O60307,900,S,OG,True,61.1962890625,490
O60307,1160,S,OG,True,50.33010482788086,373
O60307,1203,S,OG,True,61.28838348388672,396
O60307,1215,S,OG,True,59.48641586303711,378
O60547,14,S,OG,True,34.12548828125,31
O60547,324,Y,OH,True,15.797619819641113,157
O60551,38,S,OG,True,38.49689865112305,260
O60566,40,T,OG1,True,54.61778259277344,772
O60566,367,S,OG,True,32.123844146728516,772
O60566,633,S,OG,True,87.3736343383789,774
O60566,665,S,OG,True,81.20933532714844,772
O60573,41,S,OG,True,16.91752052307129,79
O60658,386,S,OG,True,26.20264434814453,726
O60683,130,S,OG,True,23.320064544677734,296
O60701,91,T,OG1,True,2.636578321456909,131
O60825,493,S,OG,True,25.061002731323242,158
O60832,422,S,OG,True,51.62812423706055,125
O60832,485,S,OG,True,73.28406524658203,125
O60841,135,S,OG,True,45.49280548095703,706
O60841,303,T,OG1,True,70.85560607910156,760
O60841,1168,S,OG,True,63.785255432128906,706
O60941,394,S,OG,True,37.3436164855957,284
O75037,513,S,OG,True,108.07365417480469,93
O75037,1149,S,OG,True,68.40691375732422,94
O75037,1167,S,OG,True,66.49046325683594,93
O75037,1197,S,OG,True,75.07785034179688,87
O75061,572,T,OG1,True,61.15277862548828,164
O75061,745,S,OG,True,63.73799514770508,164
O75081,459,S,OG,True,132.62472534179688,556
O75132,1053,S,OG,True,37.152957916259766,505
O75151,541,T,OG1,True,37.94434356689453,321
O75151,654,T,OG1,True,46.08798599243164,259
O75151,905,S,OG,True,60.659820556640625,251
O75208,78,S,OG,True,77.75446319580078,244
O75351,93,S,OG,True,61.20362091064453,181
O75382,7,S,OG,True,43.44275665283203,115
O75385,403,S,OG,True,74.10726928710938,27
O75385,495,S,OG,True,54.977901458740234,138
O75385,544,S,OG,True,43.82481384277344,138
O75385,605,S,OG,True,48.30429458618164,22
O75385,623,S,OG,True,50.35555648803711,24
O75385,638,S,OG,True,25.249048233032227,26
O75385,654,T,OG1,True,36.08722686767578,27
O75385,660,T,OG1,True,33.84523391723633,27
O75385,717,T,OG1,True,31.45529556274414,24
O75398,171,T,OG1,True,72.37017822265625,507
O75398,312,T,OG1,True,30.6799373626709,528
O75398,432,T,OG1,True,72.50852966308594,504
O75449,81,T,OG1,True,31.37890625,251
O75449,121,S,OG,True,67.99520111083984,249
O75478,8,S,OG,True,20.195436477661133,17
O75582,216,T,OG1,True,4.804433822631836,177
O75643,457,S,OG,True,21.997037887573242,504
O75643,2002,S,OG,True,41.0460319519043,1357
O75676,347,S,OG,True,13.785469055175781,44
O75792,18,S,OG,True,14.43395709991455,34
O75907,18,S,OG,True,33.4173469543457,390
O75925,488,S,OG,True,54.539798736572266,377
O75976,1368,T,OG1,True,62.41292190551758,139
O76031,87,S,OG,True,34.69548416137695,108
O76031,443,T,OG1,True,33.322715759277344,294
O76039,306,S,OG,True,30.537343978881836,135
O76080,72,S,OG,True,38.21862030029297,18
O94762,488,S,OG,True,45.3977165222168,411
O94782,67,S,OG,True,38.229122161865234,593
O94804,392,S,OG,True,38.58711624145508,42
O94806,252,S,OG,True,49.087284088134766,586
O94806,542,T,OG1,True,26.180265426635742,589
O94880,280,S,OG,True,51.447418212890625,498
O94880,835,S,OG,True,49.162437438964844,463
O95202,190,S,OG,True,41.68198013305664,676
O95219,22,S,OG,True,50.51860046386719,108
O95239,1016,S,OG,True,73.54578399658203,89
O95239,1038,S,OG,True,74.30000305175781,89
O95251,50,S,OG,True,6.706575870513916,483
O95251,64,S,OG,True,46.608985900878906,521
O95263,446,S,OG,True,32.797393798828125,781
O95267,491,S,OG,True,2.5610251426696777,494
O95267,694,S,OG,True,54.77132797241211,494
O95602,357,T,OG1,True,50.50160598754883,107
O95602,359,T,OG1,True,54.62995910644531,107
O95602,360,T,OG1,True,56.552764892578125,77
O95671,239,S,OG,True,50.80183792114258,525
O95819,175,S,OG,True,10.496844291687012,153
O95819,600,S,OG,True,63.315025329589844,153
O95819,771,S,OG,True,31.690673828125,38
O95835,464,S,OG,True,66.8465576171875,734
O96013,41,S,OG,True,31.298154830932617,331
O96013,148,S,OG,True,47.5733528137207,327
O96013,181,S,OG,True,27.395021438598633,396
O96013,291,S,OG,True,37.38188934326172,460
O96017,506,T,OG1,True,8.54485034942627,302
O96028,115,T,OG1,True,63.124149322509766,1115
O96028,194,S,OG,True,49.729068756103516,1193
O96028,422,T,OG1,True,32.7796630859375,1046
O96028,437,S,OG,True,34.21034622192383,1016
O96028,580,S,OG,True,44.805870056152344,1192
O96028,1214,S,OG,True,21.868003845214844,1144
P00491,176,S,OG,True,23.898069381713867,116
P00558,77,S,OG,True,9.434781074523926,122
P02795,6,S,OG,True,3.9198155403137207,5
P04040,517,S,OG,True,40.27215576171875,75
P04049,260,T,OG1,True,15.915467262268066,173
P04053,273,T,OG1,True,20.842010498046875,342
P04075,36,S,OG,True,9.722136497497559,43
P04183,13,S,OG,True,31.994138717651367,32
P04406,83,S,OG,True,7.591743469238281,80
P04406,143,S,OG,True,18.8134765625,122
P04406,237,T,OG1,True,6.558360576629639,316
P05023,653,S,OG,True,22.24913787841797,692
P05107,170,S,OG,True,8.747591018676758,136
P05556,785,S,OG,True,23.688798904418945,246
P05771,311,S,OG,True,30.016281127929688,466
P06239,94,S,OG,True,26.88616180419922,273
P06239,104,T,OG1,True,40.60668182373047,273
P06239,159,T,OG1,True,37.592811584472656,364
P06239,162,S,OG,True,40.42512130737305,364
P06239,213,S,OG,True,47.15473556518555,251
P06239,281,S,OG,True,14.464981079101562,256
P06239,394,Y,OH,True,8.668281555175781,256
P06239,414,Y,OH,True,20.117034912109375,364
P06241,21,S,OG,True,40.438026428222656,281
P06493,15,Y,OH,True,4.591116905212402,128
P06493,161,T,OG1,True,5.564102649688721,14
P06733,37,S,OG,True,6.437030792236328,372
P06733,44,Y,OH,True,11.230499267578125,318
P06733,72,T,OG1,True,23.3120059967041,372
P06733,272,S,OG,True,17.18045997619629,293
P06733,419,S,OG,True,25.729572296142578,394
P06744,109,T,OG1,True,24.133407592773438,211
P07339,37,S,OG,True,18.125757217407227,295
P07384,2,S,OG,True,46.345218658447266,598
P07437,40,S,OG,True,24.590621948242188,226
P07437,48,S,OG,True,24.448766708374023,226
P07437,50,Y,OH,True,14.087498664855957,226
P07437,78,S,OG,True,12.111233711242676,69
P07437,172,S,OG,True,5.209843635559082,204
P07437,339,S,OG,True,26.736732482910156,204
P07814,883,S,OG,True,53.12002182006836,1276
P07900,624,T,OG1,True,44.00060272216797,400
P08238,104,T,OG1,True,4.226762771606445,107
P08238,226,S,OG,True,40.11422348022461,88
P08238,307,S,OG,True,20.5819034576416,392
P08238,587,S,OG,True,63.568702697753906,392
P08238,616,T,OG1,True,43.00326156616211,392
P08559,331,S,OG,True,31.29151725769043,119
P08575,1299,S,OG,True,48.2867317199707,859
P09874,177,S,OG,True,16.57883644104004,159
P09874,519,S,OG,True,30.345516204833984,125
P09884,186,S,OG,True,59.110191345214844,1374
P09884,406,T,OG1,True,62.80965805053711,1371
P09972,45,S,OG,True,11.522623062133789,56
P0C7P0,83,S,OG,True,5.22437047958374,75
P10321,360,S,OG,True,30.163185119628906,195
P11142,113,S,OG,True,16.765722274780273,71
P11166,490,S,OG,True,36.9015007019043,282
P11172,37,Y,OH,True,29.67719268798828,372
P11387,125,Y,OH,True,47.41805648803711,723
P11388,4,S,OG,True,49.53560256958008,377
P11388,1106,S,OG,True,25.551362991333008,543
P11388,1247,S,OG,True,41.32676696777344,543
P11388,1495,S,OG,True,40.123165130615234,541
P11388,1504,S,OG,True,27.230300903320312,805
P12931,75,S,OG,True,26.406494140625,298
P12931,439,Y,OH,True,19.82605743408203,389
P12956,103,Y,OH,True,35.36374282836914,31
P12956,180,S,OG,True,44.17535400390625,31
P12956,319,S,OG,True,33.33589172363281,31
P12956,324,S,OG,True,46.99338150024414,31
P12956,455,T,OG1,True,63.20296096801758,31
P12956,550,S,OG,True,77.76561737060547,31
P12956,560,S,OG,True,87.00955200195312,31
P13051,64,S,OG,True,50.099998474121094,213
P13639,57,T,OG1,True,4.151663303375244,33
P13639,435,T,OG1,True,35.27952194213867,26
P13639,502,S,OG,True,19.004562377929688,28
P13796,124,Y,OH,True,30.917198181152344,22
P13796,290,S,OG,True,23.00653648376465,33
P13807,645,S,OG,True,17.513784408569336,582
P13807,649,S,OG,True,29.90363311767578,582
P13807,702,S,OG,True,48.54269790649414,512
P13807,706,S,OG,True,56.85585021972656,291
P13807,727,S,OG,True,72.3944320678711,205
P13861,78,S,OG,True,29.90427017211914,192
P13861,80,S,OG,True,25.10159683227539,192
P13995,22,S,OG,True,49.02617263793945,311
P14618,37,S,OG,True,22.658098220825195,70
P14618,100,S,OG,True,10.011032104492188,106
P14618,127,S,OG,True,12.878204345703125,207
P14618,437,S,OG,True,4.0316596031188965,436
P14672,488,S,OG,True,24.946304321289062,404
P16615,335,S,OG,True,18.42620849609375,702
P17252,226,S,OG,True,14.674559593200684,195
P17252,319,S,OG,True,34.93778610229492,463
P17812,200,S,OG,True,6.522456645965576,198
P17844,507,T,OG1,True,83.3049545288086,140
P17858,377,S,OG,True,10.93224811553955,166
P17980,9,S,OG,True,63.691829681396484,234
P18858,66,S,OG,True,52.48623275756836,744
P18858,76,S,OG,True,71.10670471191406,744
P18858,199,S,OG,True,54.203250885009766,744
P18858,201,S,OG,True,53.42042541503906,744
P18858,417,S,OG,True,33.28048324584961,573
P18858,801,S,OG,True,20.69725799560547,744
P18858,911,S,OG,True,24.258148193359375,720
P19174,525,S,OG,True,19.89640235900879,380
P19174,672,S,OG,True,38.351558685302734,176
P19174,771,Y,OH,True,47.4746208190918,380
P19174,775,Y,OH,True,61.373809814453125,176
P19174,1227,S,OG,True,54.79165267944336,176
P19623,147,S,OG,True,17.459524154663086,104
P19793,129,S,OG,True,13.139006614685059,135
P20340,3,T,OG1,True,39.24104690551758,68
P20340,23,S,OG,True,3.822305917739868,24
P20393,280,S,OG,True,38.112239837646484,602
P20701,1165,S,OG,True,52.46026611328125,476
P21281,51,S,OG,True,44.753814697265625,400
P21580,381,S,OG,True,13.101051330566406,404
P21580,645,S,OG,True,32.86473083496094,627
P21796,104,S,OG,True,26.131826400756836,12
P22059,338,S,OG,True,41.966392517089844,314
P22087,118,Y,OH,True,5.668310165405273,172
P22102,802,S,OG,True,30.563325881958008,820
P22314,4,S,OG,True,42.03377151489258,515
P22314,13,S,OG,True,52.4302978515625,515
P22314,24,S,OG,True,43.05016326904297,528
P22314,60,Y,OH,True,11.051338195800781,515
P22314,305,S,OG,True,35.01259994506836,515
P22314,835,S,OG,True,38.26553726196289,632
P22681,439,S,OG,True,46.67948913574219,240
P22681,486,S,OG,True,75.121826171875,294
P22681,526,S,OG,True,57.50578308105469,294
P22681,553,S,OG,True,46.394447326660156,294
P22681,626,S,OG,True,39.408226013183594,294
P22681,674,Y,OH,True,21.301401138305664,231
P22681,700,Y,OH,True,52.38262176513672,235
P23258,284,S,OG,True,39.55544662475586,142
P23458,3,Y,OH,True,143.7911376953125,888
P23634,13,S,OG,True,57.88594436645508,785
P23634,17,S,OG,True,46.44999313354492,785
P23677,94,T,OG1,True,28.361024856567383,285
P23921,119,S,OG,True,18.060850143432617,202
P24666,143,Y,OH,True,12.193084716796875,19
P24928,374,S,OG,True,19.712038040161133,493
P25205,728,S,OG,True,35.78644561767578,664
P25440,298,S,OG,True,80.8075942993164,161
P25490,184,S,OG,True,33.77717971801758,385
P26045,359,S,OG,True,33.38051986694336,886
P26358,143,S,OG,True,8.752429962158203,670
P26358,154,S,OG,True,42.80807876586914,670
P27707,11,S,OG,True,26.636232376098633,133
P27815,13,S,OG,True,45.56134796142578,642
P27815,49,S,OG,True,35.682220458984375,591
P27815,274,S,OG,True,14.41386890411377,645
P27815,279,S,OG,True,9.961949348449707,642
P27815,688,S,OG,True,22.709136962890625,642
P27824,132,S,OG,True,8.025938987731934,166
P27824,554,S,OG,True,49.390872955322266,192
P27824,562,T,OG1,True,33.50319290161133,192
P27987,55,S,OG,True,45.35602569580078,679
P27987,65,S,OG,True,56.620967864990234,766
P27987,269,S,OG,True,36.883331298828125,794
P27987,449,T,OG1,True,63.59084701538086,745
P28370,116,S,OG,True,38.487239837646484,208
P28482,187,Y,OH,True,7.374211311340332,36
P28482,360,S,OG,True,25.384939193725586,54
P28838,238,S,OG,True,20.53736114501953,282
P29375,1438,S,OG,True,67.46820068359375,409
P29375,1598,S,OG,True,39.95800018310547,493
P29401,105,S,OG,True,10.198280334472656,110
P29401,287,T,OG1,True,23.29073143005371,75
P29401,295,S,OG,True,29.69180679321289,110
P29401,308,S,OG,True,14.156393051147461,318
P29590,8,S,OG,True,56.002540588378906,91
P29590,48,S,OG,True,17.51097869873047,57
P29590,583,S,OG,True,65.66683197021484,91
P29590,867,T,OG1,True,67.87730407714844,60
P29597,292,Y,OH,True,34.23484420776367,930
P29728,468,S,OG,True,8.428874015808105,481
P30041,177,T,OG1,True,17.145971298217773,140
P30044,97,T,OG1,True,2.969552516937256,100
P30044,182,S,OG,True,12.764192581176758,100
P30291,127,S,OG,True,40.706146240234375,305
P30291,139,S,OG,True,27.262182235717773,305
P30291,187,T,OG1,True,6.409782409667969,309
P30291,190,T,OG1,True,8.635639190673828,309
P30291,204,S,OG,True,32.61301040649414,342
P30305,58,T,OG1,True,45.510536193847656,487
P30305,91,S,OG,True,71.67269897460938,487
P30305,151,S,OG,True,47.58073425292969,487
P30305,249,S,OG,True,52.34336471557617,487
P30305,353,S,OG,True,82.59689331054688,487
P30307,216,S,OG,True,36.94343185424805,377
P30419,47,S,OG,True,43.94639205932617,256
P30519,2,S,OG,True,65.35960388183594,203
P31040,177,S,OG,True,13.595396995544434,340
P31321,3,S,OG,True,34.0262451171875,260
P31321,85,T,OG1,True,34.3652458190918,212
P31323,69,T,OG1,True,44.379417419433594,231
P31323,114,S,OG,True,10.277854919433594,228
P31350,20,S,OG,True,45.70232009887695,169
P31350,26,S,OG,True,39.077667236328125,169
P31350,33,T,OG1,True,28.328393936157227,169
P31689,335,S,OG,True,85.35401153564453,134
P31749,126,S,OG,True,39.790470123291016,86
P31749,477,S,OG,True,20.355724334716797,179
P31749,479,T,OG1,True,19.778850555419922,179
P31751,309,T,OG1,True,12.034716606140137,275
P31751,474,S,OG,True,13.227499961853027,181
P31939,387,S,OG,True,16.28290557861328,588
P32942,441,S,OG,True,161.81053161621094,66
P33316,88,S,OG,True,49.237579345703125,192
P33527,289,S,OG,True,49.89682388305664,653
P33981,321,S,OG,True,59.21455383300781,647
P33981,821,S,OG,True,15.474172592163086,531
P33991,110,T,OG1,True,76.68151092529297,517
P33991,131,S,OG,True,70.64765167236328,517
P33991,142,S,OG,True,76.459716796875,517
P33992,483,S,OG,True,11.456207275390625,371
P33993,156,S,OG,True,36.48231887817383,388
P35236,143,S,OG,True,21.08283805847168,292
P35251,156,S,OG,True,68.0303955078125,650
P35251,518,S,OG,True,70.0220947265625,655
P35269,156,T,OG1,True,44.33472442626953,512
P35269,389,T,OG1,True,47.54610061645508,512
P35269,436,S,OG,True,43.03275680541992,517
P35269,437,T,OG1,True,40.87996292114258,517
P35269,445,T,OG1,True,15.616534233093262,517
P35270,243,S,OG,True,11.248089790344238,257
P35520,23,S,OG,True,37.21875,65
P35573,584,Y,OH,True,20.391735076904297,627
P35579,630,T,OG1,True,46.27598190307617,176
P35610,36,T,OG1,True,64.54749298095703,460
P35626,670,S,OG,True,68.2923812866211,220
P36871,115,T,OG1,True,2.868492364883423,117
P36871,117,S,OG,True,2.672071933746338,288
P36915,48,T,OG1,True,28.063255310058594,370
P37837,237,S,OG,True,3.2705681324005127,239
P38646,200,S,OG,True,20.900888442993164,63
P38919,84,S,OG,True,3.8904099464416504,367
P38935,677,S,OG,True,58.78504180908203,403
P38935,716,S,OG,True,54.19584274291992,403
P40306,22,S,OG,True,31.99190902709961,40
P40818,641,S,OG,True,41.754947662353516,786
P41226,24,S,OG,True,20.557714462280273,442
P41250,54,S,OG,True,29.790712356567383,458
P41250,386,S,OG,True,17.47429847717285,457
P41440,485,S,OG,True,59.87525939941406,393
P42345,1262,T,OG1,True,44.99352264404297,2245
P42345,2454,S,OG,True,42.540687561035156,2357
P42566,108,S,OG,True,26.292797088623047,236
P42566,221,S,OG,True,20.973222732543945,236
P42566,681,S,OG,True,31.696380615234375,247
P42566,796,S,OG,True,90.65702819824219,238
P42684,783,S,OG,True,16.542461395263672,409
P42684,817,S,OG,True,57.79307174682617,298
P42684,866,S,OG,True,63.986270904541016,362
P42684,1054,S,OG,True,56.92858123779297,294
P43403,106,S,OG,True,35.208282470703125,461
P43403,167,S,OG,True,55.151771545410156,352
P43403,292,Y,OH,True,6.675954818725586,345
P43403,301,S,OG,True,21.853330612182617,352
P43403,315,Y,OH,True,22.217792510986328,461
P43403,397,Y,OH,True,19.706880569458008,461
P43686,28,S,OG,True,103.52119445800781,213
P43686,117,S,OG,True,49.524532318115234,213
P45985,20,T,OG1,True,66.55532836914062,229
P45985,26,S,OG,True,61.80400085449219,229
P45985,80,S,OG,True,17.402780532836914,131
P45985,394,S,OG,True,13.816434860229492,108
P46087,58,S,OG,True,30.0443172454834,517
P46087,67,S,OG,True,55.036197662353516,517
P46087,181,S,OG,True,46.2943000793457,395
P46087,603,T,OG1,True,40.766693115234375,443
P46087,646,S,OG,True,47.66263198852539,443
P46100,60,S,OG,True,79.46256256103516,1596
P46100,598,S,OG,True,53.05360412597656,1595
P46100,677,S,OG,True,57.119964599609375,1601
P46100,876,S,OG,True,52.05445098876953,1601
P46100,1348,S,OG,True,73.23489379882812,1594
P46100,1996,S,OG,True,38.63996505737305,1596
P46531,1861,T,OG1,True,50.04694747924805,508
P46531,1941,S,OG,True,47.277950286865234,508
P46531,2121,S,OG,True,61.55160903930664,452
P46531,2141,S,OG,True,58.464752197265625,435
P48454,483,S,OG,True,16.761899948120117,146
P48637,415,S,OG,True,11.531452178955078,215
P48643,180,S,OG,True,10.662784576416016,175
P48643,349,T,OG1,True,43.184329986572266,104
P48730,331,S,OG,True,78.80571746826172,15
P48730,347,T,OG1,True,61.349891662597656,15
P48730,356,S,OG,True,35.84718704223633,15
P48730,384,S,OG,True,5.9644775390625,17
P48730,398,S,OG,True,36.28837585449219,20
P48735,423,S,OG,True,14.662222862243652,353
P48736,595,S,OG,True,25.46516990661621,969
P49137,67,S,OG,True,9.800000190734863,70
P49356,436,T,OG1,True,59.75934600830078,302
P49368,170,S,OG,True,12.280264854431152,163
P49368,252,S,OG,True,52.074119567871094,95
P49585,343,S,OG,True,70.36528778076172,200
P49590,67,S,OG,True,18.297161102294922,174
P49593,454,S,OG,True,47.74544906616211,360
P49674,363,S,OG,True,36.108497619628906,15
P49736,139,S,OG,True,93.46314239501953,530
P49736,170,S,OG,True,63.63508987426758,531
P49736,381,S,OG,True,20.16429328918457,530
P49759,138,T,OG1,True,19.01230812072754,174
P49759,140,S,OG,True,15.11257553100586,174
P49760,142,S,OG,True,15.28139877319336,176
P49773,45,S,OG,True,4.622403144836426,44
P49790,257,S,OG,True,26.13199234008789,681
P49790,297,S,OG,True,21.23149871826172,802
P49790,334,S,OG,True,39.77446365356445,667
P49790,516,S,OG,True,60.84971237182617,681
P49790,648,S,OG,True,21.012353897094727,664
P49790,699,T,OG1,True,40.94841384887695,728
P49840,85,S,OG,True,23.028228759765625,125
P49841,390,T,OG1,True,35.88556671142578,181
P49903,392,S,OG,True,57.803977966308594,265
P49916,210,S,OG,True,55.82688903808594,528
P49916,227,S,OG,True,29.543006896972656,513
P49916,854,S,OG,True,44.992591857910156,105
P49959,670,S,OG,True,59.55420684814453,217
P50990,150,S,OG,True,11.231099128723145,499
P50990,381,T,OG1,True,12.84887981414795,171
P50990,537,S,OG,True,42.05451965332031,102
P50991,9,S,OG,True,52.448787689208984,106
P50991,39,S,OG,True,17.667369842529297,107
P51003,545,S,OG,True,31.59198760986328,167
P51003,552,S,OG,True,36.670745849609375,109
P51532,1358,T,OG1,True,45.00510787963867,781
P51532,1452,S,OG,True,51.296016693115234,781
P51532,1627,S,OG,True,55.049598693847656,785
P51532,1631,S,OG,True,51.81593322753906,779
P51812,365,T,OG1,True,8.905733108520508,81
P51812,415,S,OG,True,14.705446243286133,74
P51828,269,S,OG,True,20.101062774658203,931
P51858,83,S,OG,True,5.368361473083496,79
P51858,132,S,OG,True,43.18861389160156,80
P51957,340,S,OG,True,52.85084915161133,35
P52209,129,S,OG,True,3.0955748558044434,130
P52333,17,S,OG,True,67.57316589355469,855
P52333,785,Y,OH,True,47.657127380371094,828
P52701,43,S,OG,True,68.3864974975586,1138
P52701,65,S,OG,True,84.6897201538086,1141
P52701,137,S,OG,True,30.562671661376953,1137
P52888,529,S,OG,True,25.50410270690918,473
P52948,546,T,OG1,True,63.27941131591797,881
P52948,625,S,OG,True,25.862836837768555,881
P52948,1028,S,OG,True,57.046730041503906,881
P52948,1060,S,OG,True,89.33154296875,881
P52948,1070,T,OG1,True,100.47146606445312,881
P53384,41,T,OG1,True,17.80695343017578,31
P53396,447,T,OG1,True,34.78049087524414,346
P53396,455,S,OG,True,46.567222595214844,346
P53396,481,S,OG,True,34.26570129394531,782
P53602,96,S,OG,True,22.791568756103516,160
P53602,222,S,OG,True,7.14270544052124,24
P53985,467,S,OG,True,50.44841003417969,313
P53985,498,S,OG,True,74.87491607666016,313
P54132,443,S,OG,True,74.52259826660156,695
P54132,464,S,OG,True,73.6268310546875,671
P54577,224,S,OG,True,14.856719017028809,188
P55010,149,S,OG,True,29.49995231628418,34
P55011,77,S,OG,True,31.0023250579834,372
P55011,123,S,OG,True,53.40414810180664,686
P55072,805,Y,OH,True,35.45265197753906,524
P55198,382,S,OG,True,59.42720413208008,35
P55198,423,S,OG,True,75.45087432861328,11
P55265,35,S,OG,True,46.10009765625,910
P55265,605,S,OG,True,62.4169807434082,966
P55265,808,T,OG1,True,42.97908401489258,912
P56192,209,S,OG,True,36.19934844970703,596
P56524,197,S,OG,True,64.94598388671875,667
P56524,246,S,OG,True,38.659053802490234,675
P56524,467,S,OG,True,13.461167335510254,803
P56524,565,S,OG,True,60.243038177490234,803
P57768,109,T,OG1,True,15.806116104125977,184
P61020,125,S,OG,True,19.624893188476562,75
P61026,188,S,OG,True,55.15471267700195,64
P61204,64,T,OG1,True,10.045919418334961,67
P62070,10,S,OG,True,21.64679718017578,68
P62191,439,Y,OH,True,15.497171401977539,227
P62820,195,T,OG1,True,13.00975227355957,43
P68363,340,S,OG,True,23.99131965637207,206
P68371,55,T,OG1,True,28.826969146728516,69
P78317,94,S,OG,True,31.967071533203125,135
P78317,112,T,OG1,True,37.53428649902344,135
P78362,380,S,OG,True,23.99701690673828,110
P78368,33,S,OG,True,28.274168014526367,59
P78368,359,S,OG,True,52.58332824707031,52
P78371,5,S,OG,True,53.66014099121094,99
P78371,260,S,OG,True,66.67648315429688,99
P80297,8,S,OG,True,4.820579528808594,7
P81274,565,S,OG,True,20.100631713867188,608
P84022,3,S,OG,True,36.61054229736328,121
P84022,416,S,OG,True,52.65083312988281,126
P84095,180,T,OG1,True,23.382413864135742,16
P98174,365,S,OG,True,64.83365631103516,753
Q00403,82,T,OG1,True,16.450197219848633,61
Q00403,108,S,OG,True,15.392003059387207,152
Q00534,223,S,OG,True,17.418699264526367,145
Q00536,90,S,OG,True,57.98521423339844,194
Q00839,4,S,OG,True,53.99173355102539,511
Q00839,59,S,OG,True,74.5760498046875,506
Q00839,66,S,OG,True,81.05133056640625,506
Q01167,252,S,OG,True,27.915515899658203,316
Q01167,398,S,OG,True,43.3521842956543,313
Q01581,476,T,OG1,True,34.77130889892578,343
Q01780,13,S,OG,True,64.949951171875,315
Q01780,866,S,OG,True,55.9010124206543,315
Q01804,1024,S,OG,True,45.205291748046875,42
Q01826,38,S,OG,True,44.28305435180664,410
Q01970,537,S,OG,True,64.29240417480469,362
Q01970,632,S,OG,True,24.328500747680664,332
Q01970,926,S,OG,True,42.12489318847656,379
Q02241,867,S,OG,True,24.305076599121094,114
Q02779,589,S,OG,True,48.4592170715332,222
Q02880,1336,S,OG,True,33.307430267333984,141
Q02880,1342,S,OG,True,33.22474670410156,171
Q02880,1550,S,OG,True,54.750858306884766,826
Q02880,1552,S,OG,True,53.152809143066406,826
Q04656,152,T,OG1,True,44.159610748291016,578
Q05655,302,S,OG,True,43.67919158935547,360
Q05655,306,S,OG,True,37.3692626953125,473
Q06124,62,Y,OH,True,6.135917663574219,460
Q08211,1171,S,OG,True,57.15755844116211,419
Q08881,160,T,OG1,True,34.39231491088867,121
Q08881,267,S,OG,True,32.30414962768555,482
Q08881,512,Y,OH,True,3.0995147228240967,482
Q08J23,743,S,OG,True,70.10698699951172,187
Q08J23,751,S,OG,True,55.03407669067383,187
Q10471,536,S,OG,True,42.67509078979492,331
Q12851,298,S,OG,True,29.48617172241211,22
Q12851,328,S,OG,True,47.56143569946289,29
Q12852,13,S,OG,True,29.30463409423828,133
Q12873,73,S,OG,True,77.99308013916016,761
Q13043,265,S,OG,True,20.385766983032227,149
Q13107,642,S,OG,True,73.75437927246094,881
Q13107,677,T,OG1,True,55.53099822998047,881
Q13107,680,S,OG,True,65.23037719726562,881
Q13131,496,S,OG,True,23.569133758544922,37
Q13137,445,S,OG,True,4.3451247215271,444
Q13153,212,T,OG1,True,35.48007583618164,280
Q13164,720,S,OG,True,23.871614456176758,61
Q13164,731,S,OG,True,20.42120361328125,63
Q13164,733,T,OG1,True,14.539421081542969,63
Q13177,20,S,OG,True,44.66712951660156,367
Q13177,141,S,OG,True,7.647946834564209,259
Q13177,197,S,OG,True,15.41869068145752,257
Q13191,763,Y,OH,True,50.24220275878906,227
Q13206,577,T,OG1,True,64.34095764160156,113
Q13206,831,S,OG,True,69.07272338867188,89
Q13233,21,S,OG,True,61.390201568603516,1251
Q13233,292,S,OG,True,27.30303955078125,1251
Q13263,19,S,OG,True,57.07133483886719,156
Q13263,50,S,OG,True,39.50358963012695,153
Q13263,258,S,OG,True,27.101760864257812,237
Q13263,285,S,OG,True,61.90305709838867,237
Q13263,433,S,OG,True,121.86840057373047,177
Q13263,489,S,OG,True,98.74541473388672,237
Q13263,596,S,OG,True,45.05572509765625,237
Q13263,601,S,OG,True,41.16015625,237
Q13263,689,S,OG,True,83.68719482421875,209
Q13263,752,S,OG,True,67.47300720214844,209
Q13263,828,S,OG,True,90.41380310058594,209
Q13303,9,S,OG,True,48.71939468383789,85
Q13303,116,T,OG1,True,2.8384017944335938,85
Q13370,295,S,OG,True,26.468151092529297,821
Q13370,296,S,OG,True,22.709383010864258,821
Q13370,442,S,OG,True,77.98822021484375,937
Q13415,203,T,OG1,True,58.13314437866211,620
Q13415,255,S,OG,True,63.859649658203125,654
Q13415,273,S,OG,True,33.345890045166016,621
Q13443,798,S,OG,True,40.34648895263672,357
Q13459,1043,S,OG,True,142.6697998046875,246
Q13459,1115,S,OG,True,80.50106811523438,246
Q13459,1261,S,OG,True,66.47648620605469,244
Q13459,1281,S,OG,True,75.62895202636719,243
Q13501,28,S,OG,True,64.41105651855469,163
Q13501,291,S,OG,True,42.843204498291016,163
Q13546,331,S,OG,True,38.154296875,23
Q13546,387,Y,OH,True,34.31602096557617,30
Q13547,409,S,OG,True,29.23386001586914,31
Q13547,421,S,OG,True,37.38899230957031,31
Q13555,311,S,OG,True,7.898205280303955,22
Q13555,349,S,OG,True,47.74629211425781,25
Q13555,382,T,OG1,True,47.47880172729492,25
Q13555,419,S,OG,True,36.45486831665039,136
Q13563,125,S,OG,True,43.288448333740234,641
Q13586,257,S,OG,True,82.09623718261719,87
Q13586,512,S,OG,True,131.37234497070312,87
Q13586,621,S,OG,True,143.64761352539062,87
Q13586,628,S,OG,True,132.84066772460938,87
Q13586,665,T,OG1,True,109.20497131347656,87
Q13596,72,S,OG,True,64.69215393066406,238
Q13613,46,T,OG1,True,43.492919921875,484
Q13614,631,S,OG,True,73.68163299560547,423
Q13615,652,S,OG,True,45.714134216308594,1144
Q13813,1031,S,OG,True,47.9482536315918,2381
Q14004,238,S,OG,True,64.0196304321289,734
Q14004,253,S,OG,True,65.51372528076172,711
Q14004,286,S,OG,True,35.45877456665039,718
Q14004,328,S,OG,True,70.92500305175781,837
Q14004,367,S,OG,True,81.223388671875,837
Q14004,1048,S,OG,True,57.32884979248047,711
Q14004,1246,T,OG1,True,52.876182556152344,837
Q14141,27,S,OG,True,41.453983306884766,56
Q14147,20,S,OG,True,67.13607788085938,192
Q14149,514,S,OG,True,101.49259948730469,413
Q14149,765,S,OG,True,61.5278434753418,413
Q14164,673,S,OG,True,103.21198272705078,135
Q14166,16,S,OG,True,54.137359619140625,450
Q14183,221,S,OG,True,19.962839126586914,183
Q14257,313,Y,OH,True,17.603525161743164,74
Q14258,100,S,OG,True,46.89109420776367,33
Q14289,778,S,OG,True,34.478736877441406,549
Q14289,842,T,OG1,True,48.256099700927734,435
Q14318,296,S,OG,True,25.870853424072266,149
Q14344,43,T,OG1,True,30.16508674621582,61
Q14562,129,S,OG,True,38.72872543334961,595
Q14566,13,S,OG,True,72.69438171386719,403
Q14566,138,S,OG,True,25.393478393554688,403
Q14566,278,T,OG1,True,74.82488250732422,403
Q14573,1567,S,OG,True,57.965980529785156,1122
Q14573,1832,S,OG,True,48.60669708251953,2581
Q14644,258,S,OG,True,32.40534591674805,698
Q14644,833,S,OG,True,47.13666915893555,709
Q14674,1126,S,OG,True,41.32505798339844,2029
Q14674,1501,S,OG,True,35.70387649536133,2029
Q14680,529,S,OG,True,6.555510520935059,22
Q14693,248,S,OG,True,41.03984832763672,800
Q14693,252,S,OG,True,40.31159591674805,800
Q14693,441,S,OG,True,63.66865539550781,680
Q14693,889,S,OG,True,55.691619873046875,678
Q14694,218,S,OG,True,24.260982513427734,749
Q14807,377,S,OG,True,33.620304107666016,133
Q15036,336,S,OG,True,36.72047424316406,36
Q15036,415,S,OG,True,19.24247932434082,36
Q15036,421,S,OG,True,23.134519577026367,36
Q15036,437,S,OG,True,28.01800537109375,75
Q15067,26,S,OG,True,28.958393096923828,421
Q15262,856,S,OG,True,21.802873611450195,1086
Q15311,34,S,OG,True,25.54920196533203,421
Q15311,48,S,OG,True,26.54947280883789,421
Q15311,62,S,OG,True,21.266902923583984,69
Q15311,92,S,OG,True,55.77974319458008,424
Q15311,93,S,OG,True,58.575218200683594,424
Q15311,461,S,OG,True,49.36233901977539,425
Q15311,647,S,OG,True,76.12395477294922,421
Q15645,18,S,OG,True,32.35801696777344,185
Q15746,305,S,OG,True,102.7335205078125,1477
Q15758,9,S,OG,True,41.223201751708984,475
Q15758,503,S,OG,True,51.97137451171875,135
Q15811,902,S,OG,True,45.053157806396484,1670
Q15811,1071,S,OG,True,100.58200073242188,1670
Q15831,401,S,OG,True,39.01565170288086,55
Q15831,421,S,OG,True,22.15931510925293,57
Q16512,374,S,OG,True,44.84919738769531,625
Q16512,537,S,OG,True,24.314861297607422,628
Q16512,608,S,OG,True,19.227113723754883,644
Q16513,583,S,OG,True,81.95957946777344,667
Q16566,200,T,OG1,True,10.684090614318848,56
Q16566,345,S,OG,True,17.701927185058594,56
Q16584,21,S,OG,True,53.1581916809082,241
Q16584,745,T,OG1,True,58.91722106933594,127
Q16584,758,S,OG,True,64.053466796875,128
Q17RY0,99,S,OG,True,88.24522399902344,684
Q17RY0,332,S,OG,True,73.24500274658203,684
Q1RMZ1,21,T,OG1,True,29.218050003051758,95
Q2M1P5,657,S,OG,True,86.27019500732422,101
Q2M1P5,1281,S,OG,True,76.6476058959961,96
Q2M2I8,389,T,OG1,True,78.5154800415039,57
Q2M2I8,640,T,OG1,True,35.81174850463867,52
Q2M2I8,653,T,OG1,True,26.94618797302246,52
Q2M2I8,678,S,OG,True,47.79728698730469,176
Q2M2I8,731,S,OG,True,46.184749603271484,74
Q2NKX8,739,S,OG,True,61.42691421508789,129
Q2NKX8,826,T,OG1,True,48.383087158203125,122
Q2Y0W8,237,S,OG,True,50.697364807128906,169
Q2YD98,657,S,OG,True,54.288108825683594,588
Q3YEC7,27,S,OG,True,28.8478946685791,57
Q3YEC7,454,S,OG,True,61.724971771240234,215
Q3YEC7,492,S,OG,True,43.28985595703125,215
Q3YEC7,596,S,OG,True,44.96306228637695,176
Q3YEC7,599,T,OG1,True,49.10176086425781,179
Q3YEC7,640,S,OG,True,67.68162536621094,176
Q3YEC7,641,S,OG,True,71.37770080566406,176
Q460N5,33,S,OG,True,59.47610092163086,961
Q49A26,130,S,OG,True,59.17811965942383,271
Q49A26,167,S,OG,True,30.693878173828125,285
Q49A26,540,S,OG,True,9.299899101257324,505
Q4KWH8,1631,T,OG1,True,21.030559539794922,166
Q5D1E8,344,S,OG,True,58.968292236328125,226
Q5D1E8,366,S,OG,True,98.86314392089844,226
Q5FWF5,288,S,OG,True,72.78530883789062,772
Q5JPH6,44,S,OG,True,3.429811716079712,76
Q5JSP0,128,S,OG,True,94.9776611328125,566
Q5SQI0,276,S,OG,True,50.89365768432617,128
Q5SXM8,171,S,OG,True,61.122066497802734,75
Q5SY16,93,S,OG,True,71.49446105957031,311
Q5SY16,97,S,OG,True,68.95024108886719,311
Q5T4F4,25,S,OG,True,65.88275909423828,374
Q5T7B8,574,S,OG,True,70.91918182373047,313
Q5T7B8,636,S,OG,True,70.84983825683594,319
Q5TDH0,128,S,OG,True,62.64044189453125,252
Q5TDH0,150,S,OG,True,49.01402282714844,252
Q5VT25,1635,S,OG,True,85.83705139160156,106
Q5VV42,53,S,OG,True,39.19944763183594,138
Q5VVJ2,110,S,OG,True,58.57075119018555,656
Q5VVQ6,64,S,OG,True,40.86651611328125,267
Q5VVQ6,130,S,OG,True,53.47223663330078,267
Q5VWG9,345,S,OG,True,84.99415588378906,891
Q5VWG9,364,T,OG1,True,72.5116195678711,891
Q5VYS8,165,T,OG1,True,80.98409271240234,1286
Q5VYS8,1472,S,OG,True,24.51031494140625,1152
Q66K64,50,S,OG,True,21.569561004638672,234
Q66K64,310,S,OG,True,25.51455307006836,234
Q68CP4,243,S,OG,True,62.77545928955078,297
Q6DN12,11,S,OG,True,51.243431091308594,585
Q6DN12,77,S,OG,True,30.8730411529541,216
Q6DT37,1462,S,OG,True,44.9153938293457,100
Q6GQQ9,100,S,OG,True,10.895784378051758,191
Q6GQQ9,449,S,OG,True,39.05781173706055,822
Q6GQQ9,508,S,OG,True,32.88084030151367,822
Q6H8Q1,364,S,OG,True,26.277368545532227,212
Q6ICB0,25,S,OG,True,14.777331352233887,38
Q6IQ55,322,T,OG1,True,37.83308410644531,27
Q6IQ55,428,S,OG,True,51.12354278564453,27
Q6IQ55,1103,S,OG,True,40.27046585083008,50
Q6IQ55,1182,S,OG,True,71.94395446777344,27
Q6MZP7,314,S,OG,True,47.82728958129883,532
Q6N021,99,S,OG,True,28.531633377075195,1912
Q6NS38,37,T,OG1,True,44.814849853515625,248
Q6P0Q8,66,S,OG,True,62.3294563293457,522
Q6P0Q8,148,S,OG,True,28.935394287109375,518
Q6P0Q8,846,S,OG,True,14.982154846191406,541
Q6P0Q8,876,S,OG,True,51.043052673339844,518
Q6P0Q8,900,S,OG,True,71.62831115722656,541
Q6P0Q8,1035,S,OG,True,67.28958892822266,635
Q6P0Q8,1364,S,OG,True,60.18320846557617,518
Q6P0Q8,1381,S,OG,True,57.693695068359375,520
Q6P0Q8,1644,S,OG,True,56.70682144165039,635
Q6P1Q9,4,S,OG,True,57.97180938720703,260
Q6P1Q9,154,T,OG1,True,35.32821273803711,213
Q6P6C2,384,S,OG,True,48.5869255065918,206
Q6PCB5,96,S,OG,True,22.50383758544922,568
Q6PCT2,225,T,OG1,True,18.46345329284668,50
Q6PIF6,904,S,OG,True,76.7920913696289,165
Q6PIW4,317,S,OG,True,57.863929748535156,529
Q6PJP8,364,S,OG,True,59.45895767211914,144
Q6PJP8,590,S,OG,True,89.52498626708984,140
Q6PL18,41,S,OG,True,60.65177917480469,471
Q6PL18,421,S,OG,True,14.694269180297852,474
Q6PL18,696,S,OG,True,12.367298126220703,468
Q6PL18,969,S,OG,True,35.46469497680664,474
Q6PL18,1176,T,OG1,True,55.971717834472656,474
Q6R327,1222,T,OG1,True,48.46074676513672,1651
Q6R327,1286,S,OG,True,63.00291061401367,543
Q6R327,1591,S,OG,True,28.297588348388672,1651
Q6SJ93,301,S,OG,True,32.03458023071289,490
Q6ZMG9,381,S,OG,True,47.307559967041016,211
Q6ZMT4,604,S,OG,True,37.86642074584961,284
Q6ZNC8,488,S,OG,True,41.01163101196289,350
Q6ZV73,554,S,OG,True,96.12042236328125,1244
Q6ZV73,693,T,OG1,True,67.36550903320312,1228
Q70EL1,671,S,OG,True,29.8956298828125,302
Q719H9,9,S,OG,True,65.48960876464844,222
Q7KZI7,43,S,OG,True,24.834836959838867,66
Q7KZI7,366,S,OG,True,16.329904556274414,59
Q7KZI7,390,S,OG,True,44.821983337402344,82
Q7L2J0,69,S,OG,True,76.94509887695312,433
Q7L2J0,152,S,OG,True,42.88088607788086,475
Q7L2J0,254,S,OG,True,5.898373603820801,422
Q7L2J0,360,S,OG,True,57.3271484375,422
Q7L590,261,S,OG,True,32.68388748168945,390
Q7L9L4,38,S,OG,True,27.73666763305664,161
Q7LBC6,289,S,OG,True,79.15210723876953,1560
Q7LBC6,311,S,OG,True,102.69270324707031,1562
Q7LBC6,314,S,OG,True,100.93238830566406,1562
Q7LBC6,698,S,OG,True,71.19540405273438,1562
Q7LBC6,766,S,OG,True,39.127708435058594,1562
Q7LDG7,578,S,OG,True,49.619327545166016,468
Q7RTP6,649,S,OG,True,33.16434860229492,116
Q7RTP6,1176,T,OG1,True,53.09621047973633,117
Q7RTP6,1310,S,OG,True,38.6485481262207,298
Q7RTP6,1457,S,OG,True,7.526742458343506,118
Q7RTP6,1745,S,OG,True,50.891517639160156,97
Q7Z2K6,53,S,OG,True,84.92634582519531,278
Q7Z2T5,26,T,OG1,True,23.59473991394043,488
Q7Z333,2639,S,OG,True,62.598731994628906,2258
Q7Z6P3,131,S,OG,True,57.550025939941406,888
Q7Z6P3,403,T,OG1,True,23.11107635498047,949
Q7Z6P3,509,S,OG,True,33.00300979614258,891
Q7Z7E8,416,T,OG1,True,12.193264961242676,351
Q86T82,268,S,OG,True,47.0063591003418,906
Q86T82,312,S,OG,True,27.25371551513672,906
Q86U28,42,S,OG,True,33.42509078979492,146
Q86U44,4,T,OG1,True,34.84370422363281,513
Q86U44,43,S,OG,True,41.72331237792969,377
Q86U44,58,S,OG,True,52.47664260864258,378
Q86UE8,111,S,OG,True,45.89521789550781,470
Q86UE8,117,S,OG,True,53.055416107177734,468
Q86US8,240,S,OG,True,27.598474502563477,1251
Q86US8,301,T,OG1,True,34.91859436035156,1353
Q86US8,421,S,OG,True,69.4692153930664,1392
Q86US8,438,S,OG,True,69.89116668701172,1392
Q86US8,831,S,OG,True,29.433273315429688,1392
Q86UW9,282,S,OG,True,79.51386260986328,415
Q86UX6,18,S,OG,True,14.634320259094238,103
Q86VH2,388,S,OG,True,75.48607635498047,90
Q86VP1,124,S,OG,True,141.66281127929688,780
Q86W50,419,S,OG,True,96.55130767822266,82
Q86W50,498,S,OG,True,42.009803771972656,82
Q86W56,68,S,OG,True,35.803138732910156,795
Q86WV6,345,S,OG,True,34.06794738769531,167
Q86XP3,58,S,OG,True,37.31258010864258,303
Q86XP3,109,S,OG,True,67.32821655273438,300
Q86XP3,111,S,OG,True,65.27718353271484,300
Q86XP3,829,S,OG,True,82.19721984863281,299
Q86XP3,831,S,OG,True,84.61847686767578,299
Q86YA3,877,S,OG,True,64.6718978881836,1349
Q86YS3,253,S,OG,True,62.484012603759766,68
Q86YS7,260,S,OG,True,58.55223846435547,26
Q86YS7,314,T,OG1,True,65.20992279052734,84
Q8IU60,347,S,OG,True,30.22496795654297,148
Q8IV38,422,S,OG,True,43.13109588623047,320
Q8IWQ3,367,S,OG,True,21.649171829223633,48
Q8IWQ3,389,T,OG1,True,49.45939636230469,48
Q8IWT3,329,S,OG,True,13.454459190368652,1364
Q8IWU2,1107,S,OG,True,40.84193420410156,150
Q8IWU2,1397,S,OG,True,81.46823120117188,265
Q8IWU2,1450,S,OG,True,36.56892395019531,143
Q8IWV7,21,T,OG1,True,36.931331634521484,99
Q8IX07,52,S,OG,True,40.301456451416016,579
Q8IX07,61,S,OG,True,47.02554702758789,976
Q8IX07,84,S,OG,True,32.66244888305664,822
Q8IX07,272,S,OG,True,16.948150634765625,264
Q8IX07,653,T,OG1,True,60.40712356567383,835
Q8IX07,671,S,OG,True,25.815441131591797,706
Q8IX07,786,S,OG,True,34.694759368896484,685
Q8IX07,901,S,OG,True,34.046730041503906,264
Q8IXJ6,368,S,OG,True,39.07583999633789,170
Q8IY18,26,S,OG,True,66.354736328125,87
Q8IY18,35,S,OG,True,50.5589599609375,86
Q8IY26,70,S,OG,True,68.7393798828125,256
Q8IYB7,31,S,OG,True,90.98246765136719,392
Q8IYD8,34,S,OG,True,61.123634338378906,118
Q8IYD8,1005,S,OG,True,79.57154846191406,117
Q8IZD2,845,S,OG,True,45.435794830322266,146
Q8IZD2,1070,S,OG,True,60.556182861328125,123
Q8N1G2,31,S,OG,True,5.490405559539795,280
Q8N1G2,121,S,OG,True,18.845645904541016,205
Q8N4C6,152,S,OG,True,17.134052276611328,421
Q8N4C8,565,T,OG1,True,58.218753814697266,54
Q8N4C8,601,S,OG,True,37.174068450927734,153
Q8N4C8,674,S,OG,True,38.37455368041992,153
Q8N4C8,763,S,OG,True,73.88067626953125,38
Q8N4C8,927,S,OG,True,94.77604675292969,35
Q8N4J0,39,S,OG,True,13.74158763885498,295
Q8N4L2,47,S,OG,True,30.085819244384766,107
Q8N554,11,S,OG,True,39.36326599121094,136
Q8N554,360,S,OG,True,29.943862915039062,139
Q8N5J2,103,S,OG,True,32.97972106933594,137
Q8N6T7,330,S,OG,True,40.97864532470703,71
Q8N8A6,83,S,OG,True,58.331356048583984,257
Q8NB78,247,S,OG,True,39.62937545776367,439
Q8NBR6,62,S,OG,True,31.5568790435791,448
Q8NCE2,624,S,OG,True,17.216766357421875,382
Q8NDL9,539,S,OG,True,26.38938331604004,516
Q8NDX5,842,S,OG,True,34.38187789916992,788
Q8NDX5,862,S,OG,True,48.051116943359375,788
Q8NE71,22,S,OG,True,41.423072814941406,661
Q8NE71,108,T,OG1,True,41.53689956665039,336
Q8NE71,109,S,OG,True,40.085655212402344,336
Q8NE71,140,S,OG,True,35.22885513305664,336
Q8NE71,228,S,OG,True,50.51681137084961,343
Q8NEG5,20,S,OG,True,62.35654067993164,249
Q8NEL9,11,S,OG,True,50.76102066040039,537
Q8NEL9,727,S,OG,True,34.09843444824219,537
Q8NFP7,150,T,OG1,True,27.315963745117188,133
Q8NHM5,449,T,OG1,True,53.379085540771484,259
Q8NHM5,495,T,OG1,True,47.927330017089844,665
Q8NHM5,497,S,OG,True,48.946136474609375,665
Q8NHM5,746,S,OG,True,8.901251792907715,616
Q8NHM5,795,S,OG,True,42.0239143371582,624
Q8NHM5,975,S,OG,True,39.18120574951172,722
Q8NHM5,1031,S,OG,True,16.27642822265625,691
Q8TAT5,450,S,OG,True,32.29656982421875,556
Q8TCJ2,29,S,OG,True,36.55171585083008,223
Q8TD19,829,S,OG,True,27.840248107910156,60
Q8TD19,869,S,OG,True,54.914852142333984,176
Q8TDC3,508,S,OG,True,49.252052307128906,156
Q8TDC3,535,T,OG1,True,52.55012512207031,44
Q8TDC3,563,S,OG,True,7.5684733390808105,156
Q8TDD1,39,S,OG,True,49.852657318115234,145
Q8TDD1,41,S,OG,True,47.69184875488281,143
Q8TDD1,75,S,OG,True,34.70914077758789,147
Q8TDR2,147,S,OG,True,56.38026428222656,360
Q8TDR2,385,S,OG,True,6.18409538269043,360
Q8TDZ2,617,S,OG,True,59.36181640625,181
Q8TEB9,291,S,OG,True,39.266841888427734,195
Q8TEB9,300,S,OG,True,56.450069427490234,195
Q8TEK3,374,S,OG,True,72.40371704101562,139
Q8TEK3,471,S,OG,True,60.2808952331543,222
Q8TEK3,772,T,OG1,True,66.61414337158203,168
Q8TEK3,786,S,OG,True,62.75846481323242,168
Q8TEK3,826,S,OG,True,83.08690643310547,168
Q8TEK3,1001,S,OG,True,62.36300277709961,222
Q8TEK3,1009,S,OG,True,72.85746765136719,223
Q8TEK3,1035,S,OG,True,51.80563735961914,223
Q8TEK3,1093,S,OG,True,33.62236785888672,139
Q8TEU7,230,S,OG,True,51.087825775146484,365
Q8TEU7,1074,T,OG1,True,50.09803009033203,290
Q8TEU7,1245,S,OG,True,101.2672348022461,340
Q8TEU7,1443,Y,OH,True,32.307464599609375,395
Q8TEU7,1494,S,OG,True,11.500358581542969,347
Q8TEU7,1507,T,OG1,True,16.082895278930664,289
Q8TF40,232,S,OG,True,67.52771759033203,613
Q8TF40,292,S,OG,True,45.9339485168457,613
Q8TF40,296,S,OG,True,44.31817626953125,613
Q8TF40,946,S,OG,True,90.44976806640625,608
Q8TF42,20,S,OG,True,62.87173843383789,390
Q8TF76,288,S,OG,True,68.95346069335938,606
Q8WV44,447,S,OG,True,91.91044616699219,255
Q8WVB3,477,S,OG,True,68.88748168945312,149
Q8WY91,132,S,OG,True,51.746795654296875,444
Q8WY91,288,S,OG,True,78.97418212890625,567
Q8WY91,301,S,OG,True,63.658931732177734,444
Q8WY91,547,S,OG,True,22.26631736755371,567
Q8WYB5,1303,S,OG,True,78.11344146728516,871
Q8WYB5,1502,S,OG,True,61.456295013427734,866
Q8WYJ6,253,S,OG,True,9.943998336791992,250
Q8WYL5,576,S,OG,True,57.576866149902344,393
Q8WYQ5,95,S,OG,True,44.93606185913086,352
Q8WYQ5,127,S,OG,True,43.53425979614258,352
Q8WYQ5,271,S,OG,True,58.783512115478516,352
Q8WYQ5,377,S,OG,True,36.781951904296875,352
Q92539,106,S,OG,True,36.35769271850586,691
Q92539,384,S,OG,True,38.12840270996094,811
Q92551,129,S,OG,True,52.323856353759766,226
Q92628,814,S,OG,True,37.56009292602539,91
Q92643,306,S,OG,True,9.506908416748047,79
Q92698,37,S,OG,True,60.49811553955078,190
Q92769,394,S,OG,True,22.398818969726562,188
Q92793,974,T,OG1,True,36.47501754760742,1723
Q92793,2063,S,OG,True,55.04239273071289,404
Q92794,377,S,OG,True,93.27574920654297,648
Q92794,420,S,OG,True,55.31570816040039,648
Q92851,198,T,OG1,True,33.152488708496094,401
Q92900,1107,S,OG,True,19.985565185546875,155
Q92979,14,S,OG,True,23.51606559753418,219
Q92994,553,S,OG,True,80.4050064086914,25
Q92994,614,S,OG,True,93.88581085205078,6
Q92995,14,S,OG,True,47.6365852355957,345
Q93008,1609,S,OG,True,31.484935760498047,1566
Q93009,18,S,OG,True,35.56235122680664,223
Q93009,54,T,OG1,True,38.11729431152344,464
Q93075,308,S,OG,True,43.91705322265625,593
Q93075,420,S,OG,True,59.56867599487305,501
Q93084,538,T,OG1,True,21.604000091552734,515
Q969F2,31,S,OG,True,46.88725280761719,132
Q969F2,286,S,OG,True,51.76839065551758,134
Q969F2,299,S,OG,True,80.42507934570312,134
Q969R5,76,T,OG1,True,38.439125061035156,90
Q969R5,79,S,OG,True,28.80318260192871,90
Q969R5,688,S,OG,True,29.683988571166992,90
Q969T4,8,S,OG,True,55.46713638305664,145
Q969Y2,25,S,OG,True,21.11565589904785,152
Q96AD5,476,S,OG,True,57.82335662841797,166
Q96AP4,138,S,OG,True,66.66917419433594,491
Q96AX2,19,S,OG,True,32.452030181884766,85
Q96BN8,81,S,OG,True,7.074954986572266,126
Q96BT7,524,S,OG,True,18.93454933166504,228
Q96C19,11,S,OG,True,47.10676956176758,143
Q96C19,192,S,OG,True,27.330354690551758,152
Q96C86,24,S,OG,True,34.80338668823242,175
Q96D71,120,S,OG,True,82.0394515991211,342
Q96D71,166,S,OG,True,70.76242065429688,342
Q96D71,173,T,OG1,True,57.06907272338867,342
Q96D71,274,S,OG,True,21.753253936767578,342
Q96D71,403,S,OG,True,64.21760559082031,342
Q96DU7,9,S,OG,True,37.079193115234375,558
Q96E22,76,S,OG,True,42.545291900634766,291
Q96EB6,14,S,OG,True,30.80215072631836,398
Q96EB6,16,S,OG,True,36.633827209472656,398
Q96EB6,47,S,OG,True,41.12737274169922,482
Q96EB6,174,S,OG,True,30.847618103027344,442
Q96EY1,169,S,OG,True,38.37297439575195,275
Q96FJ0,242,S,OG,True,55.6134147644043,360
Q96FV2,17,S,OG,True,17.97730255126953,12
Q96FX7,254,T,OG1,True,44.88124465942383,22
Q96FZ2,160,S,OG,True,26.760467529296875,127
Q96FZ2,281,S,OG,True,33.4904670715332,127
Q96GX5,677,S,OG,True,41.09806442260742,43
Q96HI0,363,S,OG,True,27.024799346923828,663
Q96J02,240,S,OG,True,56.85834884643555,871
Q96JH7,768,S,OG,True,58.79396057128906,216
Q96JP5,47,S,OG,True,61.10434341430664,453
Q96JP5,69,S,OG,True,21.678634643554688,432
Q96JP5,101,S,OG,True,28.539499282836914,405
Q96K76,933,S,OG,True,62.49651336669922,503
Q96KB5,59,S,OG,True,12.930506706237793,38
Q96L34,438,S,OG,True,56.63555908203125,181
Q96L34,458,S,OG,True,45.46308898925781,181
Q96L73,938,S,OG,True,77.80108642578125,2065
Q96L73,1507,T,OG1,True,84.98023986816406,1954
Q96L73,2426,S,OG,True,23.1986026763916,1997
Q96L73,2471,S,OG,True,50.87904357910156,2065
Q96L73,2573,S,OG,True,84.59841918945312,2065
Q96LA8,21,T,OG1,True,30.455228805541992,141
Q96LD8,126,S,OG,True,5.5090508460998535,119
Q96LR5,11,S,OG,True,64.05616760253906,139
Q96MU7,146,S,OG,True,67.52458953857422,361
Q96MU7,148,T,OG1,True,67.91197204589844,361
Q96MU7,167,S,OG,True,57.48564529418945,476
Q96PE3,955,S,OG,True,18.81319808959961,895
Q96PY6,439,S,OG,True,62.94191360473633,128
Q96PY6,868,S,OG,True,77.459716796875,33
Q96PY6,881,S,OG,True,75.56175994873047,33
Q96Q89,560,T,OG1,True,94.5989990234375,159
Q96QE3,219,S,OG,True,51.171295166015625,1137
Q96QT4,1269,S,OG,True,81.02040100097656,1721
Q96QT6,586,T,OG1,True,51.04319763183594,318
Q96QT6,655,T,OG1,True,64.52425384521484,318
Q96QT6,671,T,OG1,True,56.063358306884766,318
Q96QT6,691,S,OG,True,86.53977966308594,318
Q96RF0,199,S,OG,True,42.189064025878906,314
Q96RG2,116,S,OG,True,23.356149673461914,1086
Q96RG2,783,S,OG,True,52.370609283447266,1128
Q96RG2,1287,S,OG,True,50.25524139404297,1086
Q96RL1,250,S,OG,True,59.56667709350586,505
Q96RL1,632,S,OG,True,48.9849739074707,524
Q96RL1,653,S,OG,True,61.471221923828125,524
Q96RR4,129,S,OG,True,50.26003646850586,312
Q96RR4,133,S,OG,True,42.79697799682617,312
Q96RR4,495,S,OG,True,38.613685607910156,176
Q96RS0,60,T,OG1,True,53.81888198852539,719
Q96RS0,85,S,OG,True,47.17522048950195,766
Q96S15,600,S,OG,True,50.248130798339844,785
Q96S44,8,T,OG1,True,30.51119613647461,46
Q96S53,456,S,OG,True,26.289430618286133,64
Q96S55,91,S,OG,True,30.965553283691406,39
Q96S55,92,S,OG,True,33.724830627441406,39
Q96S55,111,Y,OH,True,37.88642120361328,274
Q96S99,242,S,OG,True,15.799320220947266,204
Q99447,163,S,OG,True,16.300748825073242,259
Q99504,264,S,OG,True,64.940673828125,309
Q99536,18,S,OG,True,95.4021224975586,90
Q99570,895,S,OG,True,27.962514877319336,32
Q99640,40,S,OG,True,36.57938003540039,120
Q99640,160,S,OG,True,5.9141926765441895,253
Q99661,22,S,OG,True,35.14323806762695,264
Q99661,519,S,OG,True,11.222843170166016,354
Q99719,225,S,OG,True,34.210426330566406,196
Q99741,45,S,OG,True,52.44261169433594,202
Q99741,54,S,OG,True,30.03787612915039,202
Q99741,74,S,OG,True,55.0306396484375,204
Q99743,812,S,OG,True,89.07220458984375,119
Q99757,60,T,OG1,True,17.399818420410156,93
Q9BQC3,488,S,OG,True,47.35213088989258,89
Q9BQF6,443,S,OG,True,19.200525283813477,860
Q9BQI3,258,S,OG,True,48.6080207824707,180
Q9BQS8,1165,S,OG,True,12.162036895751953,1198
Q9BR61,108,S,OG,True,11.061873435974121,71
Q9BRQ3,290,T,OG1,True,23.03799057006836,274
Q9BRZ2,442,T,OG1,True,47.44719696044922,197
Q9BSJ8,638,T,OG1,True,45.945098876953125,357
Q9BSW2,426,S,OG,True,131.10092163085938,600
Q9BSW2,473,S,OG,True,79.86656188964844,600
Q9BSW2,495,S,OG,True,51.69160079956055,689
Q9BSW2,518,T,OG1,True,16.11253547668457,571
Q9BTE6,174,S,OG,True,15.351724624633789,209
Q9BTU6,51,S,OG,True,61.51837158203125,136
Q9BUB4,50,T,OG1,True,37.386470794677734,93
Q9BW19,26,S,OG,True,46.36358642578125,416
Q9BW19,33,S,OG,True,63.64999008178711,416
Q9BW66,70,S,OG,True,65.72077178955078,202
Q9BWT3,648,S,OG,True,40.32403564453125,236
Q9BX63,1004,S,OG,True,27.698986053466797,310
Q9BX95,101,S,OG,True,28.681631088256836,255
Q9BY66,884,S,OG,True,88.35610961914062,514
Q9BY84,501,S,OG,True,51.82605743408203,244
Q9BYJ9,182,S,OG,True,37.18244934082031,465
Q9BYM8,272,S,OG,True,15.503469467163086,305
Q9BYW2,1084,S,OG,True,36.413448333740234,1539
Q9BYW2,1696,S,OG,True,14.651819229125977,1604
Q9BZ23,169,S,OG,True,44.75592041015625,407
Q9BZ72,872,S,OG,True,57.57619094848633,1151
Q9BZ72,1277,S,OG,True,23.460968017578125,1151
Q9BZ72,1298,S,OG,True,44.2546272277832,1113
Q9BZE2,142,S,OG,True,36.8206787109375,195
Q9BZE4,623,S,OG,True,103.59353637695312,221
Q9BZF1,68,S,OG,True,64.83843231201172,420
Q9BZF1,807,S,OG,True,76.55143737792969,515
Q9BZL6,198,S,OG,True,31.184755325317383,559
Q9BZL6,214,S,OG,True,44.0015983581543,561
Q9BZL6,236,S,OG,True,67.76197814941406,561
Q9BZL6,246,Y,OH,True,57.30754470825195,559
Q9BZL6,375,S,OG,True,29.639921188354492,674
Q9C040,428,S,OG,True,68.29961395263672,146
Q9C0B1,4,T,OG1,True,16.489145278930664,234
Q9C0B5,296,S,OG,True,79.8792724609375,134
Q9C0B5,409,S,OG,True,40.702144622802734,134
Q9C0B5,425,S,OG,True,47.889793395996094,134
Q9C0B5,529,S,OG,True,43.70641326904297,134
Q9C0B5,585,S,OG,True,58.94206237792969,134
Q9C0B5,694,S,OG,True,47.27035140991211,134
Q9C0C9,87,S,OG,True,22.001089096069336,1040
Q9C0C9,89,S,OG,True,19.799232482910156,1040
Q9C0C9,115,S,OG,True,33.035953521728516,1040
Q9C0C9,407,S,OG,True,74.80906677246094,1040
Q9C0H2,522,S,OG,True,34.44145965576172,110
Q9GZR1,55,S,OG,True,63.19485855102539,917
Q9GZR7,287,S,OG,True,63.41134262084961,244
Q9GZT9,125,S,OG,True,40.902366638183594,315
Q9GZZ9,45,S,OG,True,32.102760314941406,83
Q9H089,252,S,OG,True,22.80722999572754,215
Q9H0A0,987,S,OG,True,80.6488037109375,725
Q9H0A0,990,S,OG,True,93.26715850830078,725
Q9H0K1,589,T,OG1,True,39.279388427734375,142
Q9H0S4,9,S,OG,True,46.922142028808594,69
Q9H0S4,434,T,OG1,True,31.79449462890625,70
Q9H0X9,44,S,OG,True,65.11717224121094,386
Q9H165,205,S,OG,True,22.40744400024414,71
Q9H165,246,S,OG,True,51.73576354980469,71
Q9H165,328,S,OG,True,39.99949264526367,747
Q9H165,701,T,OG1,True,46.38452911376953,747
Q9H165,722,T,OG1,True,51.592281341552734,744
Q9H1E5,342,S,OG,True,37.87774658203125,64
Q9H1K0,548,S,OG,True,28.998735427856445,255
Q9H1K1,14,S,OG,True,60.71392822265625,95
Q9H1K1,29,S,OG,True,21.968013763427734,95
Q9H1K1,51,S,OG,True,13.569544792175293,46
Q9H2G2,348,S,OG,True,56.54255676269531,42
Q9H2X6,827,S,OG,True,72.71589660644531,207
Q9H3H1,455,S,OG,True,88.03924560546875,32
Q9H3N1,221,S,OG,True,93.51396179199219,59
Q9H3S7,1131,T,OG1,True,53.681766510009766,1392
Q9H4A3,19,S,OG,True,68.2989501953125,351
Q9H4A3,31,S,OG,True,70.5433120727539,351
Q9H4L4,169,S,OG,True,65.33623504638672,532
Q9H4L4,307,S,OG,True,43.461700439453125,532
Q9H4M9,3,S,OG,True,65.37953186035156,489
Q9H4Z3,116,S,OG,True,39.37482452392578,235
Q9H611,151,S,OG,True,65.23494720458984,235
Q9H6S0,1090,S,OG,True,66.61259460449219,1296
Q9H6S0,1183,S,OG,True,23.137569427490234,1294
Q9H6S0,1269,S,OG,True,36.09089660644531,1310
Q9H777,146,S,OG,True,21.993549346923828,62
Q9H7B4,22,T,OG1,True,17.54186248779297,205
Q9H8W4,226,S,OG,True,12.175921440124512,158
Q9H8Y5,607,T,OG1,True,35.12158203125,246
Q9H8Y5,675,S,OG,True,50.59193420410156,246
Q9H9J4,783,T,OG1,True,60.26666259765625,371
Q9H9J4,936,S,OG,True,59.899208068847656,371
Q9H9J4,1133,S,OG,True,68.09607696533203,120
Q9H9J4,1226,S,OG,True,69.50774383544922,120
Q9HAZ1,138,S,OG,True,15.09663200378418,172
Q9HCK8,550,S,OG,True,88.3292465209961,838
Q9HCK8,1978,S,OG,True,93.1540756225586,843
Q9HCK8,1982,T,OG1,True,96.45594024658203,843
Q9HCL2,695,S,OG,True,41.15338134765625,462
Q9HCN4,328,T,OG1,True,25.847373962402344,56
Q9NP87,372,S,OG,True,25.82401466369629,418
Q9NPF2,194,S,OG,True,3.663963556289673,125
Q9NPF2,207,S,OG,True,13.151052474975586,125
Q9NQT8,1400,S,OG,True,88.21243286132812,103
Q9NQV8,509,S,OG,True,52.844032287597656,130
Q9NQX3,283,S,OG,True,35.7159423828125,524
Q9NR19,30,S,OG,True,15.293853759765625,463
Q9NRD8,968,T,OG1,True,31.942142486572266,843
Q9NRD9,851,S,OG,True,16.81728172302246,839
Q9NRH2,162,S,OG,True,6.139524459838867,139
Q9NRH2,351,S,OG,True,35.482513427734375,22
Q9NRH2,390,S,OG,True,60.21001052856445,139
Q9NRH2,576,S,OG,True,34.55064392089844,26
Q9NRH2,607,S,OG,True,77.84964752197266,139
Q9NRM7,528,S,OG,True,32.498802185058594,681
Q9NRR6,99,S,OG,True,39.61251449584961,340
Q9NRS6,229,T,OG1,True,63.603485107421875,53
Q9NRY4,773,S,OG,True,136.50523376464844,231
Q9NRY4,1179,S,OG,True,141.0056915283203,231
Q9NS91,125,S,OG,True,55.95200729370117,207
Q9NS91,158,S,OG,True,43.99864196777344,223
Q9NSY1,680,S,OG,True,57.752655029296875,57
Q9NTJ3,41,S,OG,True,62.81260299682617,120
Q9NUE0,19,S,OG,True,44.35152053833008,222
Q9NUE0,366,S,OG,True,47.567626953125,222
Q9NUP7,397,S,OG,True,22.22450065612793,65
Q9NUQ8,83,S,OG,True,29.532917022705078,211
Q9NV58,599,S,OG,True,7.708970069885254,224
Q9NVI7,120,S,OG,True,61.29229736328125,352
Q9NVN8,214,S,OG,True,15.644487380981445,175
Q9NVN8,279,S,OG,True,7.793062686920166,266
Q9NVP1,308,T,OG1,True,16.004165649414062,230
Q9NVS9,241,S,OG,True,22.75564193725586,229
Q9NW08,12,T,OG1,True,51.11960220336914,186
Q9NWK9,25,S,OG,True,47.575618743896484,232
Q9NX58,244,S,OG,True,57.830989837646484,21
Q9NXH9,625,S,OG,True,43.0381965637207,351
Q9NXH9,643,S,OG,True,37.448909759521484,387
Q9NYL2,593,S,OG,True,75.64057159423828,133
Q9NYV4,158,T,OG1,True,78.38414764404297,756
Q9NYV4,291,S,OG,True,61.606773376464844,859
Q9NYV4,383,S,OG,True,49.6799201965332,737
Q9NYV4,681,S,OG,True,73.65098571777344,738
Q9NYV4,1244,T,OG1,True,50.76637649536133,818
Q9NZC9,112,S,OG,True,64.10114288330078,462
Q9NZL9,309,T,OG1,True,11.388262748718262,185
Q9NZM3,872,S,OG,True,47.51520538330078,1643
Q9P0J7,2,S,OG,True,13.936849594116211,33
Q9P0U3,108,S,OG,True,62.391639709472656,533
Q9P0U3,157,S,OG,True,38.453548431396484,603
Q9P0U3,163,S,OG,True,43.409889221191406,603
Q9P0U4,6,S,OG,True,66.67678833007812,208
Q9P0U4,19,S,OG,True,35.16394805908203,208
Q9P275,513,S,OG,True,55.194820404052734,382
Q9P275,546,S,OG,True,59.496917724609375,131
Q9P275,614,S,OG,True,44.788936614990234,382
Q9P275,742,S,OG,True,64.60505676269531,131
Q9P275,871,S,OG,True,77.32158660888672,131
Q9P275,952,S,OG,True,63.267799377441406,131
Q9P2G1,911,S,OG,True,49.368186950683594,359
Q9P2K8,230,S,OG,True,66.14976501464844,619
Q9P2K8,667,T,OG1,True,26.524112701416016,598
Q9UBC2,241,S,OG,True,55.09700393676758,172
Q9UBC2,366,T,OG1,True,98.5501708984375,183
Q9UBC2,575,S,OG,True,123.70833587646484,178
Q9UBC2,612,T,OG1,True,70.35810852050781,176
Q9UBC2,797,T,OG1,True,58.07423400878906,172
Q9UBC3,136,S,OG,True,32.730567932128906,629
Q9UBE8,522,S,OG,True,16.148344039916992,264
Q9UBF6,19,S,OG,True,51.79248809814453,80
Q9UBH6,676,S,OG,True,48.67236328125,482
Q9UBM1,195,S,OG,True,15.255769729614258,181
Q9UBP6,27,S,OG,True,3.9566335678100586,108
Q9UBU7,420,S,OG,True,44.92256546020508,315
Q9UBU7,636,S,OG,True,34.428321838378906,296
Q9UBZ9,901,S,OG,True,45.46574783325195,726
Q9UEE5,9,S,OG,True,46.2291145324707,72
Q9UEE5,13,S,OG,True,57.9624137878418,72
Q9UEE5,20,S,OG,True,65.00774383544922,72
Q9UEW8,385,S,OG,True,15.267427444458008,71
Q9UG22,252,S,OG,True,26.286218643188477,31
Q9UG63,349,S,OG,True,53.51696014404297,119
Q9UGJ0,65,S,OG,True,41.89293670654297,501
Q9UGJ0,113,S,OG,True,29.91045379638672,402
Q9UGJ0,219,S,OG,True,59.381473541259766,362
Q9UHD1,204,T,OG1,True,12.170404434204102,179
Q9UHD8,23,S,OG,True,31.93564224243164,305
Q9UHD8,42,T,OG1,True,72.5562744140625,451
Q9UHD8,111,S,OG,True,29.350597381591797,311
Q9UHD8,278,Y,OH,True,48.96783447265625,311
Q9UHD8,327,S,OG,True,18.495208740234375,312
Q9UHI6,672,S,OG,True,58.4508056640625,113
Q9UHI6,714,S,OG,True,48.501380920410156,113
Q9UHR6,149,S,OG,True,71.4784164428711,41
Q9UHR6,403,S,OG,True,44.618431091308594,25
Q9UIF7,24,S,OG,True,42.734405517578125,131
Q9UIQ6,46,Y,OH,True,64.72342681884766,487
Q9UIQ6,91,S,OG,True,70.2119140625,428
Q9UIS9,297,S,OG,True,22.622417449951172,237
Q9UIS9,311,S,OG,True,25.418075561523438,243
Q9UJA5,291,T,OG1,True,33.43614196777344,349
Q9UJK0,259,S,OG,True,36.65016174316406,160
Q9UJK0,264,S,OG,True,51.31040573120117,160
Q9UJK0,282,S,OG,True,49.9887809753418,160
Q9UJV9,23,S,OG,True,99.87870788574219,225
Q9UJV9,66,S,OG,True,61.60655975341797,225
Q9UK59,478,S,OG,True,22.554914474487305,228
Q9UKI8,38,T,OG1,True,41.648433685302734,464
Q9UKI8,152,Y,OH,True,39.878936767578125,467
Q9UKK9,3,S,OG,True,43.105831146240234,46
Q9UKK9,48,S,OG,True,3.466306447982788,47
Q9UL54,473,S,OG,True,22.69963836669922,36
Q9ULC8,627,S,OG,True,57.303123474121094,134
Q9ULC8,682,S,OG,True,61.42584991455078,134
Q9ULG1,51,S,OG,True,82.70867156982422,545
Q9ULG1,1512,S,OG,True,90.98063659667969,545
Q9ULG1,1516,S,OG,True,86.37824249267578,545
Q9ULI0,16,S,OG,True,72.17582702636719,443
Q9ULI0,939,S,OG,True,31.883121490478516,448
Q9ULI0,945,S,OG,True,29.967103958129883,448
Q9ULI4,31,S,OG,True,62.083885192871094,476
Q9ULI4,1231,S,OG,True,24.064350128173828,470
Q9ULI4,1418,S,OG,True,74.44429016113281,470
Q9ULU4,12,S,OG,True,36.25375747680664,111
Q9ULU4,462,S,OG,True,60.97196578979492,1028
Q9ULU4,495,S,OG,True,54.218772888183594,274
Q9ULU4,514,S,OG,True,45.581295013427734,130
Q9ULX3,184,S,OG,True,59.138858795166016,270
Q9ULX3,201,S,OG,True,31.409523010253906,270
Q9UN37,95,S,OG,True,44.567344665527344,174
Q9UN37,97,S,OG,True,43.230224609375,174
Q9UN37,99,S,OG,True,41.24275588989258,174
Q9UNL4,123,S,OG,True,39.21476364135742,217
Q9UNQ2,24,S,OG,True,21.591493606567383,37
Q9UNY4,351,S,OG,True,87.48011016845703,598
Q9UPN9,862,S,OG,True,63.03778076171875,304
Q9UPP1,501,S,OG,True,58.86147689819336,355
Q9UPP1,722,S,OG,True,55.044334411621094,285
Q9UPP1,857,S,OG,True,46.273277282714844,283
Q9UPP1,969,S,OG,True,71.11430358886719,285
Q9UPS6,461,S,OG,True,74.39376068115234,1943
Q9UPS6,909,T,OG1,True,38.338905334472656,1943
Q9UPS6,930,S,OG,True,53.72010803222656,1943
Q9UPU5,63,S,OG,True,74.22781372070312,1698
Q9UPU5,89,T,OG1,True,71.53764343261719,1970
Q9UPU5,1305,S,OG,True,54.86129379272461,1970
Q9UPU5,1375,S,OG,True,71.45130920410156,1698
Q9UPU5,2077,S,OG,True,73.56319427490234,1698
Q9UPU5,2561,S,OG,True,54.08279037475586,1970
Q9UQ84,639,S,OG,True,68.98770141601562,78
Q9UQE7,1074,S,OG,True,74.86473846435547,39
Q9UQL6,499,S,OG,True,34.687644958496094,833
Q9UQL6,662,S,OG,True,72.00807189941406,833
Q9Y242,263,T,OG1,True,50.56648254394531,298
Q9Y2I7,312,S,OG,True,68.22968292236328,213
Q9Y2K2,626,S,OG,True,40.34074020385742,188
Q9Y2K2,866,S,OG,True,37.88125991821289,188
Q9Y2K6,341,S,OG,True,45.49079513549805,154
Q9Y2K6,373,S,OG,True,50.187477111816406,154
Q9Y2K6,377,T,OG1,True,50.22084426879883,154
Q9Y2K6,413,S,OG,True,36.683135986328125,30
Q9Y2K6,430,S,OG,True,27.804977416992188,33
Q9Y2W1,253,S,OG,True,68.75696563720703,559
Q9Y2W1,320,S,OG,True,86.27464294433594,558
Q9Y2W1,324,T,OG1,True,92.38389587402344,558
Q9Y2W1,326,S,OG,True,95.62483978271484,559
Q9Y2W1,560,S,OG,True,3.847825765609741,558
Q9Y2W1,672,S,OG,True,106.30459594726562,559
Q9Y2W1,698,S,OG,True,129.11068725585938,559
Q9Y2W1,918,T,OG1,True,94.04924774169922,558
Q9Y2W1,928,S,OG,True,102.12589263916016,558
Q9Y385,251,S,OG,True,43.628814697265625,91
Q9Y3B8,17,S,OG,True,64.2372055053711,47
Q9Y3S1,1150,S,OG,True,52.40957260131836,277
Q9Y450,58,Y,OH,True,25.87758445739746,269
Q9Y462,221,T,OG1,True,66.96709442138672,567
Q9Y4B4,1198,T,OG1,True,53.42568588256836,306
Q9Y4B4,1260,T,OG1,True,69.29380798339844,306
Q9Y4B4,1267,S,OG,True,79.74736022949219,306
Q9Y4B4,1450,S,OG,True,43.64925765991211,312
Q9Y4B4,1451,S,OG,True,42.02675247192383,312
Q9Y4C1,308,T,OG1,True,56.055030822753906,1122
Q9Y4C1,325,S,OG,True,51.279258728027344,1120
Q9Y4C1,445,S,OG,True,58.066795349121094,1122
Q9Y4C1,463,S,OG,True,65.32910919189453,1122
Q9Y4C1,819,S,OG,True,37.80348205566406,1122
Q9Y4G8,930,S,OG,True,40.606407165527344,222
Q9Y4G8,1080,S,OG,True,12.169848442077637,157
Q9Y4G8,1325,S,OG,True,23.928930282592773,243
Q9Y4K4,433,S,OG,True,64.82614135742188,31
Q9Y4K4,436,S,OG,True,64.35574340820312,31
Q9Y572,227,S,OG,True,19.418798446655273,142
Q9Y572,410,S,OG,True,44.27524185180664,142
Q9Y5A9,4,S,OG,True,48.862449645996094,432
Q9Y5P4,126,S,OG,True,70.42964935302734,472
Q9Y5P4,377,S,OG,True,26.63273048400879,530
Q9Y5X1,116,S,OG,True,54.49193572998047,327
Q9Y5X2,441,S,OG,True,48.071754455566406,148
Q9Y618,67,S,OG,True,47.136661529541016,471
Q9Y618,215,S,OG,True,94.19829559326172,471
Q9Y618,2044,S,OG,True,41.78685760498047,470
Q9Y666,40,S,OG,True,66.29016876220703,434
Q9Y6G9,415,S,OG,True,35.735103607177734,76
Q9Y6G9,516,S,OG,True,42.17098617553711,81
Q9Y6I3,470,T,OG1,True,51.26045608520508,63
Q9Y6K1,75,S,OG,True,51.79403305053711,710
Q9Y6K1,138,T,OG1,True,53.12141036987305,643
Q9Y6K1,260,T,OG1,True,47.801692962646484,891
Q9Y6K1,261,T,OG1,True,49.425540924072266,891
Q9Y6R4,77,T,OG1,True,67.58851623535156,1349
Q9Y6R4,431,S,OG,True,38.7440185546875,1349
Q9Y6R4,447,T,OG1,True,57.77345275878906,1349
Q9Y6X9,615,S,OG,True,21.38882064819336,427
Q9Y6X9,733,T,OG1,True,34.388187408447266,536
