acc,pos,nearest_feat_pos,n_covering_records,codes,is_experimental,feat_types,ligands,min_dist_A,y
P00924,10,376,1,ECO:0000269,True,Binding site,substrate,15.845911979675291,0
P00924,12,376,1,ECO:0000269,True,Binding site,substrate,9.896291732788086,0
P00924,188,212,1,ECO:0000269,True,Active site,,11.83523654937744,1
P00924,290,169,1,ECO:0000269,True,Binding site,substrate,11.450397491455078,0
P02829,282,119,1,ECO:0000269;ECO:0007744,True,Binding site,ATP,28.333364486694336,0
P02829,297,380,1,ECO:0000269;ECO:0007744,True,Binding site,ATP,20.191083908081055,1
P02829,379,380,1,ECO:0000269;ECO:0007744,True,Binding site,ATP,1.3419464826583862,0
P02829,533,380,1,ECO:0000269;ECO:0007744,True,Binding site,ATP,66.66445922851562,1
P02829,604,380,1,ECO:0000269;ECO:0007744,True,Binding site,ATP,46.17081832885742,0
P02829,612,380,1,ECO:0000269;ECO:0007744,True,Binding site,ATP,59.30220413208008,1
P04050,1460,70,1,ECO:0000269;ECO:0007744,True,Binding site,Zn(2+),50.49840545654297,0
P04050,1471,70,1,ECO:0000269;ECO:0007744,True,Binding site,Zn(2+),41.56484603881836,0
P06244,241,210,1,(none),False,Active site,,9.76496124267578,1
P06782,210,177,1,ECO:0000255,False,Active site,,9.079323768615724,1
P06782,211,177,1,ECO:0000255,False,Active site,,9.060124397277832,1
P06782,217,177,1,ECO:0000255,False,Active site,,6.122025012969971,1
P06782,413,177,1,ECO:0000255,False,Active site,,28.930192947387695,0
P06782,487,177,1,ECO:0000255,False,Active site,,67.48636627197266,1
P08018,248,485,1,ECO:0000255,False,Active site,,55.94901657104492,0
P11792,288,418,1,ECO:0000255,False,Binding site,ATP,25.88221549987793,1
P11792,290,418,1,ECO:0000255,False,Binding site,ATP,25.63114547729492,1
P11792,568,538,1,ECO:0000255,False,Active site,,10.89484405517578,1
P11792,726,423,1,ECO:0000255,False,Binding site,ATP,16.79967498779297,1
P11986,42,369,1,ECO:0000269;ECO:0007744,True,Binding site,NAD(+),39.01385498046875,1
P11986,48,320,1,ECO:0000269;ECO:0007744,True,Binding site,NAD(+),33.4875373840332,0
P11986,368,369,1,ECO:0000269;ECO:0007744,True,Binding site,NAD(+),1.340893030166626,1
P11986,375,369,1,ECO:0000269;ECO:0007744,True,Binding site,NAD(+),7.465838432312012,0
P12683,551,813,1,ECO:0000250,False,Binding site,NADP(+),51.23435974121094,1
P12683,575,1025,1,ECO:0000250,False,Binding site,NADP(+),31.56197738647461,1
P12683,577,1025,1,ECO:0000250,False,Binding site,NADP(+),32.68137741088867,1
P12683,580,722,1,ECO:0000250,False,Binding site,CoA,35.34070587158203,0
P12684,556,1021,1,ECO:0000250,False,Binding site,NADP(+),59.05854034423828,1
P12684,565,1020,1,ECO:0000250,False,Binding site,NADP(+),47.88321685791016,0
P12688,508,470,1,ECO:0000255,False,Active site,,2.836493015289306,1
P12904,7,312,3,ECO:0000250;ECO:0000269;ECO:0007744,True,Binding site,ADP;AMP;ATP,21.811134338378903,0
P12904,73,42,1,ECO:0000250,False,Binding site,ADP,14.630712509155272,0
P12904,81,146,1,ECO:0000250,False,Binding site,ADP,5.99046516418457,0
P13185,990,269,1,ECO:0000255,False,Active site,,48.551883697509766,1
P13185,1000,130,1,ECO:0000255,False,Binding site,ATP,32.15034484863281,0
P16140,83,381,1,ECO:0000250,False,Binding site,ATP,38.891845703125,0
P16140,84,381,1,ECO:0000250,False,Binding site,ATP,41.22591018676758,0
P16140,137,381,1,ECO:0000250,False,Binding site,ATP,21.062583923339844,0
P16140,284,381,1,ECO:0000250,False,Binding site,ATP,19.36030006408691,1
P16140,370,381,1,ECO:0000250,False,Binding site,ATP,21.585508346557617,1
P16140,378,381,1,ECO:0000250,False,Binding site,ATP,7.700033664703369,1
P16140,380,381,1,ECO:0000250,False,Binding site,ATP,1.3399593830108645,1
P16140,407,381,1,ECO:0000250,False,Binding site,ATP,16.867591857910156,0
P16140,485,381,1,ECO:0000250,False,Binding site,ATP,26.23292350769043,1
P16140,501,381,1,ECO:0000250,False,Binding site,ATP,51.7973747253418,0
P16140,503,381,1,ECO:0000250,False,Binding site,ATP,58.4520378112793,1
P16140,511,381,1,ECO:0000250,False,Binding site,ATP,73.8664321899414,0
P16387,313,312,1,ECO:0000250,False,Binding site,thiamine diphosphate,1.3296478986740112,0
P16387,315,312,1,ECO:0000250,False,Binding site,thiamine diphosphate,6.331162452697754,1
P20449,86,138,1,ECO:0000255,False,Binding site,ATP,18.444639205932617,0
P20604,209,238,1,ECO:0000250,False,Binding site,Mn(2+),6.694573402404785,1
P21965,24,68,1,ECO:0000255,False,Binding site,ATP,14.043972969055176,0
P21965,198,164,1,ECO:0000255,False,Active site,,9.988041877746582,0
P21965,199,46,1,ECO:0000255,False,Binding site,ATP,8.72653865814209,1
P22082,1478,794,1,ECO:0000255,False,Binding site,ATP,65.37679290771484,0
P22204,51,206,1,ECO:0000255,False,Binding site,ATP,43.82935333251953,1
P23561,231,421,1,ECO:0000255,False,Binding site,ATP,24.908695220947266,0
P23561,323,421,1,ECO:0000255,False,Binding site,ATP,19.634662628173828,1
P23561,387,444,1,ECO:0000255,False,Binding site,ATP,36.672855377197266,0
P23561,616,426,1,ECO:0000255,False,Binding site,ATP,5.256359100341797,1
P25037,530,697,1,ECO:0000255,False,Active site,,25.716379165649418,0
P25037,531,697,1,ECO:0000255,False,Active site,,26.357635498046875,0
P25037,638,697,1,ECO:0000255,False,Active site,,51.13713455200195,0
P25333,123,449,1,ECO:0000255,False,Active site,,52.42375564575195,1
P25333,155,324,1,ECO:0000255,False,Binding site,ATP,34.08082580566406,1
P32324,466,32,1,ECO:0000305;ECO:0007744,True,Binding site,GTP,19.90245819091797,1
P32324,566,27,1,ECO:0000305;ECO:0007744,True,Binding site,GTP,31.051958084106445,1
P32324,569,27,1,ECO:0000305;ECO:0007744,True,Binding site,GTP,37.6397819519043,1
P32328,359,177,1,ECO:0000255,False,Binding site,ATP,16.623065948486328,0
P32485,174,144,1,ECO:0000255,False,Active site,,10.915719985961914,1
P32485,176,34,1,ECO:0000255,False,Binding site,ATP,6.300754070281982,1
P32490,163,349,1,ECO:0000255,False,Active site,,17.494686126708984,1
P32490,180,349,1,ECO:0000255,False,Active site,,33.567054748535156,0
P32490,191,250,1,ECO:0000255,False,Binding site,ATP,34.54972839355469,0
P32490,192,250,1,ECO:0000255,False,Binding site,ATP,32.59056854248047,1
P32490,194,250,1,ECO:0000255,False,Binding site,ATP,27.681028366088867,1
P32490,195,250,1,ECO:0000255,False,Binding site,ATP,27.227914810180664,1
P32490,458,349,1,ECO:0000255,False,Active site,,24.66587257385254,1
P32561,6,151,1,ECO:0000305,False,Active site,,27.28352165222168,0
P32561,385,151,1,ECO:0000305,False,Active site,,28.57512664794922,0
P32561,388,151,1,ECO:0000305,False,Active site,,28.465673446655273,1
P32561,408,151,1,ECO:0000305,False,Active site,,32.42258071899414,0
P32561,418,151,1,ECO:0000305,False,Active site,,37.47762680053711,1
P32801,516,101,1,ECO:0000255,False,Binding site,ATP,20.05537796020508,0
P32801,551,98,1,ECO:0000255,False,Binding site,ATP,8.80594253540039,0
P32801,580,98,1,ECO:0000255,False,Binding site,ATP,61.98612594604492,0
P32801,581,98,1,ECO:0000255,False,Binding site,ATP,61.790863037109375,0
P37263,49,48,1,ECO:0000255,False,Binding site,Zn(2+),1.3308113813400269,0
P37263,53,51,1,ECO:0000255,False,Binding site,Zn(2+),3.604691743850708,0
P37263,121,51,1,ECO:0000255,False,Binding site,Zn(2+),22.14497947692871,1
P37263,126,51,1,ECO:0000255,False,Binding site,Zn(2+),29.518346786499023,0
P38953,2,49,1,ECO:0000255,False,Binding site,ATP,45.64744567871094,0
P38953,14,49,1,ECO:0000255,False,Binding site,ATP,24.08891487121582,1
P43565,1061,918,1,ECO:0000255,False,Active site,,35.971309661865234,0
P43565,1525,802,1,ECO:0000255,False,Binding site,ATP,66.47244262695312,1
P43565,1764,805,1,ECO:0000255,False,Binding site,ATP,51.48599624633789,1
P47116,587,285,1,ECO:0000255,False,Binding site,ATP,20.922407150268555,1
P47116,623,268,1,ECO:0000255,False,Binding site,ATP,17.066509246826172,0
P47116,726,388,1,ECO:0000255,False,Active site,,53.58572769165039,0
P47116,727,388,1,ECO:0000255,False,Active site,,54.481441497802734,0
P47116,730,388,1,ECO:0000255,False,Active site,,59.056915283203125,0
P47116,737,388,1,ECO:0000255,False,Active site,,63.78716278076172,1
P47116,781,285,1,ECO:0000255,False,Binding site,ATP,43.50135803222656,0
P50873,98,175,1,ECO:0000255,False,Binding site,ATP,30.462270736694336,0
P50873,323,289,1,ECO:0000255,False,Active site,,10.152339935302734,1
P50873,324,289,1,ECO:0000255,False,Active site,,8.921100616455078,1
P50947,150,307,1,ECO:0000250,False,Binding site,Zn(2+),34.58069610595703,0
P50947,234,307,1,ECO:0000250,False,Binding site,Zn(2+),42.65723419189453,0
P50947,264,323,1,ECO:0000250,False,Binding site,Zn(2+),13.44479751586914,0
P50947,267,283,1,ECO:0000250,False,Binding site,Zn(2+),13.082221031188965,0
P53599,78,1272,1,ECO:0000255,False,Binding site,ATP,42.83266830444336,1
P53599,1424,1277,1,ECO:0000255,False,Binding site,ATP,21.311338424682617,1
P53599,1460,1390,1,ECO:0000255,False,Active site,,3.208043336868286,0
P53599,1468,1390,1,ECO:0000255,False,Active site,,8.061418533325195,0
Q00772,190,34,1,ECO:0000255,False,Binding site,ATP,10.354703903198242,1
Q00772,192,34,1,ECO:0000255,False,Binding site,ATP,6.579809188842773,1
Q00772,340,34,1,ECO:0000255,False,Binding site,ATP,18.91645050048828,0
Q00772,413,29,1,ECO:0000255,False,Binding site,ATP,35.49823760986328,0
Q00772,414,29,1,ECO:0000255,False,Binding site,ATP,33.39409255981445,1
Q00772,416,29,1,ECO:0000255,False,Binding site,ATP,31.503995895385746,0
Q00772,428,29,1,ECO:0000255,False,Binding site,ATP,11.047675132751465,1
Q00772,453,33,1,ECO:0000255,False,Binding site,ATP,35.658145904541016,0
Q03330,64,186,1,ECO:0000250,False,Binding site,acetyl-CoA,24.49939346313477,1
Q03330,204,173,1,ECO:0000250,False,Active site,,10.2855224609375,1
Q03330,212,173,1,ECO:0000250,False,Active site,,5.740200042724609,1
Q03497,502,739,1,ECO:0000255,False,Active site,,57.28337860107422,0
Q03497,575,630,1,ECO:0000255,False,Binding site,ATP,50.28120040893555,0
Q03533,449,180,1,ECO:0000255,False,Active site,,37.25712585449219,0
Q03533,513,47,1,ECO:0000255,False,Binding site,ATP,30.84992790222168,1
Q03533,522,49,1,ECO:0000255,False,Binding site,ATP,26.226665496826172,0
Q03656,338,164,1,ECO:0000255,False,Binding site,ATP,42.172176361083984,1
Q03656,360,171,1,ECO:0000255,False,Binding site,ATP,67.58240509033203,0
Q03656,362,171,1,ECO:0000255,False,Binding site,ATP,66.78852844238281,1
Q03656,386,164,1,ECO:0000255,False,Binding site,ATP,8.525918960571289,0
Q03656,388,164,1,ECO:0000255,False,Binding site,ATP,3.58735728263855,1
Q03656,396,164,1,ECO:0000255,False,Binding site,ATP,12.419663429260254,0
Q03656,410,164,1,ECO:0000255,False,Binding site,ATP,26.054012298583984,0
Q03656,414,164,1,ECO:0000255,False,Binding site,ATP,34.70024490356445,0
Q03656,417,164,1,ECO:0000255,False,Binding site,ATP,42.53809356689453,0
Q03656,427,164,1,ECO:0000255,False,Binding site,ATP,56.1058235168457,1
Q03656,445,164,1,ECO:0000255,False,Binding site,ATP,50.5717658996582,1
Q03656,449,164,1,ECO:0000255,False,Binding site,ATP,41.48918914794922,0
Q03656,453,164,1,ECO:0000255,False,Binding site,ATP,38.63372421264648,0
Q03656,455,164,1,ECO:0000255,False,Binding site,ATP,41.63141250610352,0
Q03656,725,294,1,ECO:0000255,False,Active site,,19.486112594604492,0
Q04439,349,131,1,ECO:0000255,False,Binding site,ATP,45.21429443359375,1
Q04439,359,131,1,ECO:0000255,False,Binding site,ATP,43.37937545776367,1
Q04439,777,133,1,ECO:0000255,False,Binding site,ATP,90.7554168701172,1
Q04439,992,133,1,ECO:0000255,False,Binding site,ATP,86.01949310302734,1
Q04439,1205,133,1,ECO:0000255,False,Binding site,ATP,53.57682418823242,1
Q06385,14,178,1,ECO:0000305,False,Binding site,"a 1,2-diacyl-sn-glycero-3-phospho-(1D-myo-inositol 4-phosphate)",29.593843460083008,1
Q06385,19,178,1,ECO:0000305,False,Binding site,"a 1,2-diacyl-sn-glycero-3-phospho-(1D-myo-inositol 4-phosphate)",37.99903869628906,1
Q06385,22,178,1,ECO:0000305,False,Binding site,"a 1,2-diacyl-sn-glycero-3-phospho-(1D-myo-inositol 4-phosphate)",36.65755081176758,0
Q08972,1191,605,1,ECO:0000255,False,Binding site,ATP,47.28818893432617,1
Q12222,211,173,1,ECO:0000255,False,Active site,,2.6456551551818848,0
Q12271,975,606,1,ECO:0000255,False,Binding site,Mg(2+),73.57141876220703,1
Q12386,235,502,1,ECO:0000250,False,Binding site,ATP,49.16253662109375,0
Q12386,237,502,1,ECO:0000250,False,Binding site,ATP,48.11997985839844,0
Q12464,11,82,1,ECO:0000250,False,Binding site,ATP,18.86264991760254,0
