acc,Gene name,pos,pmt_aa_wt,pmt_aa_mutant,distance_A,nearest_feat_pos,dpos,seq_adjacent,outcome_has_pheno
P16387,PDA1,313,S,A,1.3296478986740112,312,1,True,0
P37263,YCR087C-A,49,T,A,1.3308113813400269,48,1,True,0
P16140,VMA2,380,S,A,1.3399593830108645,381,1,True,1
P11986,INO1,368,S,A,1.340893030166626,369,1,True,1
P02829,HSP82,379,S,A,1.3419464826583862,380,1,True,0
Q12222,YGK3,211,S,A,2.6456551551818848,173,38,False,0
P12688,YPK1,508,T,A,2.836493015289306,470,38,False,1
P53599,SSK2,1460,T,A,3.208043336868286,1390,70,False,0
Q03656,SKY1,388,S,A,3.58735728263855,164,224,False,1
P37263,YCR087C-A,53,S,A,3.604691743850708,51,2,True,0
P23561,STE11,616,S,A,5.256359100341797,426,190,False,1
Q03330,GCN5,212,Y,A,5.740200042724609,173,39,False,1
P12904,SNF4,81,T,A,5.99046516418457,146,65,False,0
P06782,SNF1,217,Y,A,6.122025012969971,177,40,False,1
P32485,HOG1,176,Y,A,6.300754070281982,34,142,False,1
P16387,PDA1,315,S,A,6.331162452697754,312,3,False,1
Q00772,SLT2,192,Y,A,6.579809188842773,34,158,False,1
P20604,SIT4,209,S,A,6.694573402404785,238,29,False,1
P11986,INO1,375,S,A,7.465838432312012,369,6,False,0
P16140,VMA2,378,S,A,7.700033664703369,381,3,False,1
P53599,SSK2,1468,S,A,8.061418533325195,1390,78,False,0
Q03656,SKY1,386,T,A,8.525918960571289,164,222,False,0
P21965,MCK1,199,Y,A,8.72653865814209,46,153,False,1
P32801,ELM1,551,T,A,8.80594253540039,98,453,False,0
P50873,MRK1,324,Y,A,8.921100616455078,289,35,False,1
P06782,SNF1,211,S,A,9.060124397277832,177,34,False,1
P06782,SNF1,210,T,A,9.079323768615724,177,33,False,1
P06244,TPK1,241,T,A,9.76496124267578,210,31,False,1
P00924,ENO1,12,Y,A,9.896291732788086,376,364,False,0
P21965,MCK1,198,S,A,9.988041877746582,164,34,False,0
P50873,MRK1,323,S,A,10.152339935302734,289,34,False,1
Q03330,GCN5,204,S,A,10.2855224609375,173,31,False,1
Q00772,SLT2,190,T,A,10.354703903198242,34,156,False,1
P11792,SCH9,568,T,A,10.89484405517578,538,30,False,1
P32485,HOG1,174,T,A,10.915719985961914,144,30,False,1
Q00772,SLT2,428,S,A,11.047675132751465,29,399,False,1
P00924,ENO1,290,Y,A,11.450397491455078,169,121,False,0
P00924,ENO1,188,S,A,11.83523654937744,212,24,False,1
Q03656,SKY1,396,S,A,12.419663429260254,164,232,False,0
P50947,PHO23,267,S,A,13.082221031188965,283,16,False,0
P50947,PHO23,264,S,A,13.44479751586914,323,59,False,0
P21965,MCK1,24,S,A,14.043972969055176,68,44,False,0
P12904,SNF4,73,S,A,14.630712509155272,42,31,False,0
