acc,pos,Gene name,dist_core_A,replicate_strains,mean_called_any,mean_called_defect,mean_called_enhance,dominance,sscore_min,sscore_max,r3_profile_extreme
P02829,533,HSP82,66.66445922851562,1,1.0,1.0,0.0,defect_dominant,-5.246714,2.518512,defect
P02829,612,HSP82,59.30220413208008,1,1.0,1.0,0.0,defect_dominant,-2.322402,2.628419,enhancement
P06244,241,TPK1,9.76496124267578,1,8.0,5.0,3.0,defect_dominant,-8.663533,3.421617,defect
P06782,211,SNF1,9.060124397277832,1,2.0,2.0,0.0,defect_dominant,-3.040985,2.865712,defect
P06782,217,SNF1,6.122025012969971,1,26.0,19.0,7.0,defect_dominant,-6.091231,4.181375,defect
P11792,726,SCH9,16.79967498779297,1,5.0,4.0,1.0,defect_dominant,-4.38722,4.775925,enhancement
P11986,42,INO1,39.01385498046875,1,21.0,15.0,6.0,defect_dominant,-19.249921,4.636725,defect
P11986,368,INO1,1.340893030166626,1,2.0,2.0,0.0,defect_dominant,-7.407743,1.404868,defect
P12688,508,YPK1,2.836493015289306,1,25.0,19.0,6.0,defect_dominant,-10.480137,2.680962,defect
P13185,990,KIN1,48.551883697509766,1,1.0,1.0,0.0,defect_dominant,-7.545284,1.869885,defect
P16140,284,VMA2,19.36030006408691,1,15.0,10.0,5.0,defect_dominant,-5.858013,4.264899,defect
P16140,370,VMA2,21.585508346557617,1,1.0,1.0,0.0,defect_dominant,-2.986327,1.882742,defect
P16140,380,VMA2,1.3399593830108645,1,7.0,6.0,1.0,defect_dominant,-6.336357,2.774065,defect
P16140,485,VMA2,26.23292350769043,1,4.0,4.0,0.0,defect_dominant,-4.497259,2.267414,defect
P20604,209,SIT4,6.694573402404785,1,23.0,17.0,6.0,defect_dominant,-11.496318,4.415606,defect
P21965,199,MCK1,8.72653865814209,1,22.0,17.0,5.0,defect_dominant,-6.346269,5.611347,defect
P22204,51,DBF2,43.82935333251953,1,23.0,20.0,3.0,defect_dominant,-7.625327,4.738573,defect
P23561,323,STE11,19.634662628173828,1,1.0,1.0,0.0,defect_dominant,-3.805394,1.753599,defect
P25333,123,SAT4,52.42375564575195,1,2.0,2.0,0.0,defect_dominant,-2.329344,2.998075,enhancement
P32324,466,EFT2,19.90245819091797,1,7.0,5.0,2.0,defect_dominant,-12.858942,3.261702,defect
P32324,566,EFT2,31.051958084106445,2,7.5,5.5,2.0,defect_dominant,-6.52018,3.624371,defect
P32485,174,HOG1,10.915719985961914,1,26.0,20.0,6.0,defect_dominant,-13.668263,3.122824,defect
P32490,163,MKK1,17.494686126708984,1,1.0,1.0,0.0,defect_dominant,-3.533783,1.808472,defect
P32490,192,MKK1,32.59056854248047,1,1.0,1.0,0.0,defect_dominant,-4.574864,1.789521,defect
P32490,194,MKK1,27.681028366088867,1,1.0,1.0,0.0,defect_dominant,-3.027584,1.710287,defect
P32490,195,MKK1,27.227914810180664,1,24.0,17.0,7.0,defect_dominant,-8.46394,4.057265,defect
P32490,458,MKK1,24.66587257385254,1,1.0,1.0,0.0,defect_dominant,-3.540663,1.510877,defect
P32561,418,RPD3,37.47762680053711,1,18.0,16.0,2.0,defect_dominant,-13.066017,4.443381,defect
P37263,121,YCR087C-A,22.14497947692871,1,24.0,21.0,3.0,defect_dominant,-19.750085,2.687988,defect
P38953,14,RAD55,24.08891487121582,1,22.0,18.0,4.0,defect_dominant,-13.395525,4.233494,defect
P43565,1525,RIM15,66.47244262695312,1,7.0,4.0,3.0,defect_dominant,-4.632846,3.520265,defect
P43565,1764,RIM15,51.48599624633789,3,8.0,5.333333333333333,2.6666666666666665,defect_dominant,-4.085753666666666,2.1250086666666665,defect
Q00772,190,SLT2,10.354703903198242,1,28.0,24.0,4.0,defect_dominant,-19.15138,3.553091,defect
Q00772,192,SLT2,6.579809188842773,1,28.0,25.0,3.0,defect_dominant,-20.215023,2.686158,defect
Q00772,414,SLT2,33.39409255981445,1,12.0,11.0,1.0,defect_dominant,-6.623302,2.869657,defect
Q00772,428,SLT2,11.047675132751465,1,1.0,1.0,0.0,defect_dominant,-2.78376,1.79264,defect
Q03330,212,GCN5,5.740200042724609,1,3.0,3.0,0.0,defect_dominant,-3.385832,2.414615,defect
Q03533,513,TDA1,30.84992790222168,1,2.0,2.0,0.0,defect_dominant,-4.197022,2.381934,defect
Q03656,362,SKY1,66.78852844238281,1,3.0,3.0,0.0,defect_dominant,-5.837701,1.572493,defect
Q03656,388,SKY1,3.58735728263855,1,6.0,4.0,2.0,defect_dominant,-3.941603,5.379279,enhancement
Q04439,349,MYO5,45.21429443359375,1,4.0,3.0,1.0,defect_dominant,-4.487455,4.008261,defect
Q04439,777,MYO5,90.7554168701172,1,5.0,4.0,1.0,defect_dominant,-4.756743,3.971977,defect
Q06385,14,VPS74,29.593843460083008,1,41.0,29.0,12.0,defect_dominant,-12.48012,3.959226,defect
Q06385,19,VPS74,37.99903869628906,1,19.0,19.0,0.0,defect_dominant,-9.92286,2.728868,defect
Q08972,1191,NEW1,47.28818893432617,1,12.0,10.0,2.0,defect_dominant,-14.036067,4.160971,defect
Q12271,975,INP53,73.57141876220703,1,1.0,1.0,0.0,defect_dominant,-3.29486,1.230384,defect
P02829,297,HSP82,20.191083908081055,1,3.0,0.0,3.0,enhancement_dominant,-2.506784,3.3678,enhancement
P06782,210,SNF1,9.079323768615724,1,13.0,6.0,7.0,enhancement_dominant,-7.910362,3.073211,defect
P11792,288,SCH9,25.88221549987793,1,1.0,0.0,1.0,enhancement_dominant,-1.900036,2.471013,enhancement
P11792,290,SCH9,25.63114547729492,1,7.0,3.0,4.0,enhancement_dominant,-3.534754,3.790485,enhancement
P11792,568,SCH9,10.89484405517578,1,6.0,2.0,4.0,enhancement_dominant,-4.746889,4.910851,enhancement
P12683,551,HMG1,51.23435974121094,1,5.0,2.0,3.0,enhancement_dominant,-3.52669,3.600734,enhancement
P12683,575,HMG1,31.56197738647461,1,1.0,0.0,1.0,enhancement_dominant,-2.732344,1.945622,defect
P12683,577,HMG1,32.68137741088867,1,1.0,0.0,1.0,enhancement_dominant,-2.456637,2.259501,defect
P12684,556,HMG2,59.05854034423828,1,7.0,3.0,4.0,enhancement_dominant,-4.208545,2.655828,defect
P16140,378,VMA2,7.700033664703369,1,6.0,2.0,4.0,enhancement_dominant,-3.690328,3.887244,enhancement
P16387,315,PDA1,6.331162452697754,1,2.0,0.0,2.0,enhancement_dominant,-3.051735,2.989919,defect
P23561,616,STE11,5.256359100341797,1,7.0,3.0,4.0,enhancement_dominant,-5.173299,3.311974,defect
P32324,569,EFT2,37.6397819519043,1,4.0,1.0,3.0,enhancement_dominant,-5.010901,3.122946,defect
P32485,176,HOG1,6.300754070281982,1,10.0,4.0,6.0,enhancement_dominant,-3.905932,2.84382,defect
P32561,388,RPD3,28.465673446655273,1,1.0,0.0,1.0,enhancement_dominant,-2.307932,3.050185,enhancement
P47116,587,PTK2,20.922407150268555,1,1.0,0.0,1.0,enhancement_dominant,-1.262322,3.044184,enhancement
P47116,737,PTK2,63.78716278076172,1,6.0,2.0,4.0,enhancement_dominant,-3.620806,2.927486,defect
P50873,323,MRK1,10.152339935302734,1,1.0,0.0,1.0,enhancement_dominant,-3.447857,3.409634,defect
P50873,324,MRK1,8.921100616455078,1,1.0,0.0,1.0,enhancement_dominant,-3.323446,3.274612,defect
P53599,78,SSK2,42.83266830444336,1,7.0,3.0,4.0,enhancement_dominant,-3.916215,5.606641,enhancement
P53599,1424,SSK2,21.311338424682617,1,1.0,0.0,1.0,enhancement_dominant,-1.318954,4.248154,enhancement
Q03330,204,GCN5,10.2855224609375,1,2.0,0.0,2.0,enhancement_dominant,-2.634858,3.054952,enhancement
Q03656,338,SKY1,42.172176361083984,1,8.0,2.0,6.0,enhancement_dominant,-4.456054,3.502544,defect
Q04439,992,MYO5,86.01949310302734,1,1.0,0.0,1.0,enhancement_dominant,-2.49888,3.148741,enhancement
Q04439,1205,MYO5,53.57682418823242,1,1.0,0.0,1.0,enhancement_dominant,-1.472064,3.394274,enhancement
P00924,188,ENO1,11.83523654937744,1,6.0,3.0,3.0,tied,-5.427517,3.350492,defect
P06782,487,SNF1,67.48636627197266,1,2.0,1.0,1.0,tied,-2.398476,2.825742,enhancement
P16140,503,VMA2,58.4520378112793,1,2.0,1.0,1.0,tied,-4.051833,2.544812,defect
P25333,155,SAT4,34.08082580566406,1,6.0,3.0,3.0,tied,-3.740359,2.886789,defect
Q03330,64,GCN5,24.49939346313477,1,2.0,1.0,1.0,tied,-2.767709,2.443284,defect
Q03656,427,SKY1,56.1058235168457,1,2.0,1.0,1.0,tied,-4.075345,2.883577,defect
Q03656,445,SKY1,50.5717658996582,1,4.0,2.0,2.0,tied,-3.997593,3.630912,defect
Q04439,359,MYO5,43.37937545776367,1,2.0,1.0,1.0,tied,-3.954307,2.872736,defect
