Strain ID,Gene name,Systematic name,Strain name,pmt_position,pmt_aa_wt,pmt_aa_mutant,is_point_mutant,is_gene_control,inScreening,notes,Phosphogrid_notes,source_pos,pos,position_resolution,acc,check,raw_profile_rows,raw_conditions,raw_n_q05,raw_min_q,raw_profile_available,wgs_quality_flag,scar_control_correlation_flag,cohort_disposition,eligible_raw_cohort,refpby,cor_estimate,cor_pvalue,cor_fdr,label,isPhosphogrid,age_w0_group,is_disopred,disopred_score_inv,domain_uniprot,pgrid_pubmed_count,quant_top1,ptmfunc_counts,PWM_nkinTop01,sift_ala_score_inv,group,supp6_phenotypes,supp6_extremePheno,phenotypes,extremePheno,has_pheno,in_supplementary_data_6,has_annot,is_itself_annot
PBY38,INP53,YOR109W,INP53 S975 ,975.0,S,A,True,False,True,point mutation to alanine,,975,975,source workbook coordinate,Q12271,MATCH,102.0,102.0,1.0,0.0289848037097265,True,False,False,include: sequence-validated raw-screen strain,True,PBY38,0.56809397897617,7.06996329899747e-10,1.56324744055611e-08,INP53 S975A,False,Y2,1.0,-0.99,,3.0,3.0,1.0,1.0,-0.305590470343841,losses,1.0,0.0289848037097265,1.0,0.0289848037097265,True,True,True,False
PBY63,SSK2,YNR031C,SSK2 S1424,1424.0,S,A,True,False,True,point mutation to alanine,,1424,1424,source workbook coordinate,P53599,MATCH,102.0,102.0,1.0,0.000705135093134129,True,False,False,include: sequence-validated raw-screen strain,True,PBY63,0.206272287439914,0.0384973903135986,0.124568791421238,SSK2 S1424A,False,S1,1.0,-0.89,Protein kinase,1.0,,4.0,1.0,-0.873548692410337,unknown,1.0,0.000705135093134129,1.0,0.000705135093134129,True,True,True,False
PBY64,SNF1,YDR477W,SNF1 S487 ,487.0,S,A,True,False,True,point mutation to alanine,"PMID 21126336: Predicted protein kinase = CDC28, accumulates in nat3 cells.",487,487,source workbook coordinate,P06782,MATCH,102.0,102.0,2.0,0.00249609036819816,True,False,False,include: sequence-validated raw-screen strain,True,,,,,,,,,,,,,,,,,,,2.0,0.00249609036819816,True,False,True,False
PBY71,UBP1,YDL122W,UBP1 S531,531.0,S,A,True,False,True,point mutation to alanine,"5 peptide occurrences in PMID 17330950|PMID 19823750: 5,20 min 0.4M NaCl ratio (log2); -0.022,-0.226|PMID 19823750: best predicted motif = CK2|PMID 21126336: Predicted protein kinase = CKA2|Deletion of protein Kinase YIL035C/CKA1 causes Decreased logFC -7.038 - PMID 21177495|Deletion of protein Kinase YDL025C/RTK1 causes Fold Change logFC -2.047 - PMID 21177495|Deletion of protein Phosphatase YDL134C/PPH21 causes Fold Change logFC -1.516 - PMID 21177495|Deletion of protein Phosphatase YIR026C/YVH1 causes Fold Change logFC -1.609 - PMID 21177495|Deletion of protein Kinase YKL198C/PTK1 causes Fold Change logFC 3.087 - PMID 21177495.",531,531,source workbook coordinate,P25037,MATCH,102.0,102.0,0.0,0.0690440746331977,True,False,False,include: sequence-validated raw-screen strain,True,PBY71,0.167374749126423,0.0943309000717868,0.231751223633155,UBP1 S531A,False,Y1,1.0,-0.97,,9.0,6.0,41.0,0.0,-0.0862439990357343,unchanged,0.0,0.0690440746331977,0.0,0.0690440746331977,False,True,True,False
PBY72,MYO5,YMR109W,MYO5 S1205,1205.0,S,A,True,False,True,point mutation to alanine,1 peptide occurrence in PMID 17330950|PMID 19823750: best predicted motif = CAMK2.,1205,1205,source workbook coordinate,Q04439,MATCH,102.0,102.0,1.0,0.0122689296938253,True,False,False,include: sequence-validated raw-screen strain,True,PBY72,-0.0383969416372334,0.703038592520341,0.827838342671881,MYO5 S1205A,False,Y0,1.0,-0.97,,5.0,0.0,16.0,0.0,,unknown,1.0,0.0122689296938253,1.0,0.0122689296938253,True,True,True,False
PBY73,MYO5,YMR109W,MYO5 S992 ,992.0,S,A,True,False,True,point mutation to alanine,2 peptide occurrences in PMID 17330950.,992,992,source workbook coordinate,Q04439,MATCH,102.0,102.0,1.0,0.0246798086350238,True,False,False,include: sequence-validated raw-screen strain,True,PBY73,-0.148511275162823,0.138293861125987,0.302422839165621,MYO5 S992A,False,S1,1.0,-0.97,,2.0,0.0,7.0,1.0,-0.759684928848485,unknown,1.0,0.0246798086350238,1.0,0.0246798086350238,True,True,True,False
PBY74,MCK1,YNL307C,MCK1 Y199 ,199.0,Y,A,True,False,True,point mutation to alanine,Y199 is the site of tyrosine autophosphorylation on MCK1; 10 peptide occurrences in PMID 17330950|Deletion of protein Kinase YPL141C/FRK1 causes Decreased logFC -8.043 - PMID 21177495|Deletion of protein Kinase YBR274W/CHK1 causes Fold Change logFC -2.067 - PMID 21177495|Deletion of protein Phosphatase YDL230W/PTP1 causes Fold Change logFC 1.814 - PMID 21177495|Deletion of protein Kinase YDR477W/SNF1 causes Fold Change logFC 2.64 - PMID 21177495|Deletion of protein Kinase YGL021W/ALK1 causes Fold Change logFC 1.57 - PMID 21177495|Deletion of protein Kinase YKL139W/CTK1 causes Fold Change logFC -1.718 - PMID 21177495|Deletion of protein Phosphatase YLL010C/PSR1 causes Fold Change logFC 1.985 - PMID 21177495|Deletion of protein Phosphatase YLR433C/CNA1 causes Fold Change logFC -1.916 - PMID 21177495|Deletion of protein Kinase YMR216C/SKY1 causes Appears logFC 6.254 - PMID 21177495|Deletion of protein Phosphatase YNL032W/SIW14 causes Fold Change logFC 1.905 - PMID 21177495|Deletion of protein Kinase YNL307C/MCK1 causes Decreased logFC -6.691 - PMID 21177495|Deletion of protein Kinase YNR031C/SSK2 causes Fold Change logFC -2.42 - PMID 21177495|Deletion of protein Kinase YOL113W/SKM1 causes Fold Change logFC -1.537 - PMID 21177495|Deletion of protein Kinase YOR231W/MKK1 causes Fold Change logFC 1.833 - PMID 21177495|Deletion of protein Kinase YOR233W/KIN4 causes Fold Change logFC -1.523 - PMID 21177495|Deletion of protein Kinase YPL026C/SKS1 causes Fold Change logFC 1.779 - PMID 21177495|Deletion of protein Kinase YPL203W/TPK2 causes Fold Change logFC 1.759 - PMID 21177495.,199,199,source workbook coordinate,P21965,MATCH,102.0,102.0,22.0,7.22038810967585e-23,True,False,False,include: sequence-validated raw-screen strain,True,PBY74,0.700680006126283,2.44873196456342e-16,1.39227903128034e-14,MCK1 Y199A,False,Y1,0.0,-0.15,Protein kinase,7.0,14.0,32.0,2.0,0.0,losses,22.0,7.22038810967585e-23,22.0,7.22038810967585e-23,True,True,True,False
PBY77,RIM15,YFL033C,RIM15 S1764  ,1764.0,S,A,True,False,True,point mutation to alanine,1 peptide occurrence in PMID 17330950.,1764,1764,source workbook coordinate,P43565,MATCH,102.0,102.0,16.0,6.23349012109029e-65,True,False,False,include: sequence-validated raw-screen strain,True,PBY77,0.756479916298275,3.78292876490815e-20,3.76401412108361e-18,RIM15 S1764A,False,Y1,1.0,-0.98,,2.0,0.0,5.0,2.0,0.0,losses,8.0,4.18787499584268e-11,16.0,6.23349012109029e-65,True,True,True,False
PBY78,RIM15,YFL033C,RIM15 S1764A ,1764.0,S,A,True,False,True,point mutation to alanine,1 peptide occurrence in PMID 17330950.,1764,1764,source workbook coordinate,P43565,MATCH,102.0,102.0,0.0,0.386029213030839,True,False,False,include: sequence-validated raw-screen strain,True,PBY78,-0.214851730679495,0.030117225904585,0.104231790521955,RIM15 S1764A,False,Y1,1.0,-0.98,,2.0,0.0,5.0,2.0,0.0,unchanged,8.0,4.18787499584268e-11,0.0,0.386029213030839,False,True,True,False
PBY79,RIM15,YFL033C,RIM15 S1764A ,1764.0,S,A,True,False,True,point mutation to alanine,1 peptide occurrence in PMID 17330950.,1764,1764,source workbook coordinate,P43565,MATCH,102.0,102.0,8.0,4.18787499584268e-11,True,False,False,include: sequence-validated raw-screen strain,True,PBY79,0.574376445178553,2.75490733534836e-10,6.85283199667906e-09,RIM15 S1764A,False,Y1,1.0,-0.98,,2.0,0.0,5.0,2.0,0.0,losses,8.0,4.18787499584268e-11,8.0,4.18787499584268e-11,True,True,True,False
PBY82,MRK1,YDL079C,MRK1 Y324A,324.0,Y,A,True,False,True,point mutation to alanine,,324,324,source workbook coordinate,P50873,MATCH,102.0,102.0,1.0,0.017174181886473,True,False,False,include: sequence-validated raw-screen strain,True,PBY82,0.114544682756116,0.254040703028168,0.448489550134556,MRK1 Y324A,False,S1,0.0,-0.17,Protein kinase,,,1.0,6.0,-0.00127833319172258,unknown,1.0,0.017174181886473,1.0,0.017174181886473,True,True,True,False
PBY89,RIM15,YFL033C,RIM15 S1525A,1525.0,S,A,True,False,True,point mutation to alanine,,1525,1525,source workbook coordinate,P43565,MATCH,102.0,102.0,7.0,0.00161105573298028,True,False,False,include: sequence-validated raw-screen strain,True,PBY89,0.280484331950213,0.00429835386748313,0.0222174654449128,RIM15 S1525A,False,Y1,1.0,-0.99,,,,,1.0,0.0,gains,7.0,0.00161105573298028,7.0,0.00161105573298028,True,True,True,False
PBY91,MRK1,YDL079C,MRK1 S98A,98.0,S,A,True,False,True,point mutation to alanine,,98,98,source workbook coordinate,P50873,MATCH,102.0,102.0,0.0,0.0800296625385515,True,False,False,include: sequence-validated raw-screen strain,True,PBY91,0.499612960346052,1.04451201833524e-07,1.6628631331897e-06,MRK1 S98A,False,,1.0,-0.95,,1.0,,,14.0,-0.75508908113515,unknown,0.0,0.0800296625385515,0.0,0.0800296625385515,False,True,True,False
PBY92,SCH9,YHR205W,SCH9 T568A ,568.0,T,A,True,False,True,point mutation to alanine,,568,568,source workbook coordinate,P11792,MATCH,102.0,102.0,6.0,1.68463095935613e-05,True,False,False,include: sequence-validated raw-screen strain,True,PBY92,-0.00280620048845839,0.977668536657893,0.987594105557973,SCH9 T568A,False,Y2,0.0,-0.26,Protein kinase,4.0,0.0,2.0,0.0,0.0,unknown,6.0,1.68463095935613e-05,6.0,1.68463095935613e-05,True,True,True,False
PBY93,SNF1,YDR477W,SNF1 S211  ,211.0,S,A,True,False,True,point mutation to alanine,,211,211,source workbook coordinate,P06782,MATCH,102.0,102.0,2.0,0.0111592253595698,True,False,False,include: sequence-validated raw-screen strain,True,PBY93,0.118953220853857,0.233733836608546,0.422845758955461,SNF1 S211A,False,S1,0.0,-0.29,Protein kinase,2.0,,2.0,0.0,0.0,unknown,2.0,0.0111592253595698,2.0,0.0111592253595698,True,True,True,False
PBY94,SNF1,YDR477W,SNF1 Y217  ,217.0,Y,A,True,False,True,point mutation to alanine,,217,217,source workbook coordinate,P06782,MATCH,102.0,102.0,26.0,6.85401848990996e-11,True,False,False,include: sequence-validated raw-screen strain,True,,,,,,,,,,,,,,,,,,,26.0,6.85401848990996e-11,True,False,True,False
PBY99,MCK1,YNL307C,MCK1 S198  ,198.0,S,A,True,False,True,point mutation to alanine,2 peptide occurrences in PMID 17330950|Deletion of protein Phosphatase YLL010C/PSR1 causes Fold Change logFC 1.985 - PMID 21177495.,198,198,source workbook coordinate,P21965,MATCH,102.0,102.0,0.0,0.432562656601002,True,False,False,include: sequence-validated raw-screen strain,True,PBY99,-0.179780473148873,0.0705943403856159,0.197863010376585,MCK1 S198A,False,S1,0.0,-0.18,Protein kinase,7.0,0.0,7.0,0.0,-0.247862721202405,unchanged,0.0,0.432562656601002,0.0,0.432562656601002,False,True,True,False
PBY101,UBP1,YDL122W,UBP1 S638,638.0,S,A,True,False,True,point mutation to alanine,"6 peptide occurrences in PMID 17330950|PMID 19823750: 5,20 min 0.4M NaCl ratio (log2); -0.168,0.103|PMID 19823750: best predicted motif = CK2.",638,638,source workbook coordinate,P25037,MATCH,102.0,102.0,0.0,0.35819814754455,True,False,False,include: sequence-validated raw-screen strain,True,PBY101,0.329996147279772,0.000751506413337332,0.00553888060200478,UBP1 S638A,False,S1,1.0,-0.72,,5.0,1.0,44.0,1.0,-0.666009138451401,unknown,0.0,0.35819814754455,0.0,0.35819814754455,False,True,True,False
PBY102,MYO5,YMR109W,MYO5 T349  ,349.0,T,A,True,False,True,point mutation to alanine,,349,349,source workbook coordinate,Q04439,MATCH,102.0,102.0,4.0,0.00193173165404878,True,False,False,include: sequence-validated raw-screen strain,True,PBY102,0.593553101346016,6.09281291157065e-11,1.86533810677317e-09,MYO5 T349A,False,S1,0.0,-0.14,,,,1.0,0.0,-0.0272744187552405,losses,4.0,0.00193173165404878,4.0,0.00193173165404878,True,True,True,False
PBY103,MRK1,YDL079C,MRK1 S323  ,323.0,S,A,True,False,True,point mutation to alanine,,323,323,source workbook coordinate,P50873,MATCH,102.0,102.0,1.0,0.0117473514176257,True,False,False,include: sequence-validated raw-screen strain,True,PBY103,-0.275790442245024,0.00524620252527466,0.0267690846802476,MRK1 S323A,False,S1,0.0,-0.11,Protein kinase,,,1.0,1.0,-0.263055892818296,unknown,1.0,0.0117473514176257,1.0,0.0117473514176257,True,True,True,False
PBY107,HOG1,YLR113W,HOG1 T178,178.0,T,A,True,False,True,point mutation to alanine,,178,174,resolved HOG1 T178A workbook label to T174A from source article and Supplementary Data 8,P32485,MATCH,102.0,102.0,26.0,1.99099863730778e-78,True,False,False,include: sequence-validated raw-screen strain,True,PBY107,0.683283548293045,3.48036419113321e-15,1.38518494807102e-13,HOG1 T178A,False,,,,,,,,,,losses,26.0,1.99099863730778e-78,26.0,1.99099863730778e-78,True,True,True,False
PBY110,MYO5,YMR109W,MYO5 S777  ,777.0,S,A,True,False,True,point mutation to alanine,,777,777,source workbook coordinate,Q04439,MATCH,102.0,102.0,5.0,1.05861802103327e-05,True,False,False,include: sequence-validated raw-screen strain,True,PBY110,0.583866586086138,1.46838405483939e-10,4.17440609875769e-09,MYO5 S777A,False,Y0,0.0,-0.05,TH1,5.0,0.0,6.0,0.0,0.0,losses,5.0,1.05861802103327e-05,5.0,1.05861802103327e-05,True,True,True,False
PBY112,SCH9,YHR205W,SCH9 S290  ,290.0,S,A,True,False,True,point mutation to alanine,,290,290,source workbook coordinate,P11792,MATCH,102.0,102.0,7.0,0.00424434035992643,True,False,False,include: sequence-validated raw-screen strain,True,PBY112,-0.114194637099465,0.253105737577161,0.448489550134556,SCH9 S290A,False,Y2,1.0,-0.91,,2.0,,2.0,1.0,-0.685493320658301,gains,7.0,0.00424434035992643,7.0,0.00424434035992643,True,True,True,False
PBY115,MYO5,YMR109W,MYO5 Y359  ,359.0,Y,A,True,False,True,point mutation to alanine,15 peptide occurrences in PMID 17330950|Deletion of protein Kinase YDR477W/SNF1 causes Fold Change logFC 1.585 - PMID 21177495.,359,359,source workbook coordinate,Q04439,MATCH,102.0,102.0,2.0,0.0289786851672671,True,False,False,include: sequence-validated raw-screen strain,True,PBY115,0.438514536783975,4.50341268843294e-06,5.27164191175385e-05,MYO5 Y359A,False,Y0,0.0,-0.24,,4.0,0.0,6.0,0.0,-0.0367845016485513,unknown,2.0,0.0289786851672671,2.0,0.0289786851672671,True,True,True,False
PBY116,SSK2,YNR031C,SSK2 S78,78.0,S,A,True,False,True,point mutation to alanine,,78,78,source workbook coordinate,P53599,MATCH,102.0,102.0,7.0,2.73064691253204e-06,True,False,False,include: sequence-validated raw-screen strain,True,PBY116,0.0447362348601255,0.656883613799825,0.787803605703984,SSK2 S78A,False,Y2,1.0,-0.98,,2.0,0.0,2.0,1.0,-0.802727159007112,gains,7.0,2.73064691253204e-06,7.0,2.73064691253204e-06,True,True,True,False
PBY117,SNF1,YDR477W,SNF1 T210  ,210.0,T,A,True,False,True,point mutation to alanine,"Site of autophosphorylation (# 1468623), Phosphorylation of T210 is required for binding of SNF4 to SNF1, (#9600950)|Phosphorylated by Elm1, Sak1, or Tos3 in response to hypotonic, osmotic and alkaline pH stress|PMID 21464305 indicates this residue can also be dephosphorylated by Sit4.",210,210,source workbook coordinate,P06782,MATCH,102.0,102.0,13.0,3.36691891328256e-17,True,False,False,include: sequence-validated raw-screen strain,True,,,,,,,,,,,,,,,,,,,13.0,3.36691891328256e-17,True,False,True,False
PBY118,SCH9,YHR205W,SCH9 S726  ,726.0,S,A,True,False,True,point mutation to alanine,PMID 19684113: Down-regulated by rapamycin|Tap42-dependent PMID 20702584: down-regulated in rapamycin treated cells|Deletion of protein Kinase YKL139W/CTK1 causes Decreased logFC -6.013 - PMID 21177495|Deletion of protein Phosphatase YDL047W/SIT4 causes Fold Change logFC -1.732 - PMID 21177495|Deletion of protein Kinase YKL126W/YPK1 causes Fold Change logFC -1.616 - PMID 21177495|Deletion of protein Kinase YMR139W/RIM11 causes Fold Change logFC 1.685 - PMID 21177495|Deletion of protein Phosphatase YOR090C/PTC5 causes Fold Change logFC 2.023 - PMID 21177495|Deletion of protein Kinase YPL031C/PHO85 causes Fold Change logFC -2.262 - PMID 21177495|Deletion of protein Kinase YPL042C/SSN3 causes Fold Change logFC -1.56 - PMID 21177495.,726,726,source workbook coordinate,P11792,MATCH,102.0,102.0,5.0,0.000297938242153046,True,False,False,include: sequence-validated raw-screen strain,True,PBY118,-0.031039205323889,0.75679539202269,0.858132666737978,SCH9 S726A,True,Y1,0.0,-0.44,,10.0,6.0,32.0,4.0,-0.0125735892249853,unknown,5.0,0.000297938242153046,5.0,0.000297938242153046,True,True,True,False
PBY120,RIM15,YFL033C,RIM15 S1061 ,1061.0,S,A,True,False,True,point mutation to alanine,,1061,1061,source workbook coordinate,P43565,MATCH,102.0,102.0,0.0,0.50466603731015,True,False,False,include: sequence-validated raw-screen strain,True,PBY120,-0.133621942456877,0.180604534087377,0.357614948093413,RIM15 S1061A,False,Y1,1.0,-0.92,Protein kinase,1.0,,1.0,0.0,0.0,unchanged,0.0,0.50466603731015,0.0,0.50466603731015,False,True,True,False
PBY121,SCH9,YHR205W,SCH9 S288  ,288.0,S,A,True,False,True,point mutation to alanine,,288,288,source workbook coordinate,P11792,MATCH,102.0,102.0,1.0,0.0352451120768631,True,False,False,include: sequence-validated raw-screen strain,True,PBY121,-0.0464447388247611,0.64297872450904,0.784986295566252,SCH9 S288A,False,Y1,1.0,-0.92,,4.0,0.0,3.0,0.0,-0.777275911577126,unknown,1.0,0.0352451120768631,1.0,0.0352451120768631,True,True,True,False
PBY122,ARP8,YOR141C,ARP8 T237,237.0,T,A,True,False,True,point mutation to alanine,,237,237,source workbook coordinate,Q12386,MATCH,102.0,102.0,0.0,0.146499629764214,True,False,False,include: sequence-validated raw-screen strain,True,PBY122,0.102053918934205,0.312327959469963,0.507373583138961,ARP8 T237A,False,Y1,1.0,-0.95,,,,2.0,0.0,-0.739958183836758,unchanged,0.0,0.146499629764214,0.0,0.146499629764214,False,True,True,False
PBY132,MCK1,YNL307C,MCK1 S24  ,24.0,S,A,True,False,True,point mutation to alanine,"Possible CK2 site, PMID 19795423|PMID 19823750: 5,20 min 0.4M NaCl ratio (log2); 0.164,0.392|Deletion of protein Kinase YDR466W/PKH3 causes Fold Change logFC -2.403 - PMID 21177495.",24,24,source workbook coordinate,P21965,MATCH,102.0,102.0,0.0,0.170310398794171,True,False,False,include: sequence-validated raw-screen strain,True,PBY132,-0.0958394633614245,0.337956982546347,0.542917883296734,MCK1 S24A,False,S1,0.0,-0.11,,7.0,1.0,7.0,0.0,-0.625740271782739,unchanged,0.0,0.170310398794171,0.0,0.170310398794171,False,True,True,False
PBY139,SNF2,YOR290C,SNF2 S1478  ,1478.0,S,A,True,False,True,point mutation to alanine,,1478,1478,source workbook coordinate,P22082,MATCH,102.0,102.0,0.0,0.510810870963897,True,False,False,include: sequence-validated raw-screen strain,True,PBY139,0.149208312892182,0.136432104477567,0.299999876144043,SNF2 S1478A,False,Y2,1.0,-0.98,,2.0,0.0,1.0,2.0,-0.78014067815326,unchanged,0.0,0.510810870963897,0.0,0.510810870963897,False,True,True,False
PBY140,UBP1,YDL122W,UBP1 S530,530.0,S,A,True,False,True,point mutation to alanine,"4 peptide occurrences in PMID 17330950|PMID 21126336: Predicted protein kinase = CKA2, accumulates in nat3 cells|Deletion of protein Kinase YIL035C/CKA1 causes Decreased logFC -7.038 - PMID 21177495|Deletion of protein Kinase YDL025C/RTK1 causes Fold Change logFC -2.047 - PMID 21177495|Deletion of protein Phosphatase YDL134C/PPH21 causes Fold Change logFC -1.516 - PMID 21177495|Deletion of protein Phosphatase YIR026C/YVH1 causes Fold Change logFC -1.609 - PMID 21177495|Deletion of protein Kinase YKL198C/PTK1 causes Fold Change logFC 3.087 - PMID 21177495.",530,530,source workbook coordinate,P25037,MATCH,102.0,102.0,0.0,0.593143377234975,True,False,False,include: sequence-validated raw-screen strain,True,PBY140,-0.109250784793729,0.27679409559682,0.46935377327846,UBP1 S530A,False,Y1,1.0,-0.97,,7.0,6.0,37.0,0.0,-0.745734772720433,unchanged,0.0,0.593143377234975,0.0,0.593143377234975,False,True,True,False
PBY145,SNF1,YDR477W,SNF1 S413 ,413.0,S,A,True,False,True,point mutation to alanine,"3 peptide occurrences in PMID 17330950|PMID 19823750: 5,20 min 0.4M NaCl ratio (log2); -0.032,0.162|PMID 19823750: best predicted motif = NEK6.",413,413,source workbook coordinate,P06782,MATCH,102.0,102.0,0.0,0.161488261623078,True,False,False,include: sequence-validated raw-screen strain,True,PBY145,-0.434178367446964,5.13553003288752e-06,5.83983129454067e-05,SNF1 S413A,False,Y1,1.0,-0.96,,9.0,0.0,20.0,0.0,-0.15093658564235,unknown,0.0,0.161488261623078,0.0,0.161488261623078,False,True,True,False
PBY177,SSK2,YNR031C,SSK2 S1468,1468.0,S,A,True,False,True,point mutation to alanine,,1468,1468,source workbook coordinate,P53599,MATCH,102.0,102.0,0.0,0.326236033074383,True,False,False,include: sequence-validated raw-screen strain,True,PBY177,0.0287152422347654,0.775604837987255,0.865482458972011,SSK2 S1468A,False,S1,0.0,-0.26,Protein kinase,,,1.0,0.0,-1.0,unchanged,0.0,0.326236033074383,0.0,0.326236033074383,False,True,True,False
PBY178,SSK2,YNR031C,SSK2 T1460,1460.0,T,A,True,False,True,point mutation to alanine,,1460,1460,source workbook coordinate,P53599,MATCH,102.0,102.0,0.0,0.595202749824717,True,False,False,include: sequence-validated raw-screen strain,True,PBY178,0.267690657835268,0.00680272957848829,0.032231980621885,SSK2 T1460A,False,Y0,0.0,-0.1,Protein kinase,1.0,,1.0,0.0,0.0,unknown,0.0,0.595202749824717,0.0,0.595202749824717,False,True,True,False
PBY195,INO1,YJL153C,INO1 S368 ,368.0,S,A,True,False,True,point mutation to alanine,,368,368,source workbook coordinate,P11986,MATCH,102.0,102.0,2.0,5.12337904671879e-20,True,False,False,include: sequence-validated raw-screen strain,True,PBY195,0.227490554283879,0.0228318453222683,0.086543566078693,INO1 S368A,False,S1,0.0,-0.21,,1.0,,1.0,5.0,-0.0224619949488832,unknown,2.0,5.12337904671879e-20,2.0,5.12337904671879e-20,True,True,True,False
PBY197,INO1,YJL153C,INO1 S375 ,375.0,S,A,True,False,True,point mutation to alanine,,375,375,source workbook coordinate,P11986,MATCH,102.0,102.0,0.0,0.0974742305152843,True,False,False,include: sequence-validated raw-screen strain,True,PBY197,-0.126256354019211,0.210677111317971,0.394174351084015,INO1 S375A,False,Y1,0.0,-0.17,,,,1.0,7.0,-0.138549283680525,unchanged,0.0,0.0974742305152843,0.0,0.0974742305152843,False,True,True,False
PBY203,SAT4,YCR008W,SAT4 S155,155.0,S,A,True,False,True,point mutation to alanine,,155,155,source workbook coordinate,P25333,MATCH,102.0,102.0,6.0,0.00257249718063742,True,False,False,include: sequence-validated raw-screen strain,True,PBY203,0.162168719478201,0.105182146890194,0.253550790449796,SAT4 S155A,False,,1.0,-0.99,,1.0,,,0.0,-0.799577959575643,unknown,6.0,0.00257249718063742,6.0,0.00257249718063742,True,True,True,False
PBY205,HMG1,YML075C,HMG1 S575,575.0,S,A,True,False,True,point mutation to alanine,,575,575,source workbook coordinate,P12683,MATCH,102.0,102.0,1.0,0.0301136693179006,True,False,False,include: sequence-validated raw-screen strain,True,PBY205,0.0602967480283315,0.54918791762003,0.730294677597207,HMG1 S575A,False,S1,1.0,-0.99,,,,,0.0,-0.839302311324101,unknown,1.0,0.0301136693179006,1.0,0.0301136693179006,True,True,True,False
PBY206,HMG1,YML075C,HMG1 S577,577.0,S,A,True,False,True,point mutation to alanine,,577,577,source workbook coordinate,P12683,MATCH,102.0,102.0,1.0,0.00706245067471091,True,False,False,include: sequence-validated raw-screen strain,True,PBY206,-0.241709738530262,0.0148860345116486,0.0630109082672326,HMG1 S577A,False,S1,1.0,-0.99,,,,1.0,2.0,-0.428571774479517,unknown,1.0,0.00706245067471091,1.0,0.00706245067471091,True,True,True,False
PBY207,HMG2,YLR450W,HMG2 S556,556.0,S,A,True,False,True,point mutation to alanine,PMID 21126336: Predicted protein kinase = RIM11,556,556,source workbook coordinate,P12684,MATCH,102.0,102.0,7.0,0.000157898608128594,True,False,False,include: sequence-validated raw-screen strain,True,PBY207,0.284580454644825,0.00392299322143904,0.0208609582307019,HMG2 S556A,False,,1.0,-0.96,,1.0,,,0.0,-0.603716393766617,gains,7.0,0.000157898608128594,7.0,0.000157898608128594,True,True,True,False
PBY208,HMG2,YLR450W,HMG2 T565,565.0,T,A,True,False,True,point mutation to alanine,3 peptide occurrences in PMID 17330950.,565,565,source workbook coordinate,P12684,MATCH,102.0,102.0,0.0,0.464856709618833,True,False,False,include: sequence-validated raw-screen strain,True,PBY208,0.0426752547443829,0.671758555446209,0.800478757687398,HMG2 T565A,False,S1,1.0,-0.96,,2.0,0.0,4.0,0.0,-0.714706315985082,unchanged,0.0,0.464856709618833,0.0,0.464856709618833,False,True,True,False
PBY212,YGK3,YOL128C,YGK3 S211,211.0,S,A,True,False,True,point mutation to alanine,,211,211,source workbook coordinate,Q12222,MATCH,102.0,102.0,0.0,0.102873687799141,True,False,False,include: sequence-validated raw-screen strain,True,PBY212,0.476079061346494,4.85632259601426e-07,6.44272131071226e-06,YGK3 S211A,False,S1,0.0,-0.07,Protein kinase,1.0,,2.0,0.0,0.0,unknown,0.0,0.102873687799141,0.0,0.102873687799141,False,True,True,False
PBY213,PTK2,YJR059W,PTK2 S726  ,726.0,S,A,True,False,True,point mutation to alanine,2 peptide occurrences in PMID 17330950.,726,726,source workbook coordinate,P47116,MATCH,102.0,102.0,0.0,0.653236796948093,True,False,False,include: sequence-validated raw-screen strain,True,PBY213,0.175640569387025,0.0789383685186471,0.20718744208309,PTK2 S726A,False,S1,1.0,-0.99,,3.0,0.0,6.0,3.0,-0.766213491075585,unchanged,0.0,0.653236796948093,0.0,0.653236796948093,False,True,True,False
PBY215,PTK2,YJR059W,PTK2 T730  ,730.0,T,A,True,False,True,point mutation to alanine,"4 peptide occurrences in PMID 17330950|Possible site for CK1 PMID 19795423|PMID 19823750: 5,20 min 0.4M NaCl ratio (log2); 0.115,-0.003|PMID 19823750: best predicted motif = WW GroupIV.",730,730,source workbook coordinate,P47116,MATCH,102.0,102.0,0.0,0.205108023235302,True,False,False,include: sequence-validated raw-screen strain,True,PBY215,0.0599159823731688,0.551717704173167,0.730294677597207,PTK2 T730A,False,S1,1.0,-0.99,,6.0,1.0,8.0,1.0,-0.771589264607509,unchanged,0.0,0.205108023235302,0.0,0.205108023235302,False,True,True,False
PBY217,TDA1,YMR291W,TDA1 T513,513.0,T,A,True,False,True,point mutation to alanine,"Possible PKA site PMID 19795423|PMID 19823750: 5,20 min 0.4M NaCl ratio (log2); 0.05,1.448|PMID 19823750: best predicted motif = CDK1|Deletion of protein Kinase YJL128C/PBS2 causes Fold Change logFC -1.571 - PMID 21177495|Deletion of protein Kinase YPL140C/MKK2 causes Fold Change logFC -2.572 - PMID 21177495.",513,513,source workbook coordinate,Q03533,MATCH,102.0,102.0,2.0,0.00066898071859529,True,False,False,include: sequence-validated raw-screen strain,True,PBY217,0.01331426682325,0.894867991114309,0.942320257797212,TDA1 T513A,False,Y2,1.0,-0.96,,4.0,2.0,4.0,2.0,-0.0457561774013002,unknown,2.0,0.00066898071859529,2.0,0.00066898071859529,True,True,True,False
PBY219,TDA1,YMR291W,TDA1 S522,522.0,S,A,True,False,True,point mutation to alanine,"PMID 19823750: 5,20 min 0.4M NaCl ratio (log2); 0.731,1.463|PMID 19823750: best predicted motif = CHK1/2.",522,522,source workbook coordinate,Q03533,MATCH,102.0,102.0,0.0,0.257697487877019,True,False,False,include: sequence-validated raw-screen strain,True,PBY219,0.107196851708277,0.28597933784515,0.476233374319539,TDA1 S522A,False,Y2,1.0,-0.98,,3.0,,5.0,2.0,0.0,unchanged,0.0,0.257697487877019,0.0,0.257697487877019,False,True,True,False
PBY220,RPD3,YNL330C,RPD3 T6 ,6.0,T,A,True,False,True,point mutation to alanine,,6,6,source workbook coordinate,P32561,MATCH,102.0,102.0,0.0,0.207614533196671,True,False,False,include: sequence-validated raw-screen strain,True,PBY220,-0.220921410963109,0.026411674181763,0.0947013182373125,RPD3 T6A,False,S1,1.0,-0.88,,1.0,,1.0,0.0,,unchanged,0.0,0.207614533196671,0.0,0.207614533196671,False,True,True,False
PBY221,RPD3,YNL330C,RPD3 S418  ,418.0,S,A,True,False,True,point mutation to alanine,Possible site for CK1 PMID 19795423|PMID 19823750: best predicted motif = CK1.,418,418,source workbook coordinate,P32561,MATCH,102.0,102.0,18.0,3.76207740620068e-38,True,False,False,include: sequence-validated raw-screen strain,True,,,,,,,,,,,,,,,,,,,18.0,3.76207740620068e-38,True,False,True,False
PBY225,PBS2,YJL128C,PBS2 S248 ,248.0,S,A,True,False,True,point mutation to alanine,"Similar to PKD site, PMID 19795423|PMID 19823750: 5,20 min 0.4M NaCl ratio (log2); 1.964,1.318|Deletion of protein Kinase YIL042C/PKP1 causes Fold Change logFC -2.171 - PMID 21177495|Deletion of protein Kinase YNL020C/ARK1 causes Fold Change logFC -1.554 - PMID 21177495|Deletion of protein Kinase YPL026C/SKS1 causes Fold Change logFC -2.205 - PMID 21177495.",248,248,source workbook coordinate,P08018,MATCH,102.0,102.0,0.0,0.149941104554343,True,False,False,include: sequence-validated raw-screen strain,True,PBY225,0.175232722918839,0.07964743376561,0.20718744208309,PBS2 S248A,False,Y2,1.0,-0.98,,8.0,6.0,5.0,0.0,-0.513489650798978,unchanged,0.0,0.149941104554343,0.0,0.149941104554343,False,True,True,False
PBY245,PTK2,YJR059W,PTK2 S623  ,623.0,S,A,True,False,True,point mutation to alanine,"PMID 19823750: 5,20 min 0.4M NaCl ratio (log2); 1.45,2.411|PMID 19823750: best predicted motif = CK2|PMID 21126336: Predicted protein kinase = CKA2|Deletion of protein Kinase YKL198C/PTK1 causes Fold Change logFC 2.06 - PMID 21177495.",623,623,source workbook coordinate,P47116,MATCH,102.0,102.0,0.0,0.301324297197692,True,False,False,include: sequence-validated raw-screen strain,True,PBY245,0.208634381259136,0.0362822118352028,0.119341490168684,PTK2 S623A,False,Y2,1.0,-0.94,,7.0,1.0,18.0,0.0,-0.316307448280888,unchanged,0.0,0.301324297197692,0.0,0.301324297197692,False,True,True,False
PBY252,RPD3,YNL330C,RPD3 S388  ,388.0,S,A,True,False,True,point mutation to alanine,,388,388,source workbook coordinate,P32561,MATCH,102.0,102.0,1.0,0.000947841205826314,True,False,False,include: sequence-validated raw-screen strain,True,PBY252,-0.0190939233029484,0.849685055075965,0.918952858478897,RPD3 S388A,False,S1,0.0,-0.06,,1.0,0.0,,0.0,-0.154671359656412,unknown,1.0,0.000947841205826314,1.0,0.000947841205826314,True,True,True,False
PBY255,PTK2,YJR059W,PTK2 T727  ,727.0,T,A,True,False,True,point mutation to alanine,2 peptide occurrences in PMID 17330950.,727,727,source workbook coordinate,P47116,MATCH,102.0,102.0,0.0,0.636058457084016,True,False,False,include: sequence-validated raw-screen strain,True,PBY255,0.0121864885518341,0.903728484743353,0.946536676125933,PTK2 T727A,False,S1,1.0,-0.99,,2.0,0.0,7.0,3.0,-0.820247074314362,unchanged,0.0,0.636058457084016,0.0,0.636058457084016,False,True,True,False
PBY257,KIN1,YDR122W,KIN1 S1000  ,1000.0,S,A,True,False,True,point mutation to alanine,"Possible site for CHK1, PMID 19795423|PMID 19823750: 5,20 min 0.4M NaCl ratio (log2); -0.062,0.12|PMID 19823750: best predicted motif = CK1.",1000,1000,source workbook coordinate,P13185,MATCH,102.0,102.0,0.0,0.536829882120947,True,False,False,include: sequence-validated raw-screen strain,True,PBY257,0.00528553627686976,0.958163637407085,0.977818276123128,KIN1 S1000A,False,Y1,1.0,-0.98,,3.0,,,0.0,-0.507119304734588,unchanged,0.0,0.536829882120947,0.0,0.536829882120947,False,True,True,False
PBY268,PTK2,YJR059W,PTK2 T737  ,737.0,T,A,True,False,True,point mutation to alanine,"Possible site for CK1 PMID 19795423|PMID 19823750: 5,20 min 0.4M NaCl ratio (log2); 0.44,0.475.",737,737,source workbook coordinate,P47116,MATCH,102.0,102.0,6.0,0.000417911439281005,True,False,False,include: sequence-validated raw-screen strain,True,PBY268,-0.271295982392482,0.00606548359565199,0.029803240383574,PTK2 T737A,False,S1,1.0,-0.98,,3.0,0.0,,3.0,,unknown,6.0,0.000417911439281005,6.0,0.000417911439281005,True,True,True,False
PBY272,HSP82,YPL240C,HSP82 S604  ,604.0,S,A,True,False,True,point mutation to alanine,,604,604,source workbook coordinate,P02829,MATCH,102.0,102.0,0.0,0.711050054120979,True,False,False,include: sequence-validated raw-screen strain,True,PBY272,0.0296191988916809,0.771029662603903,0.865482458972011,HSP82 S604A,False,S1,0.0,-0.26,,,,1.0,2.0,-0.813339745875564,unchanged,0.0,0.711050054120979,0.0,0.711050054120979,False,True,True,False
PBY275,SAT4,YCR008W,SAT4 S123,123.0,S,A,True,False,True,point mutation to alanine,,123,123,source workbook coordinate,P25333,MATCH,102.0,102.0,2.0,0.00647907498615624,True,False,False,include: sequence-validated raw-screen strain,True,PBY275,0.179053386104009,0.0732012379790932,0.202320088303327,SAT4 S123A,False,,1.0,-0.98,,1.0,,,0.0,-0.0592570777671942,unknown,2.0,0.00647907498615624,2.0,0.00647907498615624,True,True,True,False
PBY285,TPK1,YJL164C,TPK1 T241,241.0,T,A,True,False,True,point mutation to alanine,,241,241,source workbook coordinate,P06244,MATCH,102.0,102.0,8.0,7.0915255565103e-18,True,False,False,include: sequence-validated raw-screen strain,True,PBY285,0.216108828661884,0.0308109538081736,0.104932222518474,TPK1 T241A,False,Y1,0.0,-0.03,Protein kinase,4.0,,2.0,0.0,0.0,gains,8.0,7.0915255565103e-18,8.0,7.0915255565103e-18,True,True,True,False
PBY291,KIN1,YDR122W,KIN1 T990  ,990.0,T,A,True,False,True,point mutation to alanine,,990,990,source workbook coordinate,P13185,MATCH,102.0,102.0,1.0,1.60684544912064e-13,True,False,False,include: sequence-validated raw-screen strain,True,PBY291,-0.329453626561117,0.000767679975539233,0.00555521145935663,KIN1 T990A,False,S1,1.0,-0.99,,,,,1.0,-0.763916481946295,unknown,1.0,1.60684544912064e-13,1.0,1.60684544912064e-13,True,True,True,False
PBY295,HSP82,YPL240C,HSP82 S282,282.0,S,A,True,False,True,point mutation to alanine,,282,282,source workbook coordinate,P02829,MATCH,102.0,102.0,0.0,0.698171298591582,True,False,False,include: sequence-validated raw-screen strain,True,PBY295,-0.27510745035751,0.00585289549950039,0.0291181551100145,HSP82 S282A,False,Y0,0.0,-0.07,,,,1.0,0.0,-0.637613980100774,unknown,0.0,0.698171298591582,0.0,0.698171298591582,False,True,True,False
PBY298,HSP82,YPL240C,HSP82 T612  ,612.0,T,A,True,False,True,point mutation to alanine,,612,612,source workbook coordinate,P02829,MATCH,102.0,102.0,1.0,0.00986117576391521,True,False,False,include: sequence-validated raw-screen strain,True,PBY298,0.234628008407956,0.0194079090075673,0.0771850508168524,HSP82 T612A,False,Y0,0.0,-0.23,,,,1.0,0.0,-0.463846167990699,unknown,1.0,0.00986117576391521,1.0,0.00986117576391521,True,True,True,False
PBY303,TDA1,YMR291W,TDA1 S449,449.0,S,A,True,False,True,point mutation to alanine,"1 peptide occurrence in PMID 17330950|PMID 19823750: 5,20 min 0.4M NaCl ratio (log2); 0.9,1.728|PMID 19823750: best predicted motif = PKD.",449,449,source workbook coordinate,Q03533,MATCH,102.0,102.0,0.0,0.589450991712011,True,False,False,include: sequence-validated raw-screen strain,True,PBY303,-0.093612806428662,0.351784515442198,0.56004094858398,TDA1 S449A,False,Y2,1.0,-0.87,,5.0,2.0,6.0,2.0,0.0,unchanged,0.0,0.589450991712011,0.0,0.589450991712011,False,True,True,False
PBY304,RPD3,YNL330C,RPD3 Y385  ,385.0,Y,A,True,False,True,point mutation to alanine,,385,385,source workbook coordinate,P32561,MATCH,102.0,102.0,0.0,0.485930611752796,True,False,False,include: sequence-validated raw-screen strain,True,PBY304,-0.00432428501114733,0.965767074959202,0.983057022592742,RPD3 Y385A,False,Y2,0.0,-0.04,,,,,0.0,-0.512144928263015,unchanged,0.0,0.485930611752796,0.0,0.485930611752796,False,True,True,False
PBY306,RPD3,YNL330C,RPD3 S408  ,408.0,S,A,True,False,True,point mutation to alanine,,408,408,source workbook coordinate,P32561,MATCH,102.0,102.0,0.0,0.387035671730877,True,False,False,include: sequence-validated raw-screen strain,True,PBY306,0.284197277054146,0.00397377217748333,0.0208609582307019,RPD3 S408A,False,Y1,1.0,-0.94,,3.0,0.0,5.0,0.0,-0.569794079336508,unknown,0.0,0.387035671730877,0.0,0.387035671730877,False,True,True,False
PBY311,HOG1,YLR113W,HOG1 Y176,176.0,Y,A,True,False,True,point mutation to alanine,"Activating phosphorylations on HOG1 MAP kinase, mutation of these residues prevent growth on 0.4M KCl|Deletion of protein Kinase YGR262C/BUD32 causes Fold Change logFC -4.367 - PMID 21177495.",176,176,source workbook coordinate,P32485,MATCH,100.0,100.0,10.0,0.000106778784669747,True,False,False,include: sequence-validated raw-screen strain,True,PBY311,0.234002590116832,0.0197432558470297,0.0771850508168524,HOG1 Y176A,True,Y0,0.0,-0.02,Protein kinase,8.0,11.0,24.0,1.0,-0.00254194048314922,gains,10.0,0.000106778784669747,10.0,0.000106778784669747,True,True,True,False
PBY320,PTK2,YJR059W,PTK2 S587  ,587.0,S,A,True,False,True,point mutation to alanine,,587,587,source workbook coordinate,P47116,MATCH,102.0,102.0,1.0,0.00225771716117078,True,False,False,include: sequence-validated raw-screen strain,True,PBY320,-0.323172049175164,0.000979557592376798,0.00672179175458562,PTK2 S587A,False,Y2,1.0,-0.89,,2.0,0.0,,18.0,-0.599431563436165,unknown,1.0,0.00225771716117078,1.0,0.00225771716117078,True,True,True,False
PBY321,PTK2,YJR059W,PTK2 S781  ,781.0,S,A,True,False,True,point mutation to alanine,"Similar to PKD site, PMID 19795423|PMID 19823750: 5,20 min 0.4M NaCl ratio (log2); 0.328,0.17|PMID 19823750: best predicted motif = CK1|PMID 19684113: Down-regulated by cycloheximide|PMID 21126336: Predicted protein kinase = SNF1|Deletion of protein Kinase YCR008W/SAT4 causes Fold Change logFC 1.606 - PMID 21177495.",781,781,source workbook coordinate,P47116,MATCH,102.0,102.0,0.0,0.319642004919347,True,False,False,include: sequence-validated raw-screen strain,True,PBY321,-0.130790419857634,0.192344678630593,0.371617388810562,PTK2 S781A,False,S1,1.0,-0.99,,9.0,0.0,21.0,0.0,-0.257447723473969,unchanged,0.0,0.319642004919347,0.0,0.319642004919347,False,True,True,False
PBY327,INO1,YJL153C,INO1 S42  ,42.0,S,A,True,False,True,point mutation to alanine,,42,42,source workbook coordinate,P11986,MATCH,102.0,102.0,21.0,1.63730770927758e-66,True,False,False,include: sequence-validated raw-screen strain,True,PBY327,-0.418963833172171,1.43592821213999e-05,0.000154459304981545,INO1 S42A,False,S1,0.0,-0.01,,1.0,0.0,1.0,0.0,-0.710364963531387,gains,21.0,1.63730770927758e-66,21.0,1.63730770927758e-66,True,True,True,False
PBY328,INO1,YJL153C,INO1 T48  ,48.0,T,A,True,False,True,point mutation to alanine,,48,48,source workbook coordinate,P11986,MATCH,102.0,102.0,0.0,0.0607685498885857,True,False,False,include: sequence-validated raw-screen strain,True,PBY328,0.36868170159431,0.000160440310509772,0.00145125553597475,INO1 T48A,False,Y1,0.0,-0.01,,1.0,,1.0,0.0,-0.750417070807187,unknown,0.0,0.0607685498885857,0.0,0.0607685498885857,False,True,True,False
PBY335,HSP82,YPL240C,HSP82 S297,297.0,S,A,True,False,True,point mutation to alanine,,297,297,source workbook coordinate,P02829,MATCH,102.0,102.0,3.0,0.0170420378125957,True,False,False,include: sequence-validated raw-screen strain,True,PBY335,0.628090348305576,3.43195078057502e-12,1.13826367555738e-10,HSP82 S297A,False,Y0,0.0,-0.01,,,,2.0,0.0,-0.255934246434032,losses,3.0,0.0170420378125957,3.0,0.0170420378125957,True,True,True,False
PBY336,HSP82,YPL240C,HSP82 S379  ,379.0,S,A,True,False,True,point mutation to alanine,,379,379,source workbook coordinate,P02829,MATCH,102.0,102.0,0.0,0.340887474081811,True,False,False,include: sequence-validated raw-screen strain,True,PBY336,0.306739206468129,0.00201469401459253,0.011967883847878,HSP82 S379A,False,S1,0.0,-0.2,,,,1.0,1.0,-0.0185220311049886,unknown,0.0,0.340887474081811,0.0,0.340887474081811,False,True,True,False
PBY342,HMG1,YML075C,HMG1 S551,551.0,S,A,True,False,True,point mutation to alanine,"PMID 21126336: Predicted protein kinase = SNF1, accumulates in nat3 cells.",551,551,source workbook coordinate,P12683,MATCH,102.0,102.0,5.0,0.00960142143437758,True,False,False,include: sequence-validated raw-screen strain,True,PBY342,0.125273944627508,0.211942992793918,0.394174351084015,HMG1 S551A,False,,1.0,-0.97,,1.0,,,1.0,-0.766469369088013,unknown,5.0,0.00960142143437758,5.0,0.00960142143437758,True,True,True,False
PBY343,HMG1,YML075C,HMG1 S580,580.0,S,A,True,False,True,point mutation to alanine,3 peptide occurrences in PMID 17330950.,580,580,source workbook coordinate,P12683,MATCH,102.0,102.0,0.0,0.131312346921491,True,False,False,include: sequence-validated raw-screen strain,True,PBY343,-0.145127437745445,0.147606855015902,0.315791396431171,HMG1 S580A,False,S1,1.0,-0.99,,3.0,0.0,6.0,0.0,-0.838948789778347,unchanged,0.0,0.131312346921491,0.0,0.131312346921491,False,True,True,False
PBY353,HSP82,YPL240C,HSP82 T533  ,533.0,T,A,True,False,True,point mutation to alanine,,533,533,source workbook coordinate,P02829,MATCH,102.0,102.0,1.0,2.38608855437731e-07,True,False,False,include: sequence-validated raw-screen strain,True,PBY353,0.132748280447684,0.190243449051773,0.369350696207833,HSP82 T533A,False,Y0,1.0,-0.74,,,,1.0,0.0,-0.506703569863367,unknown,1.0,2.38608855437731e-07,1.0,2.38608855437731e-07,True,True,True,False
PBY359,STE20,YHL007C,STE20 S502,502.0,S,A,True,False,True,point mutation to alanine,"Mutation of this residue did not produce a detectable phenotype|PMID 19823750: 5,20 min 0.4M NaCl ratio (log2); 0.359,-0.376|PMID 19823750: best predicted motif = CDK2.",502,502,source workbook coordinate,Q03497,MATCH,102.0,102.0,0.0,0.509414854355498,True,False,False,include: sequence-validated raw-screen strain,True,PBY359,-0.161907025372241,0.105752339735342,0.253550790449796,STE20 S502A,False,Y2,1.0,-0.98,,7.0,0.0,28.0,1.0,-0.212654901548213,unchanged,0.0,0.509414854355498,0.0,0.509414854355498,False,True,True,False
PBY365,STE20,YHL007C,STE20 T575,575.0,T,A,True,False,True,point mutation to alanine,,575,575,source workbook coordinate,Q03497,MATCH,100.0,100.0,0.0,0.422315041205267,True,False,False,include: sequence-validated raw-screen strain,True,PBY365,-0.0451577129468919,0.657162806768148,0.787803605703984,STE20 T575A,False,S1,1.0,-0.99,,1.0,,,0.0,-0.751755192664423,unchanged,0.0,0.422315041205267,0.0,0.422315041205267,False,True,True,False
PBY419,MKK1,YOR231W,MKK1 S192 ,192.0,S,A,True,False,True,point mutation to alanine,,192,192,source workbook coordinate,P32490,MATCH,102.0,102.0,1.0,2.95029682422946e-05,True,False,False,include: sequence-validated raw-screen strain,True,PBY419,0.114975272523406,0.254669945553793,0.448489550134556,MKK1 S192A,False,S1,1.0,-0.97,,2.0,,1.0,0.0,-0.757221326736499,unknown,1.0,2.95029682422946e-05,1.0,2.95029682422946e-05,True,True,True,False
PBY420,MKK1,YOR231W,MKK1 S194 ,194.0,S,A,True,False,True,point mutation to alanine,,194,194,source workbook coordinate,P32490,MATCH,102.0,102.0,1.0,0.013622832537106,True,False,False,include: sequence-validated raw-screen strain,True,PBY420,0.0923833589796572,0.360624543820981,0.56955781127282,MKK1 S194A,False,,1.0,-0.94,,2.0,,,0.0,-0.745266339060234,unknown,1.0,0.013622832537106,1.0,0.013622832537106,True,True,True,False
PBY421,MKK1,YOR231W,MKK1 Y195 ,195.0,Y,A,True,False,True,point mutation to alanine,,195,195,source workbook coordinate,P32490,MATCH,102.0,102.0,24.0,1.00631427875458e-15,True,False,False,include: sequence-validated raw-screen strain,True,PBY421,0.353302160552574,0.000311418400329643,0.00252948006798363,MKK1 Y195A,False,,1.0,-0.93,,1.0,,,3.0,-0.526899724419981,gains,24.0,1.00631427875458e-15,24.0,1.00631427875458e-15,True,True,True,False
PBY423,MKK1,YOR231W,MKK1 S458 ,458.0,S,A,True,False,True,point mutation to alanine,,458,458,source workbook coordinate,P32490,MATCH,102.0,102.0,1.0,0.00248304302622025,True,False,False,include: sequence-validated raw-screen strain,True,PBY423,0.298651970432766,0.0025430641881517,0.0146686890852808,MKK1 S458A,False,,0.0,-0.03,Protein kinase,1.0,,,0.0,-0.0596373104595885,unknown,1.0,0.00248304302622025,1.0,0.00248304302622025,True,True,True,False
PBY425,SLT2,YHR030C,SLT2 S340 ,340.0,S,A,True,False,True,point mutation to alanine,,340,340,source workbook coordinate,Q00772,MATCH,102.0,102.0,0.0,0.436826619288754,True,False,False,include: sequence-validated raw-screen strain,True,PBY425,-0.162021850634312,0.112843923403185,0.262642581955951,SLT2 S340A,False,,0.0,-0.07,,1.0,,,0.0,-0.754596752358425,unchanged,0.0,0.436826619288754,0.0,0.436826619288754,False,True,True,False
PBY426,SLT2,YHR030C,SLT2 S414 ,414.0,S,A,True,False,True,point mutation to alanine,,414,414,source workbook coordinate,Q00772,MATCH,102.0,102.0,12.0,2.66561261561669e-10,True,False,False,include: sequence-validated raw-screen strain,True,PBY426,0.695340834270485,2.72874179867358e-15,1.20671026208009e-13,SLT2 S414A,False,,1.0,-0.98,,1.0,,,0.0,-0.74649817469443,losses,12.0,2.66561261561669e-10,12.0,2.66561261561669e-10,True,True,True,False
PBY427,SLT2,YHR030C,SLT2 T453 ,453.0,T,A,True,False,True,point mutation to alanine,,453,453,source workbook coordinate,Q00772,MATCH,102.0,102.0,0.0,0.405812828876238,True,False,False,include: sequence-validated raw-screen strain,True,PBY427,0.313939806372402,0.00173954132229605,0.0108177725980285,SLT2 T453A,False,,1.0,-0.97,,1.0,,,0.0,-0.694330432561418,unknown,0.0,0.405812828876238,0.0,0.405812828876238,False,True,True,False
PBY434,DBF20,YPR111W,DBF20 T359,359.0,T,A,True,False,True,point mutation to alanine,,359,359,source workbook coordinate,P32328,MATCH,102.0,102.0,0.0,0.237441544678512,True,False,False,include: sequence-validated raw-screen strain,True,PBY434,0.0532215758022753,0.598959466968224,0.753278251797916,DBF20 T359A,False,S1,0.0,-0.08,Protein kinase,,,1.0,1.0,-0.652582103654679,unchanged,0.0,0.237441544678512,0.0,0.237441544678512,False,True,True,False
PBY435,ELM1,YKL048C,ELM1 T551,551.0,T,A,True,False,True,point mutation to alanine,Mutation of this residue produces an enlarged cell phenotype.,551,551,source workbook coordinate,P32801,MATCH,102.0,102.0,0.0,0.498003361577705,True,False,False,include: sequence-validated raw-screen strain,True,PBY435,-0.141804525438292,0.161482137163693,0.336491573775654,ELM1 T551A,False,,1.0,-0.92,,1.0,,,3.0,-0.288111295826267,unchanged,0.0,0.498003361577705,0.0,0.498003361577705,False,True,True,False
PBY441,PHO23,YNL097C,PHO23 S150 ,150.0,S,A,True,False,True,point mutation to alanine,,150,150,source workbook coordinate,P50947,MATCH,102.0,102.0,0.0,0.172394696024746,True,False,False,include: sequence-validated raw-screen strain,True,PBY441,0.233635512802929,0.0187017334472241,0.0751847465858102,PHO23 S150A,False,S1,1.0,-0.85,,,,1.0,0.0,-1.0,unchanged,0.0,0.172394696024746,0.0,0.172394696024746,False,True,True,False
PBY445,PHO23,YNL097C,PHO23 S264 ,264.0,S,A,True,False,True,point mutation to alanine,,264,264,source workbook coordinate,P50947,MATCH,102.0,102.0,0.0,0.271930876236206,True,False,False,include: sequence-validated raw-screen strain,True,PBY445,-0.0143800730792232,0.886506222730979,0.938376267678005,PHO23 S264A,False,S1,1.0,-0.97,,,,1.0,0.0,-0.508077518571925,unchanged,0.0,0.271930876236206,0.0,0.271930876236206,False,True,True,False
PBY447,RVB2,YPL235W,RVB2 T11 ,11.0,T,A,True,False,True,point mutation to alanine,,11,11,source workbook coordinate,Q12464,MATCH,102.0,102.0,0.0,0.666146455571907,True,False,False,include: sequence-validated raw-screen strain,True,PBY447,,,1.0,RVB2 T11A,False,S1,1.0,-0.88,,,,1.0,0.0,-0.336946052163344,unchanged,0.0,0.666146455571907,0.0,0.666146455571907,False,True,True,False
PBY448,SKY1,YMR216C,SKY1 S725 ,725.0,S,A,True,False,True,point mutation to alanine,,725,725,source workbook coordinate,Q03656,MATCH,102.0,102.0,0.0,0.397137581322312,True,False,False,include: sequence-validated raw-screen strain,True,PBY448,0.000804129034903297,0.993632306108262,0.99604177705549,SKY1 S725A,False,,0.0,-0.33,,1.0,,,0.0,-0.07043765450453,unchanged,0.0,0.397137581322312,0.0,0.397137581322312,False,True,True,False
PBY453,SKY1,YMR216C,SKY1 S396 ,396.0,S,A,True,False,True,point mutation to alanine,,396,396,source workbook coordinate,Q03656,MATCH,102.0,102.0,0.0,0.0775247196572651,True,False,False,include: sequence-validated raw-screen strain,True,PBY453,-0.0171419143236708,0.864898268464197,0.925348147442878,SKY1 S396A,False,S1,1.0,-0.98,Protein kinase,2.0,,1.0,2.0,-1.0,unchanged,0.0,0.0775247196572651,0.0,0.0775247196572651,False,True,True,False
PBY459,VMA2,YBR127C,VMA2 T501,501.0,T,A,True,False,True,point mutation to alanine,PMID 21126336: Predicted protein kinase = CKA2,501,501,source workbook coordinate,P16140,MATCH,102.0,102.0,0.0,0.377343567960878,True,False,False,include: sequence-validated raw-screen strain,True,PBY459,-0.079723347658032,0.430423946188814,0.633765146667981,VMA2 T501A,False,S1,1.0,-0.99,,3.0,0.0,2.0,0.0,,unchanged,0.0,0.377343567960878,0.0,0.377343567960878,False,True,True,False
PBY461,VMA2,YBR127C,VMA2 S378,378.0,S,A,True,False,True,point mutation to alanine,,378,378,source workbook coordinate,P16140,MATCH,102.0,102.0,6.0,0.00582198894432339,True,False,False,include: sequence-validated raw-screen strain,True,PBY461,0.0950326797634691,0.346956217851815,0.554572589176797,VMA2 S378A,False,S1,0.0,-0.08,,,,1.0,0.0,0.0,unknown,6.0,0.00582198894432339,6.0,0.00582198894432339,True,True,True,False
PBY462,VMA2,YBR127C,VMA2 S380,380.0,S,A,True,False,True,point mutation to alanine,,380,380,source workbook coordinate,P16140,MATCH,102.0,102.0,7.0,1.8869000946881e-22,True,False,False,include: sequence-validated raw-screen strain,True,PBY462,0.111233442887499,0.270560461520166,0.466160448852926,VMA2 S380A,False,S1,0.0,-0.09,,,,1.0,1.0,0.0,gains,7.0,1.8869000946881e-22,7.0,1.8869000946881e-22,True,True,True,False
PBY463,VMA2,YBR127C,VMA2 S511,511.0,S,A,True,False,True,point mutation to alanine,"5 peptide occurrences in PMID 17330950|Mec1/ Tel1 dependent, Rad53 independent in PMID 17563356 (6 peptides)|PMID 19823750: 5,20 min 0.4M NaCl ratio (log2); 0.174,-0.424|PMID 19823750: best predicted motif = CK2|PMID 21126336: Predicted protein kinase = CKA2, accumulates in nat3 cells.",511,511,source workbook coordinate,P16140,MATCH,102.0,102.0,0.0,0.596493686139688,True,False,False,include: sequence-validated raw-screen strain,True,PBY463,-0.106827145174631,0.290114127437007,0.481105927999703,VMA2 S511A,False,S1,1.0,-0.96,,9.0,0.0,19.0,0.0,,unchanged,0.0,0.596493686139688,0.0,0.596493686139688,False,True,True,False
PBY471,VMA2,YBR127C,VMA2 Y485,485.0,Y,A,True,False,True,point mutation to alanine,"Possible PKA site PMID 19795423|PMID 19823750: 5,20 min 0.4M NaCl ratio (log2); 0.113,0.376|PMID 19823750: best predicted motif = SRC.",485,485,source workbook coordinate,P16140,MATCH,102.0,102.0,4.0,0.00112110938664762,True,False,False,include: sequence-validated raw-screen strain,True,PBY471,0.183143852438874,0.0681714235663993,0.193801618424478,VMA2 Y485A,False,,0.0,-0.17,,2.0,,,0.0,-0.0665167752759168,unknown,4.0,0.00112110938664762,4.0,0.00112110938664762,True,True,True,False
PBY473,VMA2,YBR127C,VMA2 Y284,284.0,Y,A,True,False,True,point mutation to alanine,,284,284,source workbook coordinate,P16140,MATCH,96.0,96.0,15.0,4.9523631318396e-22,True,False,False,include: sequence-validated raw-screen strain,True,PBY473,0.695504601870772,5.22860022286496e-15,1.89180262609114e-13,VMA2 Y284A,False,Y0,0.0,-0.03,,,,1.0,5.0,-0.00489959795725244,losses,15.0,4.9523631318396e-22,15.0,4.9523631318396e-22,True,True,True,False
PBY475,VMA2,YBR127C,VMA2 Y370,370.0,Y,A,True,False,True,point mutation to alanine,,370,370,source workbook coordinate,P16140,MATCH,102.0,102.0,1.0,0.00945177471401041,True,False,False,include: sequence-validated raw-screen strain,True,PBY475,-0.0459349450014515,0.649962733132083,0.787555373384739,VMA2 Y370A,False,Y0,0.0,-0.01,,,,1.0,0.0,-0.0143014392345316,unknown,1.0,0.00945177471401041,1.0,0.00945177471401041,True,True,True,False
PBY477,VMA2,YBR127C,VMA2 Y407,407.0,Y,A,True,False,True,point mutation to alanine,,407,407,source workbook coordinate,P16140,MATCH,102.0,102.0,0.0,0.292522841918777,True,False,False,include: sequence-validated raw-screen strain,True,PBY477,-0.00113613157588307,0.991049137508376,0.99604177705549,VMA2 Y407A,False,Y0,0.0,-0.03,,1.0,,1.0,0.0,0.0,unchanged,0.0,0.292522841918777,0.0,0.292522841918777,False,True,True,False
PBY483,GCN5,YGR252W,GCN5 S204,204.0,S,A,True,False,True,point mutation to alanine,A Gcn5-4A mutation inhibits Snf1-dependent activation of HIS3.,204,204,source workbook coordinate,Q03330,MATCH,102.0,102.0,2.0,0.0106565042982829,True,False,False,include: sequence-validated raw-screen strain,True,PBY483,0.289053652692973,0.00321403680053946,0.017766481202982,GCN5 S204A,True,Y0,0.0,-0.01,N-acetyltransferase,1.0,,1.0,0.0,-0.233915735755561,unknown,2.0,0.0106565042982829,2.0,0.0106565042982829,True,True,True,False
PBY485,GCN5,YGR252W,GCN5 S64,64.0,S,A,True,False,True,point mutation to alanine,PMID 21126336: Predicted protein kinase = CKA2,64,64,source workbook coordinate,Q03330,MATCH,102.0,102.0,2.0,6.87636034111024e-05,True,False,False,include: sequence-validated raw-screen strain,True,PBY485,-0.190848095257945,0.0546792716296479,0.162405597825372,GCN5 S64A,False,,1.0,-0.9,,1.0,,,0.0,-0.746080604414334,unknown,2.0,6.87636034111024e-05,2.0,6.87636034111024e-05,True,True,True,False
PBY486,YCR087C-A,YCR087C-A,YCR087C-A T49,49.0,T,A,True,False,True,point mutation to alanine,Deletion of protein Kinase YDR477W/SNF1 causes Fold Change logFC 2.808 - PMID 21177495|Deletion of protein Kinase YOR061W/CKA2 causes Fold Change logFC 1.643 - PMID 21177495.,49,49,source workbook coordinate,P37263,MATCH,102.0,102.0,0.0,0.249108180044325,True,False,False,include: sequence-validated raw-screen strain,True,PBY486,-0.077848981385264,0.439043430118893,0.640070641711793,YCR087C-A T49A,False,S1,0.0,-0.01,,1.0,0.0,2.0,0.0,-0.0218779158738827,unchanged,0.0,0.249108180044325,0.0,0.249108180044325,False,True,True,False
PBY491,SIT4,YDL047W,SIT4 S209 ,209.0,S,A,True,False,True,point mutation to alanine,,209,209,source workbook coordinate,P20604,MATCH,102.0,102.0,23.0,1.36799667486401e-30,True,False,False,include: sequence-validated raw-screen strain,True,PBY491,0.551290250721909,2.78397731254282e-09,5.54011485196021e-08,SIT4 S209A,False,,0.0,-0.04,,1.0,,,8.0,-0.00626728807561236,losses,23.0,1.36799667486401e-30,23.0,1.36799667486401e-30,True,True,True,False
PBY493,SLT2,YHR030C,SLT2 S416 ,416.0,S,A,True,False,True,point mutation to alanine,,416,416,source workbook coordinate,Q00772,MATCH,102.0,102.0,0.0,0.243144191804922,True,False,False,include: sequence-validated raw-screen strain,True,PBY493,-0.317516985172827,0.00152927326515175,0.00981694773436124,SLT2 S416A,False,,1.0,-0.98,,1.0,,,1.0,-0.337000825192999,unknown,0.0,0.243144191804922,0.0,0.243144191804922,False,True,True,False
PBY495,SLT2,YHR030C,SLT2 S428 ,428.0,S,A,True,False,True,point mutation to alanine,"Observed in response to caffeine, through the cell wall integrity stress pathway.",428,428,source workbook coordinate,Q00772,MATCH,102.0,102.0,1.0,0.0272651644017771,True,False,False,include: sequence-validated raw-screen strain,True,PBY495,0.140583814629782,0.169605582114334,0.344058941221688,SLT2 S428A,False,,1.0,-0.95,,3.0,,,0.0,-0.610171425794407,unknown,1.0,0.0272651644017771,1.0,0.0272651644017771,True,True,True,False
PBY498,SNF4,YGL115W,SNF4 S7 ,7.0,S,A,True,False,True,point mutation to alanine,,7,7,source workbook coordinate,P12904,MATCH,102.0,102.0,0.0,0.798275773285035,True,False,False,include: sequence-validated raw-screen strain,True,PBY498,-0.121130109816058,0.227571311965296,0.413577087498575,SNF4 S7A,False,S1,1.0,-0.73,,,,1.0,0.0,-0.646866340649022,unchanged,0.0,0.798275773285035,0.0,0.798275773285035,False,True,True,False
PBY499,SNF4,YGL115W,SNF4 S73 ,73.0,S,A,True,False,True,point mutation to alanine,,73,73,source workbook coordinate,P12904,MATCH,102.0,102.0,0.0,0.321329271285561,True,False,False,include: sequence-validated raw-screen strain,True,PBY499,0.0805748230894537,0.423136810973187,0.628389741669136,SNF4 S73A,False,,0.0,-0.01,CBS 1,1.0,,,0.0,-0.297376223478612,unchanged,0.0,0.321329271285561,0.0,0.321329271285561,False,True,True,False
PBY500,SNF4,YGL115W,SNF4 T81,81.0,T,A,True,False,True,point mutation to alanine,,81,81,source workbook coordinate,P12904,MATCH,102.0,102.0,0.0,0.197571023894247,True,False,False,include: sequence-validated raw-screen strain,True,PBY500,-0.129639112143537,0.196322495306563,0.377470304985565,SNF4 T81A,False,,0.0,-0.01,CBS 1,1.0,,,0.0,-0.364441718697094,unchanged,0.0,0.197571023894247,0.0,0.197571023894247,False,True,True,False
PBY501,VMA2,YBR127C,VMA2 S503,503.0,S,A,True,False,True,point mutation to alanine,Deletion of protein Kinase YDR477W/SNF1 causes Decreased logFC -10.912 - PMID 21177495.,503,503,source workbook coordinate,P16140,MATCH,102.0,102.0,2.0,5.8016029954374e-06,True,False,False,include: sequence-validated raw-screen strain,True,PBY501,-0.178390382400809,0.0757743763058946,0.205157835168341,VMA2 S503A,False,S1,1.0,-0.99,,4.0,3.0,8.0,0.0,,unknown,2.0,5.8016029954374e-06,2.0,5.8016029954374e-06,True,True,True,False
PBY515,EFT2,YDR385W,EFT2 T466,466.0,T,A,True,False,True,point mutation to alanine,,466,466,source workbook coordinate,P32324,MATCH,102.0,102.0,7.0,2.11801315064861e-44,True,False,False,include: sequence-validated raw-screen strain,True,PBY515,-0.059234627675287,0.556258610545506,0.730294677597207,EFT2 T466A,False,S1,0.0,-0.03,,1.0,,1.0,2.0,-0.111424418113706,gains,7.0,2.11801315064861e-44,7.0,2.11801315064861e-44,True,True,True,False
PBY521,NEW1,YPL226W,NEW1 T1191 ,1191.0,T,A,True,False,True,point mutation to alanine,"25 peptide occurrences in PMID 17330950|PMID 19823750: 5,20 min 0.4M NaCl ratio (log2); -0.119,-0.105|PMID 19823750: best predicted motif = CK2.",1191,1191,source workbook coordinate,Q08972,MATCH,102.0,102.0,12.0,2.68287002039858e-31,True,False,False,include: sequence-validated raw-screen strain,True,PBY521,-0.192932988688729,0.0532336732864963,0.159300766676884,NEW1 T1191A,False,Y0,1.0,-0.87,,10.0,1.0,64.0,2.0,-0.0159028232886209,gains,12.0,2.68287002039858e-31,12.0,2.68287002039858e-31,True,True,True,False
PBY541,SKY1,YMR216C,SKY1 T455,455.0,T,A,True,False,True,point mutation to alanine,1 peptide occurrence in PMID 17330950|PMID 19684113: Down-regulated by rapamycin|Deletion of protein Kinase YKL139W/CTK1 causes Fold Change logFC -1.707 - PMID 21177495.,455,455,source workbook coordinate,Q03656,MATCH,102.0,102.0,0.0,0.0590655757476063,True,False,False,include: sequence-validated raw-screen strain,True,PBY541,-0.0130000874867642,0.897335119862169,0.942320257797212,SKY1 T455A,False,S1,1.0,-0.9,Protein kinase,4.0,1.0,8.0,0.0,-1.0,unchanged,0.0,0.0590655757476063,0.0,0.0590655757476063,False,True,True,False
PBY542,SKY1,YMR216C,SKY1 S453,453.0,S,A,True,False,True,point mutation to alanine,1 peptide occurrence in PMID 17330950|PMID 19684113: Down-regulated by rapamycin|Deletion of protein Kinase YBR059C/AKL1 causes Fold Change logFC -1.553 - PMID 21177495|Deletion of protein Kinase YDR477W/SNF1 causes Fold Change logFC 1.729 - PMID 21177495|Deletion of protein Kinase YJR059W/PTK2 causes Fold Change logFC 1.71 - PMID 21177495|Deletion of protein Kinase YKL139W/CTK1 causes Fold Change logFC -1.707 - PMID 21177495.,453,453,source workbook coordinate,Q03656,MATCH,102.0,102.0,0.0,0.16722352750331,True,False,False,include: sequence-validated raw-screen strain,True,PBY542,0.0237426173294519,0.813686024395802,0.892140599750769,SKY1 S453A,False,S1,1.0,-0.91,Protein kinase,6.0,2.0,13.0,0.0,-0.39278064639483,unchanged,0.0,0.16722352750331,0.0,0.16722352750331,False,True,True,False
PBY544,SKY1,YMR216C,SKY1 S449,449.0,S,A,True,False,True,point mutation to alanine,2 peptide occurrences in PMID 17330950|PMID 19684113: Down-regulated by rapamycin|Deletion of protein Phosphatase YNL099C/OCA1 causes Fold Change logFC 2.134 - PMID 21177495|Deletion of protein Phosphatase YCR079W/PTC6 causes Fold Change logFC 2.04 - PMID 21177495|Deletion of protein Kinase YDR477W/SNF1 causes Fold Change logFC 1.505 - PMID 21177495|Deletion of protein Kinase YGL059W/PKP2 causes Fold Change logFC 2.509 - PMID 21177495|Deletion of protein Kinase YHR135C/YCK1 causes Fold Change logFC 1.507 - PMID 21177495|Deletion of protein Kinase YJR059W/PTK2 causes Fold Change logFC 1.627 - PMID 21177495|Deletion of protein Kinase YMR291W/TDA1 causes Fold Change logFC 1.84 - PMID 21177495.,449,449,source workbook coordinate,Q03656,MATCH,102.0,102.0,0.0,0.302803611947763,True,False,False,include: sequence-validated raw-screen strain,True,PBY544,-0.0600358531325041,0.550920681535711,0.730294677597207,SKY1 S449A,False,S1,1.0,-0.93,Protein kinase,7.0,7.0,40.0,0.0,-0.755659700148289,unchanged,0.0,0.302803611947763,0.0,0.302803611947763,False,True,True,False
PBY545,SKY1,YMR216C,SKY1 T386,386.0,T,A,True,False,True,point mutation to alanine,,386,386,source workbook coordinate,Q03656,MATCH,102.0,102.0,0.0,0.209872587594994,True,False,False,include: sequence-validated raw-screen strain,True,PBY545,0.214989905489604,0.0308469096348278,0.104932222518474,SKY1 T386A,False,S1,1.0,-0.98,Protein kinase,1.0,,2.0,15.0,0.0,unchanged,0.0,0.209872587594994,0.0,0.209872587594994,False,True,True,False
PBY547,VPS74,YDR372C,VPS74 S14,14.0,S,A,True,False,True,point mutation to alanine,PMID 21126336: Predicted protein kinase = RIM11|Deletion of protein Kinase YDR477W/SNF1 causes Decreased logFC -7.685 - PMID 21177495|Deletion of protein Kinase YJR059W/PTK2 causes Decreased logFC -7.56 - PMID 21177495|Deletion of protein Phosphatase YLL010C/PSR1 causes Fold Change logFC -2.106 - PMID 21177495|Deletion of protein Phosphatase YDL230W/PTP1 causes Fold Change logFC -1.787 - PMID 21177495.,14,14,source workbook coordinate,Q06385,MATCH,102.0,102.0,41.0,6.23349012109029e-65,True,False,False,include: sequence-validated raw-screen strain,True,PBY547,0.86797890869301,7.37694818514717e-32,2.93602537768857e-29,VPS74 S14A,False,Y0,1.0,-0.96,,8.0,5.0,15.0,0.0,-0.293588148472327,losses,41.0,6.23349012109029e-65,41.0,6.23349012109029e-65,True,True,True,False
PBY549,VPS74,YDR372C,VPS74 S19,19.0,S,A,True,False,True,point mutation to alanine,Deletion of protein Kinase YJR059W/PTK2 causes Decreased logFC -7.56 - PMID 21177495|Deletion of protein Phosphatase YLL010C/PSR1 causes Fold Change logFC -2.106 - PMID 21177495.,19,19,source workbook coordinate,Q06385,MATCH,102.0,102.0,19.0,3.05238969746973e-25,True,False,False,include: sequence-validated raw-screen strain,True,PBY549,0.724801672598819,1.04726879422783e-17,6.94688300171128e-16,VPS74 S19A,False,S1,1.0,-0.97,,5.0,1.0,9.0,1.0,-0.595364966352626,losses,19.0,3.05238969746973e-25,19.0,3.05238969746973e-25,True,True,True,False
PBY552,VPS74,YDR372C,VPS74 S22,22.0,S,A,True,False,True,point mutation to alanine,,22,22,source workbook coordinate,Q06385,MATCH,102.0,102.0,0.0,0.292980591768175,True,False,False,include: sequence-validated raw-screen strain,True,PBY552,0.0209904638162566,0.834956693950982,0.912097719591687,VPS74 S22A,False,S1,1.0,-0.98,,,0.0,2.0,0.0,-0.769447995433388,unchanged,0.0,0.292980591768175,0.0,0.292980591768175,False,True,True,False
PBY562,RAD55,YDR076W,RAD55 S14,14.0,S,A,True,False,True,point mutation to alanine,"Mutation of Rad55 S2, S8 and S14 causes sensitivity to genotoxic stress.",14,14,source workbook coordinate,P38953,MATCH,102.0,102.0,22.0,1.28750757244776e-56,True,False,False,include: sequence-validated raw-screen strain,True,PBY562,0.152834245157531,0.127053309303778,0.285690492106801,RAD55 S14A,True,,0.0,-0.26,,1.0,,,1.0,-0.788980485474007,gains,22.0,1.28750757244776e-56,22.0,1.28750757244776e-56,True,True,True,False
PBY570,ENO1,YGR254W,ENO1 Y12,12.0,Y,A,True,False,True,point mutation to alanine,,12,12,source workbook coordinate,P00924,MATCH,102.0,102.0,0.0,0.367556865169801,True,False,False,include: sequence-validated raw-screen strain,True,PBY570,0.478786604568474,3.57646942522649e-07,5.47474935092363e-06,ENO1 Y12A,False,Y1,0.0,-0.02,,,,1.0,0.0,-0.0125928835575933,unknown,0.0,0.367556865169801,0.0,0.367556865169801,False,True,True,False
PBY571,ENO1,YGR254W,ENO1 S10,10.0,S,A,True,False,True,point mutation to alanine,,10,10,source workbook coordinate,P00924,MATCH,102.0,102.0,0.0,0.396922419912938,True,False,False,include: sequence-validated raw-screen strain,True,PBY571,0.53232459866838,8.49691484353925e-09,1.61036767034696e-07,ENO1 S10A,False,Y1,0.0,-0.01,,4.0,,4.0,0.0,-0.0219793226684544,unknown,0.0,0.396922419912938,0.0,0.396922419912938,False,True,True,False
PBY572,MKK1,YOR231W,MKK1 S163,163.0,S,A,True,False,True,point mutation to alanine,,163,163,source workbook coordinate,P32490,MATCH,102.0,102.0,1.0,0.0187928028333063,True,False,False,include: sequence-validated raw-screen strain,True,PBY572,0.232237068090362,0.020068889866248,0.0775477491919099,MKK1 S163A,False,,1.0,-0.97,,1.0,,,0.0,-0.862255579074236,unknown,1.0,0.0187928028333063,1.0,0.0187928028333063,True,True,True,False
PBY573,MKK1,YOR231W,MKK1 S191,191.0,S,A,True,False,True,point mutation to alanine,,191,191,source workbook coordinate,P32490,MATCH,102.0,102.0,0.0,0.373158548260427,True,False,False,include: sequence-validated raw-screen strain,True,PBY573,0.0825998761324593,0.413921954182784,0.624018703654349,MKK1 S191A,False,,1.0,-0.98,,2.0,,,0.0,-0.947981565214684,unchanged,0.0,0.373158548260427,0.0,0.373158548260427,False,True,True,False
PBY574,SLT2,YHR030C,SLT2 T190,190.0,T,A,True,False,True,point mutation to alanine,,190,190,source workbook coordinate,Q00772,MATCH,101.0,101.0,28.0,3.79744107932824e-143,True,False,False,include: sequence-validated raw-screen strain,True,PBY574,0.86079334542639,1.28823920125843e-29,2.56359601050427e-27,SLT2 T190A,True,Y0,0.0,-0.02,Protein kinase,4.0,,2.0,0.0,0.0,losses,28.0,3.79744107932824e-143,28.0,3.79744107932824e-143,True,True,True,False
PBY575,SLT2,YHR030C,SLT2 Y192,192.0,Y,A,True,False,True,point mutation to alanine,2 peptide occurrences in PMID 17330950.,192,192,source workbook coordinate,Q00772,MATCH,100.0,100.0,28.0,2.3286657935162e-137,True,False,False,include: sequence-validated raw-screen strain,True,PBY575,0.84480248676377,1.52421755867441e-27,2.02212862784138e-25,SLT2 Y192A,True,Y0,0.0,-0.01,Protein kinase,4.0,,2.0,0.0,0.0,losses,28.0,2.3286657935162e-137,28.0,2.3286657935162e-137,True,True,True,False
PBY578,VMA2,YBR127C,VMA2 T83,83.0,T,A,True,False,True,point mutation to alanine,,83,83,source workbook coordinate,P16140,MATCH,102.0,102.0,0.0,0.0649878753453478,True,False,False,include: sequence-validated raw-screen strain,True,PBY578,0.129836511688075,0.19792047129198,0.378713209491384,VMA2 T83A,False,,0.0,-0.03,,1.0,,,0.0,-0.0168272020582285,unchanged,0.0,0.0649878753453478,0.0,0.0649878753453478,False,True,True,False
PBY579,GCN5,YGR252W,GCN5 Y212,212.0,Y,A,True,False,True,point mutation to alanine,A Gcn5-4A mutation inhibits Snf1-dependent activation of HIS3.,212,212,source workbook coordinate,Q03330,MATCH,102.0,102.0,3.0,0.000545126146495998,True,False,False,include: sequence-validated raw-screen strain,True,PBY579,-0.00728164952644041,0.942096058577372,0.970742631408079,GCN5 Y212A,True,,0.0,-0.01,N-acetyltransferase,1.0,,,0.0,0.0,unknown,3.0,0.000545126146495998,3.0,0.000545126146495998,True,True,True,False
PBY580,MKK1,YOR231W,MKK1 S180,180.0,S,A,True,False,True,point mutation to alanine,,180,180,source workbook coordinate,P32490,MATCH,102.0,102.0,0.0,0.0566922673808374,True,False,False,include: sequence-validated raw-screen strain,True,PBY580,0.0185333467826043,0.854783055164384,0.919469340420067,MKK1 S180A,False,Y2,1.0,-0.98,,,,,0.0,-0.765491092915862,unchanged,0.0,0.0566922673808374,0.0,0.0566922673808374,False,True,True,False
PBY590,SKY1,YMR216C,SKY1 S445,445.0,S,A,True,False,True,point mutation to alanine,PMID 19684113: Down-regulated by rapamycin|PMID 20702584: down-regulated in rapamycin treated cells.,445,445,source workbook coordinate,Q03656,MATCH,102.0,102.0,4.0,0.000727220683850761,True,False,False,include: sequence-validated raw-screen strain,True,PBY590,-0.081451957510749,0.41808986001592,0.627923638816362,SKY1 S445A,False,S1,1.0,-0.91,Protein kinase,5.0,1.0,28.0,0.0,-0.29605798138482,unknown,4.0,0.000727220683850761,4.0,0.000727220683850761,True,True,True,False
PBY592,SKY1,YMR216C,SKY1 S417,417.0,S,A,True,False,True,point mutation to alanine,,417,417,source workbook coordinate,Q03656,MATCH,102.0,102.0,0.0,0.245013787390774,True,False,False,include: sequence-validated raw-screen strain,True,PBY592,0.00736259285122298,0.941747939977589,0.970742631408079,SKY1 S417A,False,,1.0,-0.91,Protein kinase,1.0,,,1.0,-0.626613269358972,unchanged,0.0,0.245013787390774,0.0,0.245013787390774,False,True,True,False
PBY593,SKY1,YMR216C,SKY1 T338,338.0,T,A,True,False,True,point mutation to alanine,,338,338,source workbook coordinate,Q03656,MATCH,101.0,101.0,8.0,1.62587029036118e-06,True,False,False,include: sequence-validated raw-screen strain,True,PBY593,-0.143437269856882,0.154529699847477,0.325411748885164,SKY1 T338A,False,,1.0,-0.96,Protein kinase,1.0,,,3.0,-1.0,gains,8.0,1.62587029036118e-06,8.0,1.62587029036118e-06,True,True,True,False
PBY610,VMA2,YBR127C,VMA2 S137,137.0,S,A,True,False,True,point mutation to alanine,,137,137,source workbook coordinate,P16140,MATCH,102.0,102.0,0.0,0.115300438018315,True,False,False,include: sequence-validated raw-screen strain,True,PBY610,-0.0559331313020876,0.580446853934271,0.746403947034319,VMA2 S137A,False,Y0,0.0,-0.02,,2.0,0.0,2.0,0.0,-0.770064179513379,unchanged,0.0,0.115300438018315,0.0,0.115300438018315,False,True,True,False
PBY638,ELM1,YKL048C,ELM1 S516,516.0,S,A,True,False,True,point mutation to alanine,,516,516,source workbook coordinate,P32801,MATCH,102.0,102.0,0.0,0.150359834331953,True,False,False,include: sequence-validated raw-screen strain,True,PBY638,-0.195357452311415,0.0526463455707713,0.159300766676884,ELM1 S516A,False,S1,1.0,-0.95,,1.0,0.0,2.0,0.0,-0.812994154670191,unchanged,0.0,0.150359834331953,0.0,0.150359834331953,False,True,True,False
PBY641,RAD55,YDR076W,RAD55 S2,2.0,S,A,True,False,True,point mutation to alanine,"Mutation of Rad55 S2, S8 and S14 causes sensitivity to genotoxic stress.",2,2,source workbook coordinate,P38953,MATCH,102.0,102.0,0.0,0.334676995076706,True,False,False,include: sequence-validated raw-screen strain,True,PBY641,0.17639775299261,0.077635374122813,0.206082547875946,RAD55 S2A,True,,0.0,-0.47,,1.0,,,0.0,-0.188876508474341,unchanged,0.0,0.334676995076706,0.0,0.334676995076706,False,True,True,False
PBY644,SKY1,YMR216C,SKY1 S362,362.0,S,A,True,False,True,point mutation to alanine,,362,362,source workbook coordinate,Q03656,MATCH,102.0,102.0,3.0,0.00020313471243073,True,False,False,include: sequence-validated raw-screen strain,True,PBY644,-0.124392815553341,0.215200458244324,0.396526770283522,SKY1 S362A,False,S1,1.0,-0.97,Protein kinase,,,,1.0,-0.19883682388854,unknown,3.0,0.00020313471243073,3.0,0.00020313471243073,True,True,True,False
PBY647,EFT2,YDR385W,EFT2 S569,569.0,S,A,True,False,True,point mutation to alanine,,569,569,source workbook coordinate,P32324,MATCH,102.0,102.0,4.0,0.00682367410340653,True,False,False,include: sequence-validated raw-screen strain,True,PBY647,0.241350281609307,0.0150402921743394,0.0630109082672326,EFT2 S569A,False,,0.0,-0.11,,1.0,0.0,,0.0,-0.762995754333331,unknown,4.0,0.00682367410340653,4.0,0.00682367410340653,True,True,True,False
PBY648,ELM1,YKL048C,ELM1 S580,580.0,S,A,True,False,True,point mutation to alanine,,580,580,source workbook coordinate,P32801,MATCH,102.0,102.0,0.0,0.407210643837567,True,False,False,include: sequence-validated raw-screen strain,True,PBY648,0.110293311848924,0.27713099678502,0.46935377327846,ELM1 S580A,False,S1,1.0,-0.97,,,,2.0,0.0,-0.592058696497219,unchanged,0.0,0.407210643837567,0.0,0.407210643837567,False,True,True,False
PBY650,ELM1,YKL048C,ELM1 S581,581.0,S,A,True,False,True,point mutation to alanine,,581,581,source workbook coordinate,P32801,MATCH,102.0,102.0,0.0,0.0609038925610995,True,False,False,include: sequence-validated raw-screen strain,True,PBY650,0.337783461324084,0.000627827156506006,0.00471462657149793,ELM1 S581A,False,Y2,1.0,-0.97,,,1.0,1.0,1.0,-0.47139290863434,unknown,0.0,0.0609038925610995,0.0,0.0609038925610995,False,True,True,False
PBY662,EFT2,YDR385W,EFT2 T566,566.0,T,A,True,False,True,point mutation to alanine,,566,566,source workbook coordinate,P32324,MATCH,102.0,102.0,12.0,3.06766740014872e-12,True,False,False,include: sequence-validated raw-screen strain,True,PBY662,-0.0696461849710921,0.488896991677155,0.680353156250027,EFT2 T566A,False,,0.0,-0.05,,,,,1.0,-0.0193194542289605,gains,7.5,1.53383370007436e-12,12.0,3.06766740014872e-12,True,True,True,False
PBY663,EFT2,YDR385W,EFT2 T566A,566.0,T,A,True,False,True,point mutation to alanine,,566,566,source workbook coordinate,P32324,MATCH,102.0,102.0,3.0,3.37513718897214e-57,True,False,False,include: sequence-validated raw-screen strain,True,PBY663,0.0322565993888295,0.748799241159831,0.851491708518893,EFT2 T566A,False,,0.0,-0.05,,,,,1.0,-0.0193194542289605,unknown,7.5,1.53383370007436e-12,3.0,3.37513718897214e-57,True,True,True,False
PBY712,ENO1,YGR254W,ENO1 S188,188.0,S,A,True,False,True,point mutation to alanine,1 peptide occurrence in PMID 17330950.,188,188,source workbook coordinate,P00924,MATCH,98.0,98.0,6.0,0.00548946462954284,True,False,False,include: sequence-validated raw-screen strain,True,PBY712,0.579313599286076,4.11975396988973e-10,9.6450710589183e-09,ENO1 S188A,False,Y1,0.0,-0.01,,5.0,0.0,31.0,0.0,-1.0,losses,6.0,0.00548946462954284,6.0,0.00548946462954284,True,True,True,False
PBY725,PHO23,YNL097C,PHO23 S234,234.0,S,A,True,False,True,point mutation to alanine,,234,234,source workbook coordinate,P50947,MATCH,102.0,102.0,0.0,0.355669680001583,True,False,False,include: sequence-validated raw-screen strain,True,PBY725,0.132378919540702,0.186952600537106,0.366537610905262,PHO23 S234A,False,S1,1.0,-0.98,,1.0,0.0,1.0,0.0,-0.814278431776783,unchanged,0.0,0.355669680001583,0.0,0.355669680001583,False,True,True,False
PBY737,SKY1,YMR216C,SKY1 S414,414.0,S,A,True,False,True,point mutation to alanine,PMID 19684113: Up-regulated by cycloheximide.,414,414,source workbook coordinate,Q03656,MATCH,102.0,102.0,0.0,0.590132522988244,True,False,False,include: sequence-validated raw-screen strain,True,PBY737,-0.0826875760548157,0.411039782688782,0.62202978520964,SKY1 S414A,False,S1,1.0,-0.92,Protein kinase,2.0,0.0,4.0,0.0,-0.390792957591084,unchanged,0.0,0.590132522988244,0.0,0.590132522988244,False,True,True,False
PBY738,SKY1,YMR216C,SKY1 S410,410.0,S,A,True,False,True,point mutation to alanine,PMID 19684113: Up-regulated by cycloheximide.,410,410,source workbook coordinate,Q03656,MATCH,102.0,102.0,0.0,0.190004378535822,True,False,False,include: sequence-validated raw-screen strain,True,PBY738,0.050202128251993,0.618089582430726,0.768748918148215,SKY1 S410A,False,S1,1.0,-0.95,Protein kinase,2.0,,5.0,1.0,-0.153601212261166,unchanged,0.0,0.190004378535822,0.0,0.190004378535822,False,True,True,False
PBY741,SKY1,YMR216C,SKY1 S360,360.0,S,A,True,False,True,point mutation to alanine,,360,360,source workbook coordinate,Q03656,MATCH,102.0,102.0,0.0,0.163811670638429,True,False,False,include: sequence-validated raw-screen strain,True,PBY741,0.0510059112929149,0.612468866728372,0.765637174768808,SKY1 S360A,False,S1,1.0,-0.97,Protein kinase,,,,0.0,-0.441206835302512,unchanged,0.0,0.163811670638429,0.0,0.163811670638429,False,True,True,False
PBY745,SLT2,YHR030C,SLT2 T413,413.0,T,A,True,False,True,point mutation to alanine,,413,413,source workbook coordinate,Q00772,MATCH,102.0,102.0,0.0,0.090268511859258,True,False,False,include: sequence-validated raw-screen strain,True,PBY745,-0.0296821205489549,0.772880722395807,0.865482458972011,SLT2 T413A,False,,1.0,-0.98,,1.0,,,0.0,-0.749234093492976,unchanged,0.0,0.090268511859258,0.0,0.090268511859258,False,True,True,False
PBY747,VMA2,YBR127C,VMA2 S84,84.0,S,A,True,False,True,point mutation to alanine,,84,84,source workbook coordinate,P16140,MATCH,102.0,102.0,0.0,0.303685624977941,True,False,False,include: sequence-validated raw-screen strain,True,PBY747,-0.18387386687636,0.0670605046203452,0.19201497006401,VMA2 S84A,False,,0.0,-0.04,,1.0,,,0.0,-0.209176488192839,unchanged,0.0,0.303685624977941,0.0,0.303685624977941,False,True,True,False
PBY753,DBF2,YGR092W,DBF2 S51,51.0,S,A,True,False,True,point mutation to alanine,,51,51,source workbook coordinate,P22204,MATCH,102.0,102.0,23.0,1.28721102508989e-23,True,False,False,include: sequence-validated raw-screen strain,True,PBY753,0.696605335283698,6.01496820663876e-16,2.99244668280278e-14,DBF2 S51A,False,Y2,1.0,-0.97,,1.0,,7.0,0.0,-0.796086569668732,losses,23.0,1.28721102508989e-23,23.0,1.28721102508989e-23,True,True,True,False
PBY768,PHO23,YNL097C,PHO23 S267,267.0,S,A,True,False,True,point mutation to alanine,,267,267,source workbook coordinate,P50947,MATCH,102.0,102.0,0.0,0.106837964379697,True,False,False,include: sequence-validated raw-screen strain,True,PBY768,0.0293085145160118,0.771094820113944,0.865482458972011,PHO23 S267A,False,S1,1.0,-0.97,,,,1.0,0.0,-0.770430040392139,unchanged,0.0,0.106837964379697,0.0,0.106837964379697,False,True,True,False
PBY777,SKY1,YMR216C,SKY1 S427,427.0,S,A,True,False,True,point mutation to alanine,,427,427,source workbook coordinate,Q03656,MATCH,102.0,102.0,2.0,0.0136554214948102,True,False,False,include: sequence-validated raw-screen strain,True,PBY777,-0.0543932653877426,0.589030496651893,0.748990855167583,SKY1 S427A,False,S1,1.0,-0.89,Protein kinase,2.0,0.0,3.0,9.0,-0.849530442448274,unknown,2.0,0.0136554214948102,2.0,0.0136554214948102,True,True,True,False
PBY779,SKY1,YMR216C,SKY1 S388,388.0,S,A,True,False,True,point mutation to alanine,,388,388,source workbook coordinate,Q03656,MATCH,102.0,102.0,6.0,0.000497705958523277,True,False,False,include: sequence-validated raw-screen strain,True,PBY779,0.176377908442795,0.0776693019632962,0.206082547875946,SKY1 S388A,False,Y1,1.0,-0.98,Protein kinase,2.0,0.0,4.0,0.0,0.0,unknown,6.0,0.000497705958523277,6.0,0.000497705958523277,True,True,True,False
PBY786,YCR087C-A,YCR087C-A,YCR087C-A Y121,121.0,Y,A,True,False,True,point mutation to alanine,,121,121,source workbook coordinate,P37263,MATCH,102.0,102.0,24.0,1.89234520712342e-65,True,False,False,include: sequence-validated raw-screen strain,True,PBY786,-0.211632898213239,0.0336252177445768,0.112460812288585,YCR087C-A Y121A,False,Y1,0.0,-0.11,,,,1.0,0.0,-0.134649977323897,gains,24.0,1.89234520712342e-65,24.0,1.89234520712342e-65,True,True,True,False
PBY788,YCR087C-A,YCR087C-A,YCR087C-A S53,53.0,S,A,True,False,True,point mutation to alanine,Deletion of protein Kinase YKL101W/HSL1 causes Fold Change logFC 2.277 - PMID 21177495|Deletion of protein Kinase YKL101W/HSL1 causes Fold Change logFC 2.736 - PMID 21177495|Deletion of protein Kinase YOR231W/MKK1 causes Fold Change logFC 4.267 - PMID 21177495.,53,53,source workbook coordinate,P37263,MATCH,102.0,102.0,0.0,0.626272913484416,True,False,False,include: sequence-validated raw-screen strain,True,PBY788,-0.0633680646269816,0.528990746577189,0.717522270763938,YCR087C-A S53A,False,Y1,0.0,-0.01,,1.0,1.0,2.0,0.0,-0.0209276406138412,unchanged,0.0,0.626272913484416,0.0,0.626272913484416,False,True,True,False
PBY789,YCR087C-A,YCR087C-A,YCR087C-A T126,126.0,T,A,True,False,True,point mutation to alanine,,126,126,source workbook coordinate,P37263,MATCH,102.0,102.0,0.0,0.177825894080998,True,False,False,include: sequence-validated raw-screen strain,True,PBY789,0.0452775986045449,0.65299817391197,0.787555373384739,YCR087C-A T126A,False,S1,0.0,-0.13,,,,1.0,0.0,-0.993588201769991,unchanged,0.0,0.177825894080998,0.0,0.177825894080998,False,True,True,False
PBY845,RPO21,YDL140C,RPO21 T1471,1471.0,T,A,True,False,True,point mutation to alanine,,1471,1471,source workbook coordinate,P04050,MATCH,102.0,102.0,0.0,0.110091863125234,True,False,False,include: sequence-validated raw-screen strain,True,PBY845,,,1.0,RPO21 T1471A,False,Y0,1.0,-0.7,,2.0,0.0,1.0,3.0,-0.268119919299768,unchanged,0.0,0.110091863125234,0.0,0.110091863125234,False,True,True,False
PBY847,RPO21,YDL140C,RPO21 T1460,1460.0,T,A,True,False,True,point mutation to alanine,,1460,1460,source workbook coordinate,P04050,MATCH,102.0,102.0,0.0,0.471414250067525,True,False,False,include: sequence-validated raw-screen strain,True,PBY847,,,1.0,RPO21 T1460A,False,S1,1.0,-0.93,,,,1.0,2.0,-0.874469583395115,unchanged,0.0,0.471414250067525,0.0,0.471414250067525,False,True,True,False
PBY852,PRM15,YMR278W,PRM15 S158,158.0,S,A,True,False,True,point mutation to alanine,"1 peptide occurrence in PMID 17330950|PMID 19823750: 5,20 min 0.4M NaCl ratio (log2); -0.051,0.207.",158,158,source workbook coordinate,Q03262,MATCH,102.0,102.0,1.0,0.0187928028333063,True,False,False,include: sequence-validated raw-screen strain,True,PBY852,0.117586677525568,0.241562639521416,0.43346882876003,PRM15 S158A,False,Y0,0.0,-0.1,,6.0,0.0,12.0,0.0,0.0,unknown,1.0,0.0187928028333063,1.0,0.0187928028333063,True,True,True,True
PBY854,DBP5,YOR046C,DBP5 S86,86.0,S,A,True,False,True,point mutation to alanine,"1 peptide occurrence in PMID 17330950|PMID 21126336: Predicted protein kinase = PHO85, accumulates in nat3 cells.",86,86,source workbook coordinate,P20449,MATCH,102.0,102.0,0.0,0.618809250739345,True,False,False,include: sequence-validated raw-screen strain,True,PBY854,,,1.0,DBP5 S86A,False,Y0,0.0,-0.12,,3.0,,2.0,1.0,-0.00909595156348883,unchanged,0.0,0.618809250739345,0.0,0.618809250739345,False,True,True,False
PBY857,TDH3,YGR192C,TDH3 T151,151.0,T,A,True,False,True,point mutation to alanine,,151,151,source workbook coordinate,P00359,MATCH,102.0,102.0,1.0,3.25929658388168e-12,True,False,False,include: sequence-validated raw-screen strain,True,PBY857,0.564255940926734,7.99785156269514e-10,1.67533943260667e-08,TDH3 T151A,False,S1,0.0,-0.01,,2.0,0.0,1.0,0.0,0.0,losses,1.0,3.25929658388168e-12,1.0,3.25929658388168e-12,True,True,True,True
PBY860,TDH3,YGR192C,TDH3 S149,149.0,S,A,True,False,True,point mutation to alanine,"PMID 19823750: 5,20 min 0.4M NaCl ratio (log2); -0.121,0.021|PMID 19823750: best predicted motif = CK1.",149,149,source workbook coordinate,P00359,MATCH,102.0,102.0,1.0,0.000208853392548523,True,False,False,include: sequence-validated raw-screen strain,True,PBY860,0.380827404479128,8.53910296187445e-05,0.000828917799713666,TDH3 S149A,False,Y0,0.0,-0.01,,5.0,0.0,5.0,0.0,-0.00948986874785712,unknown,1.0,0.000208853392548523,1.0,0.000208853392548523,True,True,True,True
PBY861,STE11,YLR362W,STE11 T231,231.0,T,A,True,False,True,point mutation to alanine,PMID 21126336: Predicted protein kinase = SNF1,231,231,source workbook coordinate,P23561,MATCH,102.0,102.0,0.0,0.29152882155617,True,False,False,include: sequence-validated raw-screen strain,True,PBY861,0.109886906912752,0.276439140020356,0.46935377327846,STE11 T231A,False,,1.0,-0.92,,1.0,,,0.0,-0.375735529156781,unchanged,0.0,0.29152882155617,0.0,0.29152882155617,False,True,True,False
PBY863,STE11,YLR362W,STE11 S387,387.0,S,A,True,False,True,point mutation to alanine,,387,387,source workbook coordinate,P23561,MATCH,102.0,102.0,0.0,0.498003361577705,True,False,False,include: sequence-validated raw-screen strain,True,PBY863,0.179111232101953,0.0745794367651433,0.203305587894021,STE11 S387A,False,,1.0,-0.88,,1.0,,,1.0,-0.536979667182387,unchanged,0.0,0.498003361577705,0.0,0.498003361577705,False,True,True,False
PBY882,PDA1,YER178W,PDA1 S313,313.0,S,A,True,False,True,point mutation to alanine,"13 peptide occurrences in PMID 17330950|PMID 19684113: Up-regulated by cycloheximide|PMID 21126336: Predicted protein kinase = CKA2, accumulates in nat3 cells|Deletion of protein Kinase YIL042C/PKP1 causes Decreased logFC -10.47 - PMID 21177495|Deletion of protein Kinase YBR274W/CHK1 causes Fold Change logFC -2.571 - PMID 21177495|Deletion of protein Phosphatase YBR276C/PPS1 causes Fold Change logFC -2.594 - PMID 21177495|Deletion of protein Phosphatase YDL230W/PTP1 causes Fold Change logFC -3.728 - PMID 21177495|Deletion of protein Phosphatase YGR203W/YCH1 causes Fold Change logFC -3.435 - PMID 21177495|Deletion of protein Kinase YGR262C/BUD32 causes Fold Change logFC -3.551 - PMID 21177495|Deletion of protein Kinase YJL106W/IME2 causes Fold Change logFC -1.7 - PMID 21177495|Deletion of protein Kinase YJR066W/TOR1 causes Fold Change logFC -1.733 - PMID 21177495|Deletion of protein Kinase YKL139W/CTK1 causes Fold Change logFC -1.77 - PMID 21177495|Deletion of protein Phosphatase YNL099C/OCA1 causes Fold Change logFC -2.978 - PMID 21177495|Deletion of protein Kinase YNL298W/CLA4 causes Fold Change logFC -2.551 - PMID 21177495|Deletion of protein Phosphatase YNR032W/PPG1 causes Fold Change logFC -2.092 - PMID 21177495|Deletion of protein Kinase YOL045W/PSK2 causes Fold Change logFC -2.79 - PMID 21177495|Deletion of protein Kinase YOL100W/PKH2 causes Fold Change logFC -3.917 - PMID 21177495|Deletion of protein Kinase YOR061W/CKA2 causes Fold Change logFC -1.544 - PMID 21177495|Deletion of protein Kinase YPL026C/SKS1 causes Fold Change logFC -4.292 - PMID 21177495.",313,313,source workbook coordinate,P16387,MATCH,102.0,102.0,0.0,0.251946748243047,True,False,False,include: sequence-validated raw-screen strain,True,PBY882,0.208492415596122,0.0354756378849232,0.117660865651662,PDA1 S313A,False,Y0,0.0,-0.03,,13.0,14.0,27.0,0.0,0.0,unchanged,0.0,0.251946748243047,0.0,0.251946748243047,False,True,True,False
PBY886,PDA1,YER178W,PDA1 S315,315.0,S,A,True,False,True,point mutation to alanine,,315,315,source workbook coordinate,P16387,MATCH,102.0,102.0,2.0,0.0132339509352649,True,False,False,include: sequence-validated raw-screen strain,True,PBY886,0.124356407962559,0.213021665505787,0.39433778079676,PDA1 S315A,False,S1,0.0,-0.04,,2.0,0.0,4.0,0.0,0.0,unknown,2.0,0.0132339509352649,2.0,0.0132339509352649,True,True,True,False
PBY894,ARP8,YOR141C,ARP8 T235,235.0,T,A,True,False,True,point mutation to alanine,,235,235,source workbook coordinate,Q12386,MATCH,102.0,102.0,0.0,0.412129837488248,True,False,False,include: sequence-validated raw-screen strain,True,PBY894,0.0628031094317431,0.534765167197761,0.717522270763938,ARP8 T235A,False,,1.0,-0.95,,1.0,0.0,,0.0,-0.659091894436698,unchanged,0.0,0.412129837488248,0.0,0.412129837488248,False,True,True,False
PBY895,STE11,YLR362W,STE11 S323,323.0,S,A,True,False,True,point mutation to alanine,3 peptide occurrences in PMID 17330950.,323,323,source workbook coordinate,P23561,MATCH,102.0,102.0,1.0,0.001442832588468,True,False,False,include: sequence-validated raw-screen strain,True,PBY895,0.250884608569808,0.0118120963464599,0.0528226330998995,STE11 S323A,False,S1,1.0,-0.96,,4.0,0.0,3.0,0.0,-0.721991954003843,unknown,1.0,0.001442832588468,1.0,0.001442832588468,True,True,True,False
PBY896,STE11,YLR362W,STE11 S616,616.0,S,A,True,False,True,point mutation to alanine,,616,616,source workbook coordinate,P23561,MATCH,96.0,96.0,7.0,0.000762694752273656,True,False,False,include: sequence-validated raw-screen strain,True,PBY896,0.528536099413021,4.36408257078913e-08,7.23710359655864e-07,STE11 S616A,False,Y1,0.0,-0.2,Protein kinase,1.0,0.0,3.0,7.0,0.0,losses,7.0,0.000762694752273656,7.0,0.000762694752273656,True,True,True,False
PBY897,ENO1,YGR254W,ENO1 Y290,290.0,Y,A,True,False,True,point mutation to alanine,,290,290,source workbook coordinate,P00924,MATCH,102.0,102.0,0.0,0.353682760523496,True,False,False,include: sequence-validated raw-screen strain,True,PBY897,0.367612381110071,0.000144151700067411,0.00133424131690301,ENO1 Y290A,False,,0.0,-0.01,,,,,0.0,-0.000855706390505454,unknown,0.0,0.353682760523496,0.0,0.353682760523496,False,True,True,False
PBY899,YPK1,YKL126W,YPK1 T508,508.0,T,A,True,False,True,point mutation to alanine,1 peptide occurrence in PMID 17330950.,508,508,source workbook coordinate,P12688,MATCH,102.0,102.0,25.0,4.81978753275192e-27,True,False,False,include: sequence-validated raw-screen strain,True,PBY899,-0.390395042127362,5.93404741244595e-05,0.000605577146193202,YPK1 T508A,False,Y1,1.0,-0.5,Protein kinase,1.0,,1.0,0.0,0.0,gains,25.0,4.81978753275192e-27,25.0,4.81978753275192e-27,True,True,True,False
