acc,pos,pmt_aa_wt,pmt_aa_mutant,member_strain_ids,phenotypes,extremePheno,raw_profile_rows,raw_conditions,in_supplementary_data_6,Gene name,Systematic name,source_pos,position_resolution,Strain name,label,group,is_disopred,disopred_score_inv,sift_ala_score_inv,cor_estimate,cor_pvalue,cor_fdr,isPhosphogrid,age_w0_group,domain_uniprot,pgrid_pubmed_count,quant_top1,ptmfunc_counts,PWM_nkinTop01,supp6_phenotypes,supp6_extremePheno,Strain ID,source_replicate_strain_count,has_pheno,has_annot,is_itself_annot,wgs_quality_flag,scar_control_correlation_flag,aa,min_dist_A,nearest_feat_pos,plddt,rsa,n_annot_residues,y,logd,ordered,n_pheno,cohort_primary_exclude_annotation_coincident,cohort_inclusive_sensitivity
P00924,10,S,A,PBY571,0.0,0.396922419912938,102.0,102.0,True,ENO1,YGR254W,10,source workbook coordinate,ENO1 S10,ENO1 S10A,unknown,0.0,-0.01,-0.0219793226684544,0.53232459866838,8.496914843539251e-09,1.61036767034696e-07,False,Y1,,4.0,,4.0,0.0,0.0,0.396922419912938,PBY571,1,False,True,False,False,False,S,15.845911979675291,376,98.81,0.3207104791903593,12,0,1.2264945271615748,1,0.0,True,True
P00924,12,Y,A,PBY570,0.0,0.367556865169801,102.0,102.0,True,ENO1,YGR254W,12,source workbook coordinate,ENO1 Y12,ENO1 Y12A,unknown,0.0,-0.02,-0.0125928835575933,0.478786604568474,3.57646942522649e-07,5.47474935092363e-06,False,Y1,,,,1.0,0.0,0.0,0.367556865169801,PBY570,1,False,True,False,False,False,Y,9.896291732788086,376,98.81,0.4743307985801235,12,0,1.037278722344404,1,0.0,True,True
P00924,188,S,A,PBY712,6.0,0.0054894646295428,98.0,98.0,True,ENO1,YGR254W,188,source workbook coordinate,ENO1 S188,ENO1 S188A,losses,0.0,-0.01,-1.0,0.579313599286076,4.11975396988973e-10,9.6450710589183e-09,False,Y1,,5.0,0.0,31.0,0.0,6.0,0.0054894646295428,PBY712,1,True,True,False,False,False,S,11.83523654937744,212,98.88,0.2179212969394062,12,1,1.1084038769920865,1,6.0,True,True
P00924,290,Y,A,PBY897,0.0,0.353682760523496,102.0,102.0,True,ENO1,YGR254W,290,source workbook coordinate,ENO1 Y290,ENO1 Y290A,unknown,0.0,-0.01,-0.0008557063905054,0.367612381110071,0.0001441517000674,0.001334241316903,False,,,,,,0.0,0.0,0.353682760523496,PBY897,1,False,True,False,False,False,Y,11.450397491455078,169,98.81,0.0820655672432944,12,0,1.0951832169409799,1,0.0,True,True
P02829,282,S,A,PBY295,0.0,0.698171298591582,102.0,102.0,True,HSP82,YPL240C,282,source workbook coordinate,HSP82 S282,HSP82 S282A,unknown,0.0,-0.07,-0.637613980100774,-0.27510745035751,0.0058528954995003,0.0291181551100145,False,Y0,,,,1.0,0.0,0.0,0.698171298591582,PBY295,1,False,True,False,False,False,S,28.333364486694336,119,92.25,0.571976275724853,16,0,1.4673618786711513,1,0.0,True,True
P02829,297,S,A,PBY335,3.0,0.0170420378125957,102.0,102.0,True,HSP82,YPL240C,297,source workbook coordinate,HSP82 S297,HSP82 S297A,losses,0.0,-0.01,-0.255934246434032,0.628090348305576,3.4319507805750198e-12,1.13826367555738e-10,False,Y0,,,,2.0,0.0,3.0,0.0170420378125957,PBY335,1,True,True,False,False,False,S,20.191083908081055,380,84.38,0.1322186493494766,16,1,1.3261531711166186,1,3.0,True,True
P02829,379,S,A,PBY336,0.0,0.340887474081811,102.0,102.0,True,HSP82,YPL240C,379,source workbook coordinate,HSP82 S379  ,HSP82 S379A,unknown,0.0,-0.2,-0.0185220311049886,0.306739206468129,0.0020146940145925,0.011967883847878,False,S1,,,,1.0,1.0,0.0,0.340887474081811,PBY336,1,False,True,False,False,False,S,1.3419464826583862,380,72.75,0.0632350308851197,16,0,0.36957696650418836,1,0.0,True,True
P02829,533,T,A,PBY353,1.0,2.38608855437731e-07,102.0,102.0,True,HSP82,YPL240C,533,source workbook coordinate,HSP82 T533  ,HSP82 T533A,unknown,1.0,-0.74,-0.506703569863367,0.132748280447684,0.190243449051773,0.369350696207833,False,Y0,,,,1.0,0.0,1.0,2.38608855437731e-07,PBY353,1,True,True,False,False,False,T,66.66445922851562,380,89.06000000000002,0.4587707935199023,16,1,1.8303606153042067,1,1.0,True,True
P02829,604,S,A,PBY272,0.0,0.711050054120979,102.0,102.0,True,HSP82,YPL240C,604,source workbook coordinate,HSP82 S604  ,HSP82 S604A,unchanged,0.0,-0.26,-0.813339745875564,0.0296191988916809,0.771029662603903,0.865482458972011,False,S1,,,,1.0,2.0,0.0,0.711050054120979,PBY272,1,False,True,False,False,False,S,46.17081832885742,380,73.31,0.1384836742242845,16,0,1.673673410539202,1,0.0,True,True
P02829,612,T,A,PBY298,1.0,0.0098611757639152,102.0,102.0,True,HSP82,YPL240C,612,source workbook coordinate,HSP82 T612  ,HSP82 T612A,unknown,0.0,-0.23,-0.463846167990699,0.234628008407956,0.0194079090075673,0.0771850508168524,False,Y0,,,,1.0,0.0,1.0,0.0098611757639152,PBY298,1,True,True,False,False,False,T,59.30220413208008,380,95.0,0.1566310424726747,16,1,1.7803331865166896,1,1.0,True,True
P04050,1460,T,A,PBY847,0.0,0.471414250067525,102.0,102.0,True,RPO21,YDL140C,1460,source workbook coordinate,RPO21 T1460,RPO21 T1460A,unchanged,1.0,-0.93,-0.874469583395115,,,1.0,False,S1,,,,1.0,2.0,0.0,0.471414250067525,PBY847,1,False,True,False,False,False,T,50.49840545654297,70,37.03000000000001,0.6403687303533036,11,0,1.7117937822034166,0,0.0,True,True
P04050,1471,T,A,PBY845,0.0,0.110091863125234,102.0,102.0,True,RPO21,YDL140C,1471,source workbook coordinate,RPO21 T1471,RPO21 T1471A,unchanged,1.0,-0.7,-0.268119919299768,,,1.0,False,Y0,,2.0,0.0,1.0,3.0,0.0,0.110091863125234,PBY845,1,False,True,False,False,False,T,41.56484603881836,70,37.5,0.7500984977387706,11,0,1.6290510668459153,0,0.0,True,True
P06244,241,T,A,PBY285,8.0,7.091525556510301e-18,102.0,102.0,True,TPK1,YJL164C,241,source workbook coordinate,TPK1 T241,TPK1 T241A,gains,0.0,-0.03,0.0,0.216108828661884,0.0308109538081736,0.104932222518474,False,Y1,Protein kinase,4.0,,2.0,0.0,8.0,7.091525556510301e-18,PBY285,1,True,True,False,False,False,T,9.76496124267578,210,90.06000000000002,0.1972782833101163,11,1,1.0320124705624467,1,8.0,True,True
P06782,210,T,A,PBY117,13.0,3.36691891328256e-17,102.0,102.0,False,SNF1,YDR477W,210,source workbook coordinate,SNF1 T210  ,,,,,,,,,,,,,,,,,,PBY117,1,True,True,False,False,False,T,9.079323768615724,177,56.5,0.3983068976456762,11,1,1.003431395858493,0,13.0,True,True
P06782,211,S,A,PBY93,2.0,0.0111592253595698,102.0,102.0,True,SNF1,YDR477W,211,source workbook coordinate,SNF1 S211  ,SNF1 S211A,unknown,0.0,-0.29,0.0,0.118953220853857,0.233733836608546,0.422845758955461,False,S1,Protein kinase,2.0,,2.0,0.0,2.0,0.0111592253595698,PBY93,1,True,True,False,False,False,S,9.060124397277832,177,52.029999999999994,0.4777467376228897,11,1,1.0026033509701378,0,2.0,True,True
P06782,217,Y,A,PBY94,26.0,6.854018489909959e-11,102.0,102.0,False,SNF1,YDR477W,217,source workbook coordinate,SNF1 Y217  ,,,,,,,,,,,,,,,,,,PBY94,1,True,True,False,False,False,Y,6.122025012969971,177,93.12,0.0785093321403077,11,1,0.8526034946086306,1,26.0,True,True
P06782,413,S,A,PBY145,0.0,0.161488261623078,102.0,102.0,True,SNF1,YDR477W,413,source workbook coordinate,SNF1 S413 ,SNF1 S413A,unknown,1.0,-0.96,-0.15093658564235,-0.434178367446964,5.13553003288752e-06,5.83983129454067e-05,False,Y1,,9.0,0.0,20.0,0.0,0.0,0.161488261623078,PBY145,1,False,True,False,False,False,S,28.930192947387695,177,31.23,0.6441938293984755,11,0,1.4761095165634013,0,0.0,True,True
P06782,487,S,A,PBY64,2.0,0.0024960903681981,102.0,102.0,False,SNF1,YDR477W,487,source workbook coordinate,SNF1 S487 ,,,,,,,,,,,,,,,,,,PBY64,1,True,True,False,False,False,S,67.48636627197266,177,52.94,0.2723438969427905,11,1,1.8356041241614869,0,2.0,True,True
P08018,248,S,A,PBY225,0.0,0.149941104554343,102.0,102.0,True,PBS2,YJL128C,248,source workbook coordinate,PBS2 S248 ,PBS2 S248A,unchanged,1.0,-0.98,-0.513489650798978,0.175232722918839,0.07964743376561,0.20718744208309,False,Y2,,8.0,6.0,5.0,0.0,0.0,0.149941104554343,PBY225,1,False,True,False,False,False,S,55.94901657104492,485,39.94,0.6893592300737349,11,0,1.755486228828531,0,0.0,True,True
P11792,288,S,A,PBY121,1.0,0.0352451120768631,102.0,102.0,True,SCH9,YHR205W,288,source workbook coordinate,SCH9 S288  ,SCH9 S288A,unknown,1.0,-0.92,-0.777275911577126,-0.0464447388247611,0.64297872450904,0.784986295566252,False,Y1,,4.0,0.0,3.0,0.0,1.0,0.0352451120768631,PBY121,1,True,True,False,False,False,S,25.88221549987793,418,37.88,0.3456981801801803,11,1,1.4294650582702366,0,1.0,True,True
P11792,290,S,A,PBY112,7.0,0.0042443403599264,102.0,102.0,True,SCH9,YHR205W,290,source workbook coordinate,SCH9 S290  ,SCH9 S290A,gains,1.0,-0.91,-0.685493320658301,-0.114194637099465,0.253105737577161,0.448489550134556,False,Y2,,2.0,,2.0,1.0,7.0,0.0042443403599264,PBY112,1,True,True,False,False,False,S,25.63114547729492,418,40.56,0.3765225954902566,11,1,1.4253898470160842,0,7.0,True,True
P11792,568,T,A,PBY92,6.0,1.68463095935613e-05,102.0,102.0,True,SCH9,YHR205W,568,source workbook coordinate,SCH9 T568A ,SCH9 T568A,unknown,0.0,-0.26,0.0,-0.0028062004884583,0.977668536657893,0.987594105557973,False,Y2,Protein kinase,4.0,0.0,2.0,0.0,6.0,1.68463095935613e-05,PBY92,1,True,True,False,False,False,T,10.89484405517578,538,81.18999999999998,0.0202716014892008,11,1,1.0753587526851311,1,6.0,True,True
P11792,726,S,A,PBY118,5.0,0.000297938242153,102.0,102.0,True,SCH9,YHR205W,726,source workbook coordinate,SCH9 S726  ,SCH9 S726A,unknown,0.0,-0.44,-0.0125735892249853,-0.031039205323889,0.75679539202269,0.858132666737978,True,Y1,,10.0,6.0,32.0,4.0,5.0,0.000297938242153,PBY118,1,True,True,False,False,False,S,16.79967498779297,423,87.0,0.3502061832230244,11,1,1.2504120724045835,1,5.0,True,True
P11986,42,S,A,PBY327,21.0,1.63730770927758e-66,102.0,102.0,True,INO1,YJL153C,42,source workbook coordinate,INO1 S42  ,INO1 S42A,gains,0.0,-0.01,-0.710364963531387,-0.418963833172171,1.43592821213999e-05,0.0001544593049815,False,S1,,1.0,0.0,1.0,0.0,21.0,1.63730770927758e-66,PBY327,1,True,True,False,False,False,S,39.01385498046875,369,93.38,0.6835997786644182,27,1,1.6022103938207821,1,21.0,True,True
P11986,48,T,A,PBY328,0.0,0.0607685498885857,102.0,102.0,True,INO1,YJL153C,48,source workbook coordinate,INO1 T48  ,INO1 T48A,unknown,0.0,-0.01,-0.750417070807187,0.36868170159431,0.0001604403105097,0.0014512555359747,False,Y1,,1.0,,1.0,0.0,0.0,0.0607685498885857,PBY328,1,False,True,False,False,False,T,33.4875373840332,320,97.75,0.4645594336951714,27,0,1.5376621842569564,1,0.0,True,True
P11986,368,S,A,PBY195,2.0,5.12337904671879e-20,102.0,102.0,True,INO1,YJL153C,368,source workbook coordinate,INO1 S368 ,INO1 S368A,unknown,0.0,-0.21,-0.0224619949488832,0.227490554283879,0.0228318453222683,0.086543566078693,False,S1,,1.0,,1.0,5.0,2.0,5.12337904671879e-20,PBY195,1,True,True,False,False,False,S,1.340893030166626,369,92.75,0.0141108180995433,27,1,0.3693815685578853,1,2.0,True,True
P11986,375,S,A,PBY197,0.0,0.0974742305152843,102.0,102.0,True,INO1,YJL153C,375,source workbook coordinate,INO1 S375 ,INO1 S375A,unchanged,0.0,-0.17,-0.138549283680525,-0.126256354019211,0.210677111317971,0.394174351084015,False,Y1,,,,1.0,7.0,0.0,0.0974742305152843,PBY197,1,False,True,False,False,False,S,7.465838432312012,369,89.81,0.238774661997103,27,0,0.9276699758525073,1,0.0,True,True
P12683,551,S,A,PBY342,5.0,0.0096014214343775,102.0,102.0,True,HMG1,YML075C,551,source workbook coordinate,HMG1 S551,HMG1 S551A,unknown,1.0,-0.97,-0.766469369088013,0.125273944627508,0.211942992793918,0.394174351084015,False,,,1.0,,,1.0,5.0,0.0096014214343775,PBY342,1,True,True,False,False,False,S,51.23435974121094,813,24.02,0.6892110279738443,29,1,1.7179562757418652,0,5.0,True,True
P12683,575,S,A,PBY205,1.0,0.0301136693179006,102.0,102.0,True,HMG1,YML075C,575,source workbook coordinate,HMG1 S575,HMG1 S575A,unknown,1.0,-0.99,-0.839302311324101,0.0602967480283315,0.54918791762003,0.730294677597207,False,S1,,,,,0.0,1.0,0.0301136693179006,PBY205,1,True,True,False,False,False,S,31.56197738647461,1025,19.42,0.768594007245133,29,1,1.5127107703559488,0,1.0,True,True
P12683,577,S,A,PBY206,1.0,0.0070624506747109,102.0,102.0,True,HMG1,YML075C,577,source workbook coordinate,HMG1 S577,HMG1 S577A,unknown,1.0,-0.99,-0.428571774479517,-0.241709738530262,0.0148860345116486,0.0630109082672326,False,S1,,,,1.0,2.0,1.0,0.0070624506747109,PBY206,1,True,True,False,False,False,S,32.68137741088867,1025,20.0,0.8017076099143515,29,1,1.5273898438049356,0,1.0,True,True
P12683,580,S,A,PBY343,0.0,0.131312346921491,102.0,102.0,True,HMG1,YML075C,580,source workbook coordinate,HMG1 S580,HMG1 S580A,unchanged,1.0,-0.99,-0.838948789778347,-0.145127437745445,0.147606855015902,0.315791396431171,False,S1,,3.0,0.0,6.0,0.0,0.0,0.131312346921491,PBY343,1,False,True,False,False,False,S,35.34070587158203,722,20.17,0.7784277192277014,29,0,1.5603933586670007,0,0.0,True,True
P12684,556,S,A,PBY207,7.0,0.0001578986081285,102.0,102.0,True,HMG2,YLR450W,556,source workbook coordinate,HMG2 S556,HMG2 S556A,gains,1.0,-0.96,-0.603716393766617,0.284580454644825,0.003922993221439,0.0208609582307019,False,,,1.0,,,0.0,7.0,0.0001578986081285,PBY207,1,True,True,False,False,False,S,59.05854034423828,1021,19.48,0.6790152423708647,29,1,1.7785747729487749,0,7.0,True,True
P12684,565,T,A,PBY208,0.0,0.464856709618833,102.0,102.0,True,HMG2,YLR450W,565,source workbook coordinate,HMG2 T565,HMG2 T565A,unchanged,1.0,-0.96,-0.714706315985082,0.0426752547443829,0.671758555446209,0.800478757687398,False,S1,,2.0,0.0,4.0,0.0,0.0,0.464856709618833,PBY208,1,False,True,False,False,False,T,47.88321685791016,1020,25.38,0.7579358946859459,29,0,1.689159777792398,0,0.0,True,True
P12688,508,T,A,PBY899,25.0,4.81978753275192e-27,102.0,102.0,True,YPK1,YKL126W,508,source workbook coordinate,YPK1 T508,YPK1 T508A,gains,1.0,-0.5,0.0,-0.390395042127362,5.93404741244595e-05,0.0006055771461932,False,Y1,Protein kinase,1.0,,1.0,0.0,25.0,4.81978753275192e-27,PBY899,1,True,True,False,False,False,T,2.836493015289306,470,90.93999999999998,0.1498426452306213,11,1,0.5839344118618985,1,25.0,True,True
P12904,7,S,A,PBY498,0.0,0.798275773285035,102.0,102.0,True,SNF4,YGL115W,7,source workbook coordinate,SNF4 S7 ,SNF4 S7A,unchanged,1.0,-0.73,-0.646866340649022,-0.121130109816058,0.227571311965296,0.413577087498575,False,S1,,,,1.0,0.0,0.0,0.798275773285035,PBY498,1,False,True,False,False,False,S,21.811134338378903,312,84.94,0.2753530968014561,17,0,1.3581468821486165,1,0.0,True,True
P12904,73,S,A,PBY499,0.0,0.321329271285561,102.0,102.0,True,SNF4,YGL115W,73,source workbook coordinate,SNF4 S73 ,SNF4 S73A,unchanged,0.0,-0.01,-0.297376223478612,0.0805748230894537,0.423136810973187,0.628389741669136,False,,CBS 1,1.0,,,0.0,0.0,0.321329271285561,PBY499,1,False,True,False,False,False,S,14.630712509155272,42,92.81,0.2411792978191797,17,0,1.1939787753155156,1,0.0,True,True
P12904,81,T,A,PBY500,0.0,0.197571023894247,102.0,102.0,True,SNF4,YGL115W,81,source workbook coordinate,SNF4 T81,SNF4 T81A,unchanged,0.0,-0.01,-0.364441718697094,-0.129639112143537,0.196322495306563,0.377470304985565,False,,CBS 1,1.0,,,0.0,0.0,0.197571023894247,PBY500,1,False,True,False,False,False,T,5.99046516418457,146,92.31000000000002,0.0850694340194955,17,0,0.8445060758196403,1,0.0,True,True
P13185,990,T,A,PBY291,1.0,1.60684544912064e-13,102.0,102.0,True,KIN1,YDR122W,990,source workbook coordinate,KIN1 T990  ,KIN1 T990A,unknown,1.0,-0.99,-0.763916481946295,-0.329453626561117,0.0007676799755392,0.0055552114593566,False,S1,,,,,1.0,1.0,1.60684544912064e-13,PBY291,1,True,True,False,False,False,T,48.551883697509766,269,31.449999999999996,0.6659296779667355,11,1,1.6950601686877798,0,1.0,True,True
P13185,1000,S,A,PBY257,0.0,0.536829882120947,102.0,102.0,True,KIN1,YDR122W,1000,source workbook coordinate,KIN1 S1000  ,KIN1 S1000A,unchanged,1.0,-0.98,-0.507119304734588,0.0052855362768697,0.958163637407085,0.977818276123128,False,Y1,,3.0,,,0.0,0.0,0.536829882120947,PBY257,1,False,True,False,False,False,S,32.15034484863281,130,31.77,0.5940537674271061,11,0,1.5204880505410738,0,0.0,True,True
P16140,83,T,A,PBY578,0.0,0.0649878753453478,102.0,102.0,True,VMA2,YBR127C,83,source workbook coordinate,VMA2 T83,VMA2 T83A,unchanged,0.0,-0.03,-0.0168272020582285,0.129836511688075,0.19792047129198,0.378713209491384,False,,,1.0,,,0.0,0.0,0.0649878753453478,PBY578,1,False,True,False,False,False,T,38.891845703125,381,86.93999999999998,0.1561213007995562,1,0,1.6008841305725254,1,0.0,True,True
P16140,84,S,A,PBY747,0.0,0.303685624977941,102.0,102.0,True,VMA2,YBR127C,84,source workbook coordinate,VMA2 S84,VMA2 S84A,unchanged,0.0,-0.04,-0.209176488192839,-0.18387386687636,0.0670605046203452,0.19201497006401,False,,,1.0,,,0.0,0.0,0.303685624977941,PBY747,1,False,True,False,False,False,S,41.22591018676758,381,86.44,0.6105310357967301,1,0,1.6255790196363054,1,0.0,True,True
P16140,137,S,A,PBY610,0.0,0.115300438018315,102.0,102.0,True,VMA2,YBR127C,137,source workbook coordinate,VMA2 S137,VMA2 S137A,unchanged,0.0,-0.02,-0.770064179513379,-0.0559331313020876,0.580446853934271,0.746403947034319,False,Y0,,2.0,0.0,2.0,0.0,0.0,0.115300438018315,PBY610,1,False,True,False,False,False,S,21.062583923339844,381,90.94,0.5687750941525436,1,0,1.3436563747375216,1,0.0,True,True
P16140,284,Y,A,PBY473,15.0,4.9523631318396005e-22,96.0,96.0,True,VMA2,YBR127C,284,source workbook coordinate,VMA2 Y284,VMA2 Y284A,losses,0.0,-0.03,-0.0048995979572524,0.695504601870772,5.22860022286496e-15,1.8918026260911399e-13,False,Y0,,,,1.0,5.0,15.0,4.9523631318396005e-22,PBY473,1,True,True,False,False,False,Y,19.36030006408691,381,95.81,0.0045917422663114,1,1,1.3087841742156483,1,15.0,True,True
P16140,370,Y,A,PBY475,1.0,0.0094517747140104,102.0,102.0,True,VMA2,YBR127C,370,source workbook coordinate,VMA2 Y370,VMA2 Y370A,unknown,0.0,-0.01,-0.0143014392345316,-0.0459349450014515,0.649962733132083,0.787555373384739,False,Y0,,,,1.0,0.0,1.0,0.0094517747140104,PBY475,1,True,True,False,False,False,Y,21.585508346557617,381,92.75,0.1647849680055505,1,1,1.3538298699525522,1,1.0,True,True
P16140,378,S,A,PBY461,6.0,0.0058219889443233,102.0,102.0,True,VMA2,YBR127C,378,source workbook coordinate,VMA2 S378,VMA2 S378A,unknown,0.0,-0.08,0.0,0.0950326797634691,0.346956217851815,0.554572589176797,False,S1,,,,1.0,0.0,6.0,0.0058219889443233,PBY461,1,True,True,False,False,False,S,7.700033664703369,381,94.44,0.0483884720544454,1,1,0.939520933120529,1,6.0,True,True
P16140,380,S,A,PBY462,7.0,1.8869000946881e-22,102.0,102.0,True,VMA2,YBR127C,380,source workbook coordinate,VMA2 S380,VMA2 S380A,gains,0.0,-0.09,0.0,0.111233442887499,0.270560461520166,0.466160448852926,False,S1,,,,1.0,1.0,7.0,1.8869000946881e-22,PBY462,1,True,True,False,False,False,S,1.3399593830108645,381,94.44,0.0624992901539887,1,1,0.3692083189967465,1,7.0,True,True
P16140,407,Y,A,PBY477,0.0,0.292522841918777,102.0,102.0,True,VMA2,YBR127C,407,source workbook coordinate,VMA2 Y407,VMA2 Y407A,unchanged,0.0,-0.03,0.0,-0.001136131575883,0.991049137508376,0.99604177705549,False,Y0,,1.0,,1.0,0.0,0.0,0.292522841918777,PBY477,1,False,True,False,False,False,Y,16.867591857910156,381,93.62,0.0,1,0,1.2520660235019554,1,0.0,True,True
P16140,485,Y,A,PBY471,4.0,0.0011211093866476,102.0,102.0,True,VMA2,YBR127C,485,source workbook coordinate,VMA2 Y485,VMA2 Y485A,unknown,0.0,-0.17,-0.0665167752759168,0.183143852438874,0.0681714235663993,0.193801618424478,False,,,2.0,,,0.0,4.0,0.0011211093866476,PBY471,1,True,True,False,False,False,Y,26.23292350769043,381,81.62,0.1467996725846677,1,1,1.435094266206101,1,4.0,True,True
P16140,501,T,A,PBY459,0.0,0.377343567960878,102.0,102.0,True,VMA2,YBR127C,501,source workbook coordinate,VMA2 T501,VMA2 T501A,unchanged,1.0,-0.99,,-0.079723347658032,0.430423946188814,0.633765146667981,False,S1,,3.0,0.0,2.0,0.0,0.0,0.377343567960878,PBY459,1,False,True,False,False,False,T,51.7973747253418,381,34.31,0.767589351367779,1,0,1.7226123283928454,0,0.0,True,True
P16140,503,S,A,PBY501,2.0,5.8016029954374e-06,102.0,102.0,True,VMA2,YBR127C,503,source workbook coordinate,VMA2 S503,VMA2 S503A,unknown,1.0,-0.99,,-0.178390382400809,0.0757743763058946,0.205157835168341,False,S1,,4.0,3.0,8.0,0.0,2.0,5.8016029954374e-06,PBY501,1,True,True,False,False,False,S,58.4520378112793,381,35.12,0.6760722794463407,1,1,1.7741667453302534,0,2.0,True,True
P16140,511,S,A,PBY463,0.0,0.596493686139688,102.0,102.0,True,VMA2,YBR127C,511,source workbook coordinate,VMA2 S511,VMA2 S511A,unchanged,1.0,-0.96,,-0.106827145174631,0.290114127437007,0.481105927999703,False,S1,,9.0,0.0,19.0,0.0,0.0,0.596493686139688,PBY463,1,False,True,False,False,False,S,73.8664321899414,381,34.94,0.5541867539696547,1,0,1.874287137026248,0,0.0,True,True
P16387,313,S,A,PBY882,0.0,0.251946748243047,102.0,102.0,True,PDA1,YER178W,313,source workbook coordinate,PDA1 S313,PDA1 S313A,unchanged,0.0,-0.03,0.0,0.208492415596122,0.0354756378849232,0.117660865651662,False,Y0,,13.0,14.0,27.0,0.0,0.0,0.251946748243047,PBY882,1,False,True,False,False,False,S,1.3296478986740112,312,96.94,0.0942568598238796,12,0,0.3672902870268139,1,0.0,True,True
P16387,315,S,A,PBY886,2.0,0.0132339509352649,102.0,102.0,True,PDA1,YER178W,315,source workbook coordinate,PDA1 S315,PDA1 S315A,unknown,0.0,-0.04,0.0,0.124356407962559,0.213021665505787,0.39433778079676,False,S1,,2.0,0.0,4.0,0.0,2.0,0.0132339509352649,PBY886,1,True,True,False,False,False,S,6.331162452697754,312,93.5,0.6192280182155312,12,1,0.8651728432311588,1,2.0,True,True
P20449,86,S,A,PBY854,0.0,0.618809250739345,102.0,102.0,True,DBP5,YOR046C,86,source workbook coordinate,DBP5 S86,DBP5 S86A,unchanged,0.0,-0.12,-0.0090959515634888,,,1.0,False,Y0,,3.0,,2.0,1.0,0.0,0.618809250739345,PBY854,1,False,True,False,False,False,S,18.444639205932617,138,52.779999999999994,0.1729314200859538,8,0,1.2887998892512207,0,0.0,True,True
P20604,209,S,A,PBY491,23.0,1.3679966748640099e-30,102.0,102.0,True,SIT4,YDL047W,209,source workbook coordinate,SIT4 S209 ,SIT4 S209A,losses,0.0,-0.04,-0.0062672880756123,0.551290250721909,2.78397731254282e-09,5.54011485196021e-08,False,,,1.0,,,8.0,23.0,1.3679966748640099e-30,PBY491,1,True,True,False,False,False,S,6.694573402404785,238,96.44,0.0553011109193662,7,1,0.8861845469592737,1,23.0,True,True
P21965,24,S,A,PBY132,0.0,0.170310398794171,102.0,102.0,True,MCK1,YNL307C,24,source workbook coordinate,MCK1 S24  ,MCK1 S24A,unchanged,0.0,-0.11,-0.625740271782739,-0.0958394633614245,0.337956982546347,0.542917883296734,False,S1,,7.0,1.0,7.0,0.0,0.0,0.170310398794171,PBY132,1,False,True,False,False,False,S,14.043972969055176,68,96.81,0.1452808646262708,11,0,1.1773625444126372,1,0.0,True,True
P21965,198,S,A,PBY99,0.0,0.432562656601002,102.0,102.0,True,MCK1,YNL307C,198,source workbook coordinate,MCK1 S198  ,MCK1 S198A,unchanged,0.0,-0.18,-0.247862721202405,-0.179780473148873,0.0705943403856159,0.197863010376585,False,S1,Protein kinase,7.0,0.0,7.0,0.0,0.0,0.432562656601002,PBY99,1,False,True,False,False,False,S,9.988041877746582,164,93.31,0.1800141508576419,11,0,1.0409203059396053,1,0.0,True,True
P21965,199,Y,A,PBY74,22.0,7.22038810967585e-23,102.0,102.0,True,MCK1,YNL307C,199,source workbook coordinate,MCK1 Y199 ,MCK1 Y199A,losses,0.0,-0.15,0.0,0.700680006126283,2.44873196456342e-16,1.39227903128034e-14,False,Y1,Protein kinase,7.0,14.0,32.0,2.0,22.0,7.22038810967585e-23,PBY74,1,True,True,False,False,False,Y,8.72653865814209,46,93.19,0.6036987649832164,11,1,0.9879583172351298,1,22.0,True,True
P22082,1478,S,A,PBY139,0.0,0.510810870963897,102.0,102.0,True,SNF2,YOR290C,1478,source workbook coordinate,SNF2 S1478  ,SNF2 S1478A,unchanged,1.0,-0.98,-0.78014067815326,0.149208312892182,0.136432104477567,0.299999876144043,False,Y2,,2.0,0.0,1.0,2.0,0.0,0.510810870963897,PBY139,1,False,True,False,False,False,S,65.37679290771484,794,31.420000000000005,0.4297920080380367,8,0,1.822016265003438,0,0.0,True,True
P22204,51,S,A,PBY753,23.0,1.28721102508989e-23,102.0,102.0,True,DBF2,YGR092W,51,source workbook coordinate,DBF2 S51,DBF2 S51A,losses,1.0,-0.97,-0.796086569668732,0.696605335283698,6.014968206638759e-16,2.99244668280278e-14,False,Y2,,1.0,,7.0,0.0,23.0,1.28721102508989e-23,PBY753,1,True,True,False,False,False,S,43.82935333251953,206,32.03,0.6820128487392216,11,1,1.6515624741737556,0,23.0,True,True
P23561,231,T,A,PBY861,0.0,0.29152882155617,102.0,102.0,True,STE11,YLR362W,231,source workbook coordinate,STE11 T231,STE11 T231A,unchanged,1.0,-0.92,-0.375735529156781,0.109886906912752,0.276439140020356,0.46935377327846,False,,,1.0,,,0.0,0.0,0.29152882155617,PBY861,1,False,True,False,False,False,T,24.908695220947266,421,69.38,0.0662525360494952,11,0,1.4134455421787577,0,0.0,True,True
P23561,323,S,A,PBY895,1.0,0.001442832588468,102.0,102.0,True,STE11,YLR362W,323,source workbook coordinate,STE11 S323,STE11 S323A,unknown,1.0,-0.96,-0.721991954003843,0.250884608569808,0.0118120963464599,0.0528226330998995,False,S1,,4.0,0.0,3.0,0.0,1.0,0.001442832588468,PBY895,1,True,True,False,False,False,S,19.634662628173828,421,51.12,0.2453798706854454,11,1,1.3145973726599953,0,1.0,True,True
P23561,387,S,A,PBY863,0.0,0.498003361577705,102.0,102.0,True,STE11,YLR362W,387,source workbook coordinate,STE11 S387,STE11 S387A,unchanged,1.0,-0.88,-0.536979667182387,0.179111232101953,0.0745794367651433,0.203305587894021,False,,,1.0,,,1.0,0.0,0.498003361577705,PBY863,1,False,True,False,False,False,S,36.672855377197266,444,27.639999999999997,0.7627245392879218,11,0,1.5760285383759307,0,0.0,True,True
P23561,616,S,A,PBY896,7.0,0.0007626947522736,96.0,96.0,True,STE11,YLR362W,616,source workbook coordinate,STE11 S616,STE11 S616A,losses,0.0,-0.2,0.0,0.528536099413021,4.36408257078913e-08,7.23710359655864e-07,False,Y1,Protein kinase,1.0,0.0,3.0,7.0,7.0,0.0007626947522736,PBY896,1,True,True,False,False,False,S,5.256359100341797,426,43.94,0.3276450078621567,11,1,0.7963216682520908,0,7.0,True,True
P25037,530,S,A,PBY140,0.0,0.593143377234975,102.0,102.0,True,UBP1,YDL122W,530,source workbook coordinate,UBP1 S530,UBP1 S530A,unchanged,1.0,-0.97,-0.745734772720433,-0.109250784793729,0.27679409559682,0.46935377327846,False,Y1,,7.0,6.0,37.0,0.0,0.0,0.593143377234975,PBY140,1,False,True,False,False,False,S,25.716379165649418,697,50.38,0.1826004720767947,2,0,1.426777598454201,0,0.0,True,True
P25037,531,S,A,PBY71,0.0,0.0690440746331977,102.0,102.0,True,UBP1,YDL122W,531,source workbook coordinate,UBP1 S531,UBP1 S531A,unchanged,1.0,-0.97,-0.0862439990357343,0.167374749126423,0.0943309000717868,0.231751223633155,False,Y1,,9.0,6.0,41.0,0.0,0.0,0.0690440746331977,PBY71,1,False,True,False,False,False,S,26.357635498046875,697,54.59000000000001,0.3227476094769851,2,0,1.437078558891422,0,0.0,True,True
P25037,638,S,A,PBY101,0.0,0.35819814754455,102.0,102.0,True,UBP1,YDL122W,638,source workbook coordinate,UBP1 S638,UBP1 S638A,unknown,1.0,-0.72,-0.666009138451401,0.329996147279772,0.0007515064133373,0.0055388806020047,False,S1,,5.0,1.0,44.0,1.0,0.0,0.35819814754455,PBY101,1,False,True,False,False,False,S,51.13713455200195,697,29.56,0.6043322478560638,2,0,1.7171471587377485,0,0.0,True,True
P25333,123,S,A,PBY275,2.0,0.0064790749861562,102.0,102.0,True,SAT4,YCR008W,123,source workbook coordinate,SAT4 S123,SAT4 S123A,unknown,1.0,-0.98,-0.0592570777671942,0.179053386104009,0.0732012379790932,0.202320088303327,False,,,1.0,,,0.0,2.0,0.0064790749861562,PBY275,1,True,True,False,False,False,S,52.42375564575195,449,34.19,0.6606546398762628,11,1,1.727734415300737,0,2.0,True,True
P25333,155,S,A,PBY203,6.0,0.0025724971806374,102.0,102.0,True,SAT4,YCR008W,155,source workbook coordinate,SAT4 S155,SAT4 S155A,unknown,1.0,-0.99,-0.799577959575643,0.162168719478201,0.105182146890194,0.253550790449796,False,,,1.0,,,0.0,6.0,0.0025724971806374,PBY203,1,True,True,False,False,False,S,34.08082580566406,324,31.05,0.6411026643740607,11,1,1.5450698081438818,0,6.0,True,True
P32324,466,T,A,PBY515,7.0,2.11801315064861e-44,102.0,102.0,True,EFT2,YDR385W,466,source workbook coordinate,EFT2 T466,EFT2 T466A,gains,0.0,-0.03,-0.111424418113706,-0.059234627675287,0.556258610545506,0.730294677597207,False,S1,,1.0,,1.0,2.0,7.0,2.11801315064861e-44,PBY515,1,True,True,False,False,False,T,19.90245819091797,32,91.56000000000002,0.1239006151222794,15,1,1.3201973634303588,1,7.0,True,True
P32324,566,T,A,PBY662;PBY663,7.5,3.3751371889721396e-57,204.0,102.0,True,EFT2,YDR385W,566,source workbook coordinate,EFT2 T566,EFT2 T566A,gains,0.0,-0.05,-0.0193194542289605,-0.0696461849710921,0.488896991677155,0.680353156250027,False,,,,,,1.0,7.5,1.5338337000743599e-12,PBY662,2,True,True,False,False,False,T,31.051958084106445,27,96.81000000000002,0.0397515216296971,15,1,1.5058545661215006,1,7.5,True,True
P32324,569,S,A,PBY647,4.0,0.0068236741034065,102.0,102.0,True,EFT2,YDR385W,569,source workbook coordinate,EFT2 S569,EFT2 S569A,unknown,0.0,-0.11,-0.762995754333331,0.241350281609307,0.0150402921743394,0.0630109082672326,False,,,1.0,0.0,,0.0,4.0,0.0068236741034065,PBY647,1,True,True,False,False,False,S,37.6397819519043,27,96.88,0.2855215606825192,15,1,1.5870346669838298,1,4.0,True,True
P32328,359,T,A,PBY434,0.0,0.237441544678512,102.0,102.0,True,DBF20,YPR111W,359,source workbook coordinate,DBF20 T359,DBF20 T359A,unchanged,0.0,-0.08,-0.652582103654679,0.0532215758022753,0.598959466968224,0.753278251797916,False,S1,Protein kinase,,,1.0,1.0,0.0,0.237441544678512,PBY434,1,False,True,False,False,False,T,16.623065948486328,177,71.88,0.6236695580729998,11,0,1.2460814664300375,1,0.0,True,True
P32485,174,T,A,PBY107,26.0,1.99099863730778e-78,102.0,102.0,True,HOG1,YLR113W,178,resolved HOG1 T178A workbook label to T174A from source article and Supplementary Data 8,HOG1 T178,HOG1 T178A,losses,,,,0.683283548293045,3.48036419113321e-15,1.38518494807102e-13,False,,,,,,,26.0,1.99099863730778e-78,PBY107,1,True,True,False,False,False,T,10.915719985961914,144,34.81,0.6443271370968267,14,1,1.076120288938738,0,26.0,True,True
P32485,176,Y,A,PBY311,10.0,0.0001067787846697,100.0,100.0,True,HOG1,YLR113W,176,source workbook coordinate,HOG1 Y176,HOG1 Y176A,gains,0.0,-0.02,-0.0025419404831492,0.234002590116832,0.0197432558470297,0.0771850508168524,True,Y0,Protein kinase,8.0,11.0,24.0,1.0,10.0,0.0001067787846697,PBY311,1,True,True,False,False,False,Y,6.300754070281982,34,43.12,0.5656639924801926,14,1,0.8633677192504908,0,10.0,True,True
P32490,163,S,A,PBY572,1.0,0.0187928028333063,102.0,102.0,True,MKK1,YOR231W,163,source workbook coordinate,MKK1 S163,MKK1 S163A,unknown,1.0,-0.97,-0.862255579074236,0.232237068090362,0.020068889866248,0.0775477491919099,False,,,1.0,,,0.0,1.0,0.0187928028333063,PBY572,1,True,True,False,False,False,S,17.494686126708984,349,29.62,0.6605391914133284,11,1,1.267046965302941,0,1.0,True,True
P32490,180,S,A,PBY580,0.0,0.0566922673808374,102.0,102.0,True,MKK1,YOR231W,180,source workbook coordinate,MKK1 S180,MKK1 S180A,unchanged,1.0,-0.98,-0.765491092915862,0.0185333467826043,0.854783055164384,0.919469340420067,False,Y2,,,,,0.0,0.0,0.0566922673808374,PBY580,1,False,True,False,False,False,S,33.567054748535156,349,31.889999999999997,0.7080491525517918,11,0,1.5386623774900507,0,0.0,True,True
P32490,191,S,A,PBY573,0.0,0.373158548260427,102.0,102.0,True,MKK1,YOR231W,191,source workbook coordinate,MKK1 S191,MKK1 S191A,unchanged,1.0,-0.98,-0.947981565214684,0.0825998761324593,0.413921954182784,0.624018703654349,False,,,2.0,,,0.0,0.0,0.373158548260427,PBY573,1,False,True,False,False,False,S,34.54972839355469,250,32.06,0.6147862521068287,11,0,1.5508362869889623,0,0.0,True,True
P32490,192,S,A,PBY419,1.0,2.95029682422946e-05,102.0,102.0,True,MKK1,YOR231W,192,source workbook coordinate,MKK1 S192 ,MKK1 S192A,unknown,1.0,-0.97,-0.757221326736499,0.114975272523406,0.254669945553793,0.448489550134556,False,S1,,2.0,,1.0,0.0,1.0,2.95029682422946e-05,PBY419,1,True,True,False,False,False,S,32.59056854248047,250,30.77,0.6947184223106444,11,1,1.5262173546238134,0,1.0,True,True
P32490,194,S,A,PBY420,1.0,0.013622832537106,102.0,102.0,True,MKK1,YOR231W,194,source workbook coordinate,MKK1 S194 ,MKK1 S194A,unknown,1.0,-0.94,-0.745266339060234,0.0923833589796572,0.360624543820981,0.56955781127282,False,,,2.0,,,0.0,1.0,0.013622832537106,PBY420,1,True,True,False,False,False,S,27.681028366088867,250,32.97,0.6190360365018872,11,1,1.4575947190219463,0,1.0,True,True
P32490,195,Y,A,PBY421,24.0,1.0063142787545801e-15,102.0,102.0,True,MKK1,YOR231W,195,source workbook coordinate,MKK1 Y195 ,MKK1 Y195A,gains,1.0,-0.93,-0.526899724419981,0.353302160552574,0.0003114184003296,0.0025294800679836,False,,,1.0,,,3.0,24.0,1.0063142787545801e-15,PBY421,1,True,True,False,False,False,Y,27.227914810180664,250,39.90999999999999,0.8654763806294763,11,1,1.4506787980945222,0,24.0,True,True
P32490,458,S,A,PBY423,1.0,0.0024830430262202,102.0,102.0,True,MKK1,YOR231W,458,source workbook coordinate,MKK1 S458 ,MKK1 S458A,unknown,0.0,-0.03,-0.0596373104595885,0.298651970432766,0.0025430641881517,0.0146686890852808,False,,Protein kinase,1.0,,,0.0,1.0,0.0024830430262202,PBY423,1,True,True,False,False,False,S,24.66587257385254,349,96.25,0.1161315059824092,11,1,1.4093560337464954,1,1.0,True,True
P32561,6,T,A,PBY220,0.0,0.207614533196671,102.0,102.0,True,RPD3,YNL330C,6,source workbook coordinate,RPD3 T6 ,RPD3 T6A,unchanged,1.0,-0.88,,-0.220921410963109,0.026411674181763,0.0947013182373125,False,S1,,1.0,,1.0,0.0,0.0,0.207614533196671,PBY220,1,False,True,False,False,False,T,27.28352165222168,151,89.62,0.3577636946672743,1,0,1.4515334835868938,1,0.0,True,True
P32561,385,Y,A,PBY304,0.0,0.485930611752796,102.0,102.0,True,RPD3,YNL330C,385,source workbook coordinate,RPD3 Y385  ,RPD3 Y385A,unchanged,0.0,-0.04,-0.512144928263015,-0.0043242850111473,0.965767074959202,0.983057022592742,False,Y2,,,,,0.0,0.0,0.485930611752796,PBY304,1,False,True,False,False,False,Y,28.57512664794922,151,75.5,0.8056705860510213,1,0,1.4709266130594851,1,0.0,True,True
P32561,388,S,A,PBY252,1.0,0.0009478412058263,102.0,102.0,True,RPD3,YNL330C,388,source workbook coordinate,RPD3 S388  ,RPD3 S388A,unknown,0.0,-0.06,-0.154671359656412,-0.0190939233029484,0.849685055075965,0.918952858478897,False,S1,,1.0,0.0,,0.0,1.0,0.0009478412058263,PBY252,1,True,True,False,False,False,S,28.465673446655273,151,70.0,0.718305743173873,1,1,1.4693163714730457,1,1.0,True,True
P32561,408,S,A,PBY306,0.0,0.387035671730877,102.0,102.0,True,RPD3,YNL330C,408,source workbook coordinate,RPD3 S408  ,RPD3 S408A,unknown,1.0,-0.94,-0.569794079336508,0.284197277054146,0.0039737721774833,0.0208609582307019,False,Y1,,3.0,0.0,5.0,0.0,0.0,0.387035671730877,PBY306,1,False,True,False,False,False,S,32.42258071899414,151,44.72,0.2933127104634218,1,0,1.5240399808280638,0,0.0,True,True
P32561,418,S,A,PBY221,18.0,3.76207740620068e-38,102.0,102.0,False,RPD3,YNL330C,418,source workbook coordinate,RPD3 S418  ,,,,,,,,,,,,,,,,,,PBY221,1,True,True,False,False,False,S,37.47762680053711,151,41.62,0.4713559679685795,1,1,1.585208278043141,0,18.0,True,True
P32801,516,S,A,PBY638,0.0,0.150359834331953,102.0,102.0,True,ELM1,YKL048C,516,source workbook coordinate,ELM1 S516,ELM1 S516A,unchanged,1.0,-0.95,-0.812994154670191,-0.195357452311415,0.0526463455707713,0.159300766676884,False,S1,,1.0,0.0,2.0,0.0,0.0,0.150359834331953,PBY638,1,False,True,False,False,False,S,20.05537796020508,101,30.09,0.6326304173058598,11,0,1.3233630417457478,0,0.0,True,True
P32801,551,T,A,PBY435,0.0,0.498003361577705,102.0,102.0,True,ELM1,YKL048C,551,source workbook coordinate,ELM1 T551,ELM1 T551A,unchanged,1.0,-0.92,-0.288111295826267,-0.141804525438292,0.161482137163693,0.336491573775654,False,,,1.0,,,3.0,0.0,0.498003361577705,PBY435,1,False,True,False,False,False,T,8.80594253540039,98,31.860000000000007,0.5811372885831101,11,0,0.99148934387328,0,0.0,True,True
P32801,580,S,A,PBY648,0.0,0.407210643837567,102.0,102.0,True,ELM1,YKL048C,580,source workbook coordinate,ELM1 S580,ELM1 S580A,unchanged,1.0,-0.97,-0.592058696497219,0.110293311848924,0.27713099678502,0.46935377327846,False,S1,,,,2.0,0.0,0.0,0.407210643837567,PBY648,1,False,True,False,False,False,S,61.98612594604492,98,25.25,0.603310966755231,11,0,1.7992448972529378,0,0.0,True,True
P32801,581,S,A,PBY650,0.0,0.0609038925610995,102.0,102.0,True,ELM1,YKL048C,581,source workbook coordinate,ELM1 S581,ELM1 S581A,unknown,1.0,-0.97,-0.47139290863434,0.337783461324084,0.000627827156506,0.0047146265714979,False,Y2,,,1.0,1.0,1.0,0.0,0.0609038925610995,PBY650,1,False,True,False,False,False,S,61.790863037109375,98,30.02,0.6793062146556065,11,0,1.7978964523158492,0,0.0,True,True
P37263,49,T,A,PBY486,0.0,0.249108180044325,102.0,102.0,True,YCR087C-A,YCR087C-A,49,source workbook coordinate,YCR087C-A T49,YCR087C-A T49A,unchanged,0.0,-0.01,-0.0218779158738827,-0.077848981385264,0.439043430118893,0.640070641711793,False,S1,,1.0,0.0,2.0,0.0,0.0,0.249108180044325,PBY486,1,False,True,False,False,False,T,1.3308113813400269,48,82.81000000000002,0.6281075325881083,8,0,0.3675071300810189,1,0.0,True,True
P37263,53,S,A,PBY788,0.0,0.626272913484416,102.0,102.0,True,YCR087C-A,YCR087C-A,53,source workbook coordinate,YCR087C-A S53,YCR087C-A S53A,unchanged,0.0,-0.01,-0.0209276406138412,-0.0633680646269816,0.528990746577189,0.717522270763938,False,Y1,,1.0,1.0,2.0,0.0,0.0,0.626272913484416,PBY788,1,False,True,False,False,False,S,3.604691743850708,51,73.56,0.3710206330684961,8,0,0.6632005621277485,1,0.0,True,True
P37263,121,Y,A,PBY786,24.0,1.89234520712342e-65,102.0,102.0,True,YCR087C-A,YCR087C-A,121,source workbook coordinate,YCR087C-A Y121,YCR087C-A Y121A,gains,0.0,-0.11,-0.134649977323897,-0.211632898213239,0.0336252177445768,0.112460812288585,False,Y1,,,,1.0,0.0,24.0,1.89234520712342e-65,PBY786,1,True,True,False,False,False,Y,22.14497947692871,51,81.19000000000001,0.6152898323390954,8,1,1.36445680002224,1,24.0,True,True
P37263,126,T,A,PBY789,0.0,0.177825894080998,102.0,102.0,True,YCR087C-A,YCR087C-A,126,source workbook coordinate,YCR087C-A T126,YCR087C-A T126A,unchanged,0.0,-0.13,-0.993588201769991,0.0452775986045449,0.65299817391197,0.787555373384739,False,S1,,,,1.0,0.0,0.0,0.177825894080998,PBY789,1,False,True,False,False,False,T,29.518346786499023,51,81.62,0.6485872097953888,8,0,1.484561003694787,1,0.0,True,True
P38953,2,S,A,PBY641,0.0,0.334676995076706,102.0,102.0,True,RAD55,YDR076W,2,source workbook coordinate,RAD55 S2,RAD55 S2A,unchanged,0.0,-0.47,-0.188876508474341,0.17639775299261,0.077635374122813,0.206082547875946,True,,,1.0,,,0.0,0.0,0.334676995076706,PBY641,1,False,True,False,False,False,S,45.64744567871094,49,49.97,0.7388789997769079,8,0,1.6688278676320882,0,0.0,True,True
P38953,14,S,A,PBY562,22.0,1.28750757244776e-56,102.0,102.0,True,RAD55,YDR076W,14,source workbook coordinate,RAD55 S14,RAD55 S14A,gains,0.0,-0.26,-0.788980485474007,0.152834245157531,0.127053309303778,0.285690492106801,True,,,1.0,,,1.0,22.0,1.28750757244776e-56,PBY562,1,True,True,False,False,False,S,24.08891487121582,49,64.94,0.6054027404856896,8,1,1.3994818779094929,0,22.0,True,True
P43565,1061,S,A,PBY120,0.0,0.50466603731015,102.0,102.0,True,RIM15,YFL033C,1061,source workbook coordinate,RIM15 S1061 ,RIM15 S1061A,unchanged,1.0,-0.92,0.0,-0.133621942456877,0.180604534087377,0.357614948093413,False,Y1,Protein kinase,1.0,,1.0,0.0,0.0,0.50466603731015,PBY120,1,False,True,False,False,False,S,35.971309661865234,918,26.03,0.7061001490061842,11,0,1.5678648351781101,0,0.0,True,True
P43565,1525,S,A,PBY89,7.0,0.0016110557329802,102.0,102.0,True,RIM15,YFL033C,1525,source workbook coordinate,RIM15 S1525A,RIM15 S1525A,gains,1.0,-0.99,0.0,0.280484331950213,0.0042983538674831,0.0222174654449128,False,Y1,,,,,1.0,7.0,0.0016110557329802,PBY89,1,True,True,False,False,False,S,66.47244262695312,802,27.62,0.660138202580692,11,1,1.8291264327016863,0,7.0,True,True
P43565,1764,S,A,PBY77;PBY78;PBY79,8.0,6.23349012109029e-65,306.0,102.0,True,RIM15,YFL033C,1764,source workbook coordinate,RIM15 S1764  ,RIM15 S1764A,losses,1.0,-0.98,0.0,0.756479916298275,3.7829287649081504e-20,3.7640141210836095e-18,False,Y1,,2.0,0.0,5.0,2.0,8.0,4.18787499584268e-11,PBY77,3,True,True,False,False,False,S,51.48599624633789,805,46.5,0.4333225095938011,11,1,1.7200434450401767,0,8.0,True,True
P47116,587,S,A,PBY320,1.0,0.0022577171611707,102.0,102.0,True,PTK2,YJR059W,587,source workbook coordinate,PTK2 S587  ,PTK2 S587A,unknown,1.0,-0.89,-0.599431563436165,-0.323172049175164,0.0009795575923767,0.0067217917545856,False,Y2,,2.0,0.0,,18.0,1.0,0.0022577171611707,PBY320,1,True,True,False,False,False,S,20.922407150268555,285,57.81,0.497293281210052,11,1,1.3408882393507373,0,1.0,True,True
P47116,623,S,A,PBY245,0.0,0.301324297197692,102.0,102.0,True,PTK2,YJR059W,623,source workbook coordinate,PTK2 S623  ,PTK2 S623A,unchanged,1.0,-0.94,-0.316307448280888,0.208634381259136,0.0362822118352028,0.119341490168684,False,Y2,,7.0,1.0,18.0,0.0,0.0,0.301324297197692,PBY245,1,False,True,False,False,False,S,17.066509246826172,268,59.69,0.4181685205865484,11,0,1.2568742476748545,0,0.0,True,True
P47116,726,S,A,PBY213,0.0,0.653236796948093,102.0,102.0,True,PTK2,YJR059W,726,source workbook coordinate,PTK2 S726  ,PTK2 S726A,unchanged,1.0,-0.99,-0.766213491075585,0.175640569387025,0.0789383685186471,0.20718744208309,False,S1,,3.0,0.0,6.0,3.0,0.0,0.653236796948093,PBY213,1,False,True,False,False,False,S,53.58572769165039,388,25.639999999999997,0.6896393385283969,11,0,1.737079104334355,0,0.0,True,True
P47116,727,T,A,PBY255,0.0,0.636058457084016,102.0,102.0,True,PTK2,YJR059W,727,source workbook coordinate,PTK2 T727  ,PTK2 T727A,unchanged,1.0,-0.99,-0.820247074314362,0.0121864885518341,0.903728484743353,0.946536676125933,False,S1,,2.0,0.0,7.0,3.0,0.0,0.636058457084016,PBY255,1,False,True,False,False,False,T,54.481441497802734,388,20.140000000000004,0.7791032153828912,11,0,1.7441477362225997,0,0.0,True,True
P47116,730,T,A,PBY215,0.0,0.205108023235302,102.0,102.0,True,PTK2,YJR059W,730,source workbook coordinate,PTK2 T730  ,PTK2 T730A,unchanged,1.0,-0.99,-0.771589264607509,0.0599159823731688,0.551717704173167,0.730294677597207,False,S1,,6.0,1.0,8.0,1.0,0.0,0.205108023235302,PBY215,1,False,True,False,False,False,T,59.056915283203125,388,19.359999999999996,0.7073932214720505,11,0,1.7785630216710282,0,0.0,True,True
P47116,737,T,A,PBY268,6.0,0.000417911439281,102.0,102.0,True,PTK2,YJR059W,737,source workbook coordinate,PTK2 T737  ,PTK2 T737A,unknown,1.0,-0.98,,-0.271295982392482,0.0060654835956519,0.029803240383574,False,S1,,3.0,0.0,,3.0,6.0,0.000417911439281,PBY268,1,True,True,False,False,False,T,63.78716278076172,388,22.92,0.7702660613689316,11,1,1.81148896133691,0,6.0,True,True
P47116,781,S,A,PBY321,0.0,0.319642004919347,102.0,102.0,True,PTK2,YJR059W,781,source workbook coordinate,PTK2 S781  ,PTK2 S781A,unchanged,1.0,-0.99,-0.257447723473969,-0.130790419857634,0.192344678630593,0.371617388810562,False,S1,,9.0,0.0,21.0,0.0,0.0,0.319642004919347,PBY321,1,False,True,False,False,False,S,43.50135803222656,285,31.84,0.6883051953359458,11,0,1.6483732643944824,0,0.0,True,True
P50873,98,S,A,PBY91,0.0,0.0800296625385515,102.0,102.0,True,MRK1,YDL079C,98,source workbook coordinate,MRK1 S98A,MRK1 S98A,unknown,1.0,-0.95,-0.75508908113515,0.499612960346052,1.04451201833524e-07,1.6628631331897e-06,False,,,1.0,,,14.0,0.0,0.0800296625385515,PBY91,1,False,True,False,False,False,S,30.462270736694336,175,30.94,0.7053644082750531,11,0,1.4977900638952726,0,0.0,True,True
P50873,323,S,A,PBY103,1.0,0.0117473514176257,102.0,102.0,True,MRK1,YDL079C,323,source workbook coordinate,MRK1 S323  ,MRK1 S323A,unknown,0.0,-0.11,-0.263055892818296,-0.275790442245024,0.0052462025252746,0.0267690846802476,False,S1,Protein kinase,,,1.0,1.0,1.0,0.0117473514176257,PBY103,1,True,True,False,False,False,S,10.152339935302734,289,92.69,0.2007520674524043,11,1,1.0473659987180812,1,1.0,True,True
P50873,324,Y,A,PBY82,1.0,0.017174181886473,102.0,102.0,True,MRK1,YDL079C,324,source workbook coordinate,MRK1 Y324A,MRK1 Y324A,unknown,0.0,-0.17,-0.0012783331917225,0.114544682756116,0.254040703028168,0.448489550134556,False,S1,Protein kinase,,,1.0,6.0,1.0,0.017174181886473,PBY82,1,True,True,False,False,False,Y,8.921100616455078,289,94.0,0.6597671393736292,11,1,0.9965598541238045,1,1.0,True,True
P50947,150,S,A,PBY441,0.0,0.172394696024746,102.0,102.0,True,PHO23,YNL097C,150,source workbook coordinate,PHO23 S150 ,PHO23 S150A,unchanged,1.0,-0.85,-1.0,0.233635512802929,0.0187017334472241,0.0751847465858102,False,S1,,,,1.0,0.0,0.0,0.172394696024746,PBY441,1,False,True,False,False,False,S,34.58069610595703,307,63.62,0.5680120316994961,8,0,1.551214440431961,0,0.0,True,True
P50947,234,S,A,PBY725,0.0,0.355669680001583,102.0,102.0,True,PHO23,YNL097C,234,source workbook coordinate,PHO23 S234,PHO23 S234A,unchanged,1.0,-0.98,-0.814278431776783,0.132378919540702,0.186952600537106,0.366537610905262,False,S1,,1.0,0.0,1.0,0.0,0.0,0.355669680001583,PBY725,1,False,True,False,False,False,S,42.65723419189453,307,43.94,0.6530335820021275,8,0,1.6400562184723804,0,0.0,True,True
P50947,264,S,A,PBY445,0.0,0.271930876236206,102.0,102.0,True,PHO23,YNL097C,264,source workbook coordinate,PHO23 S264 ,PHO23 S264A,unchanged,1.0,-0.97,-0.508077518571925,-0.0143800730792232,0.886506222730979,0.938376267678005,False,S1,,,,1.0,0.0,0.0,0.271930876236206,PBY445,1,False,True,False,False,False,S,13.44479751586914,323,38.72,0.5705321159845074,8,0,1.1597114583742587,0,0.0,True,True
P50947,267,S,A,PBY768,0.0,0.106837964379697,102.0,102.0,True,PHO23,YNL097C,267,source workbook coordinate,PHO23 S267,PHO23 S267A,unchanged,1.0,-0.97,-0.770430040392139,0.0293085145160118,0.771094820113944,0.865482458972011,False,S1,,,,1.0,0.0,0.0,0.106837964379697,PBY768,1,False,True,False,False,False,S,13.082221031188965,283,40.81,0.5836489747051342,8,0,1.1486711566185346,0,0.0,True,True
P53599,78,S,A,PBY116,7.0,2.73064691253204e-06,102.0,102.0,True,SSK2,YNR031C,78,source workbook coordinate,SSK2 S78,SSK2 S78A,gains,1.0,-0.98,-0.802727159007112,0.0447362348601255,0.656883613799825,0.787803605703984,False,Y2,,2.0,0.0,2.0,1.0,7.0,2.73064691253204e-06,PBY116,1,True,True,False,False,False,S,42.83266830444336,1272,26.53,0.4606656348769058,11,1,1.6417979090437222,0,7.0,True,True
P53599,1424,S,A,PBY63,1.0,0.0007051350931341,102.0,102.0,True,SSK2,YNR031C,1424,source workbook coordinate,SSK2 S1424,SSK2 S1424A,unknown,1.0,-0.89,-0.873548692410337,0.206272287439914,0.0384973903135986,0.124568791421238,False,S1,Protein kinase,1.0,,4.0,1.0,1.0,0.0007051350931341,PBY63,1,True,True,False,False,False,S,21.311338424682617,1277,26.72,0.7614231497324271,11,1,1.3485256237584666,0,1.0,True,True
P53599,1460,T,A,PBY178,0.0,0.595202749824717,102.0,102.0,True,SSK2,YNR031C,1460,source workbook coordinate,SSK2 T1460,SSK2 T1460A,unknown,0.0,-0.1,0.0,0.267690657835268,0.0068027295784882,0.032231980621885,False,Y0,Protein kinase,1.0,,1.0,0.0,0.0,0.595202749824717,PBY178,1,False,True,False,False,False,T,3.208043336868286,1390,75.38,0.2355997227397816,11,0,0.6240802037849043,1,0.0,True,True
P53599,1468,S,A,PBY177,0.0,0.326236033074383,102.0,102.0,True,SSK2,YNR031C,1468,source workbook coordinate,SSK2 S1468,SSK2 S1468A,unchanged,0.0,-0.26,-1.0,0.0287152422347654,0.775604837987255,0.865482458972011,False,S1,Protein kinase,,,1.0,0.0,0.0,0.326236033074383,PBY177,1,False,True,False,False,False,S,8.061418533325195,1390,84.5,0.2127656799064492,11,0,0.9571961902785682,1,0.0,True,True
Q00772,190,T,A,PBY574,28.0,3.79744107932824e-143,101.0,101.0,True,SLT2,YHR030C,190,source workbook coordinate,SLT2 T190,SLT2 T190A,losses,0.0,-0.02,0.0,0.86079334542639,1.28823920125843e-29,2.56359601050427e-27,True,Y0,Protein kinase,4.0,,2.0,0.0,28.0,3.79744107932824e-143,PBY574,1,True,True,False,False,False,T,10.354703903198242,34,50.56,0.4590176642542389,11,1,1.055175813599016,0,28.0,True,True
Q00772,192,Y,A,PBY575,28.0,2.3286657935162e-137,100.0,100.0,True,SLT2,YHR030C,192,source workbook coordinate,SLT2 Y192,SLT2 Y192A,losses,0.0,-0.01,0.0,0.84480248676377,1.52421755867441e-27,2.02212862784138e-25,True,Y0,Protein kinase,4.0,,2.0,0.0,28.0,2.3286657935162e-137,PBY575,1,True,True,False,False,False,Y,6.579809188842773,34,51.720000000000006,0.3096658083563702,11,1,0.8796582730099286,0,28.0,True,True
Q00772,340,S,A,PBY425,0.0,0.436826619288754,102.0,102.0,True,SLT2,YHR030C,340,source workbook coordinate,SLT2 S340 ,SLT2 S340A,unchanged,0.0,-0.07,-0.754596752358425,-0.162021850634312,0.112843923403185,0.262642581955951,False,,,1.0,,,0.0,0.0,0.436826619288754,PBY425,1,False,True,False,False,False,S,18.91645050048828,34,86.19,0.5633066150279683,11,0,1.2992119412458896,1,0.0,True,True
Q00772,413,T,A,PBY745,0.0,0.090268511859258,102.0,102.0,True,SLT2,YHR030C,413,source workbook coordinate,SLT2 T413,SLT2 T413A,unchanged,1.0,-0.98,-0.749234093492976,-0.0296821205489549,0.772880722395807,0.865482458972011,False,,,1.0,,,0.0,0.0,0.090268511859258,PBY745,1,False,True,False,False,False,T,35.49823760986328,29,31.09,0.7865546347954407,11,0,1.562271894188245,0,0.0,True,True
Q00772,414,S,A,PBY426,12.0,2.66561261561669e-10,102.0,102.0,True,SLT2,YHR030C,414,source workbook coordinate,SLT2 S414 ,SLT2 S414A,losses,1.0,-0.98,-0.74649817469443,0.695340834270485,2.7287417986735804e-15,1.20671026208009e-13,False,,,1.0,,,0.0,12.0,2.66561261561669e-10,PBY426,1,True,True,False,False,False,S,33.39409255981445,29,34.38,0.7053862980819298,11,1,1.5364838556822902,0,12.0,True,True
Q00772,416,S,A,PBY493,0.0,0.243144191804922,102.0,102.0,True,SLT2,YHR030C,416,source workbook coordinate,SLT2 S416 ,SLT2 S416A,unknown,1.0,-0.98,-0.337000825192999,-0.317516985172827,0.0015292732651517,0.0098169477343612,False,,,1.0,,,1.0,0.0,0.243144191804922,PBY493,1,False,True,False,False,False,S,31.503995895385746,29,33.47,0.7068577795441918,11,0,1.5119367544755224,0,0.0,True,True
Q00772,428,S,A,PBY495,1.0,0.0272651644017771,102.0,102.0,True,SLT2,YHR030C,428,source workbook coordinate,SLT2 S428 ,SLT2 S428A,unknown,1.0,-0.95,-0.610171425794407,0.140583814629782,0.169605582114334,0.344058941221688,False,,,3.0,,,0.0,1.0,0.0272651644017771,PBY495,1,True,True,False,False,False,S,11.047675132751465,29,65.75,0.3010430552252228,11,1,1.08090324820294,0,1.0,True,True
Q00772,453,T,A,PBY427,0.0,0.405812828876238,102.0,102.0,True,SLT2,YHR030C,453,source workbook coordinate,SLT2 T453 ,SLT2 T453A,unknown,1.0,-0.97,-0.694330432561418,0.313939806372402,0.001739541322296,0.0108177725980285,False,,,1.0,,,0.0,0.0,0.405812828876238,PBY427,1,False,True,False,False,False,T,35.658145904541016,33,32.16,0.8372856574479627,11,0,1.5641704954382625,0,0.0,True,True
Q03330,64,S,A,PBY485,2.0,6.87636034111024e-05,102.0,102.0,True,GCN5,YGR252W,64,source workbook coordinate,GCN5 S64,GCN5 S64A,unknown,1.0,-0.9,-0.746080604414334,-0.190848095257945,0.0546792716296479,0.162405597825372,False,,,1.0,,,0.0,2.0,6.87636034111024e-05,PBY485,1,True,True,False,False,False,S,24.49939346313477,186,28.610000000000003,0.658112665784375,15,1,1.4065298502870351,0,2.0,True,True
Q03330,204,S,A,PBY483,2.0,0.0106565042982829,102.0,102.0,True,GCN5,YGR252W,204,source workbook coordinate,GCN5 S204,GCN5 S204A,unknown,0.0,-0.01,-0.233915735755561,0.289053652692973,0.0032140368005394,0.017766481202982,True,Y0,N-acetyltransferase,1.0,,1.0,0.0,2.0,0.0106565042982829,PBY483,1,True,True,False,False,False,S,10.2855224609375,173,96.5,0.2051173003103974,15,1,1.0525216694527615,1,2.0,True,True
Q03330,212,Y,A,PBY579,3.0,0.0005451261464959,102.0,102.0,True,GCN5,YGR252W,212,source workbook coordinate,GCN5 Y212,GCN5 Y212A,unknown,0.0,-0.01,0.0,-0.0072816495264404,0.942096058577372,0.970742631408079,True,,N-acetyltransferase,1.0,,,0.0,3.0,0.0005451261464959,PBY579,1,True,True,False,False,False,Y,5.740200042724609,173,94.94,0.2249075975784689,15,1,0.8286727861736299,1,3.0,True,True
Q03497,502,S,A,PBY359,0.0,0.509414854355498,102.0,102.0,True,STE20,YHL007C,502,source workbook coordinate,STE20 S502,STE20 S502A,unchanged,1.0,-0.98,-0.212654901548213,-0.161907025372241,0.105752339735342,0.253550790449796,False,Y2,,7.0,0.0,28.0,1.0,0.0,0.509414854355498,PBY359,1,False,True,False,False,False,S,57.28337860107422,739,33.84,0.6794981963692502,11,0,1.7655447192351081,0,0.0,True,True
Q03497,575,T,A,PBY365,0.0,0.422315041205267,100.0,100.0,True,STE20,YHL007C,575,source workbook coordinate,STE20 T575,STE20 T575A,unchanged,1.0,-0.99,-0.751755192664423,-0.0451577129468919,0.657162806768148,0.787803605703984,False,S1,,1.0,,,0.0,0.0,0.422315041205267,PBY365,1,False,True,False,False,False,T,50.28120040893555,630,36.81,0.8754538163802507,11,0,1.709958182752472,0,0.0,True,True
Q03533,449,S,A,PBY303,0.0,0.589450991712011,102.0,102.0,True,TDA1,YMR291W,449,source workbook coordinate,TDA1 S449,TDA1 S449A,unchanged,1.0,-0.87,0.0,-0.093612806428662,0.351784515442198,0.56004094858398,False,Y2,,5.0,2.0,6.0,2.0,0.0,0.589450991712011,PBY303,1,False,True,False,False,False,S,37.25712585449219,180,48.91,0.5429307720536172,11,0,1.5827123396478684,0,0.0,True,True
Q03533,513,T,A,PBY217,2.0,0.0006689807185952,102.0,102.0,True,TDA1,YMR291W,513,source workbook coordinate,TDA1 T513,TDA1 T513A,unknown,1.0,-0.96,-0.0457561774013002,0.01331426682325,0.894867991114309,0.942320257797212,False,Y2,,4.0,2.0,4.0,2.0,2.0,0.0006689807185952,PBY217,1,True,True,False,False,False,T,30.84992790222168,47,30.66,0.6434314178890822,11,1,1.5031084535723827,0,2.0,True,True
Q03533,522,S,A,PBY219,0.0,0.257697487877019,102.0,102.0,True,TDA1,YMR291W,522,source workbook coordinate,TDA1 S522,TDA1 S522A,unchanged,1.0,-0.98,0.0,0.107196851708277,0.28597933784515,0.476233374319539,False,Y2,,3.0,,5.0,2.0,0.0,0.257697487877019,PBY219,1,False,True,False,False,False,S,26.226665496826172,49,30.639999999999997,0.6559765449266516,11,0,1.4349944556989827,0,0.0,True,True
Q03656,338,T,A,PBY593,8.0,1.62587029036118e-06,101.0,101.0,True,SKY1,YMR216C,338,source workbook coordinate,SKY1 T338,SKY1 T338A,gains,1.0,-0.96,-1.0,-0.143437269856882,0.154529699847477,0.325411748885164,False,,Protein kinase,1.0,,,3.0,8.0,1.62587029036118e-06,PBY593,1,True,True,False,False,False,T,42.172176361083984,164,42.78000000000001,0.7287778965444478,11,1,1.6352039425127682,0,8.0,True,True
Q03656,360,S,A,PBY741,0.0,0.163811670638429,102.0,102.0,True,SKY1,YMR216C,360,source workbook coordinate,SKY1 S360,SKY1 S360A,unchanged,1.0,-0.97,-0.441206835302512,0.0510059112929149,0.612468866728372,0.765637174768808,False,S1,Protein kinase,,,,0.0,0.0,0.163811670638429,PBY741,1,False,True,False,False,False,S,67.58240509033203,171,33.16,0.732421993188456,11,0,1.83621271115432,0,0.0,True,True
Q03656,362,S,A,PBY644,3.0,0.0002031347124307,102.0,102.0,True,SKY1,YMR216C,362,source workbook coordinate,SKY1 S362,SKY1 S362A,unknown,1.0,-0.97,-0.19883682388854,-0.124392815553341,0.215200458244324,0.396526770283522,False,S1,Protein kinase,,,,1.0,3.0,0.0002031347124307,PBY644,1,True,True,False,False,False,S,66.78852844238281,171,32.03,0.5541648641627779,11,1,1.831156206319981,0,3.0,True,True
Q03656,386,T,A,PBY545,0.0,0.209872587594994,102.0,102.0,True,SKY1,YMR216C,386,source workbook coordinate,SKY1 T386,SKY1 T386A,unchanged,1.0,-0.98,0.0,0.214989905489604,0.0308469096348278,0.104932222518474,False,S1,Protein kinase,1.0,,2.0,15.0,0.0,0.209872587594994,PBY545,1,False,True,False,False,False,T,8.525918960571289,164,45.5,0.4348122773406838,11,0,0.9789068825370653,0,0.0,True,True
Q03656,388,S,A,PBY779,6.0,0.0004977059585232,102.0,102.0,True,SKY1,YMR216C,388,source workbook coordinate,SKY1 S388,SKY1 S388A,unknown,1.0,-0.98,0.0,0.176377908442795,0.0776693019632962,0.206082547875946,False,Y1,Protein kinase,2.0,0.0,4.0,0.0,6.0,0.0004977059585232,PBY779,1,True,True,False,False,False,S,3.58735728263855,164,64.88,0.1678031247749133,11,1,0.6615625661262621,0,6.0,True,True
Q03656,396,S,A,PBY453,0.0,0.0775247196572651,102.0,102.0,True,SKY1,YMR216C,396,source workbook coordinate,SKY1 S396 ,SKY1 S396A,unchanged,1.0,-0.98,-1.0,-0.0171419143236708,0.864898268464197,0.925348147442878,False,S1,Protein kinase,2.0,,1.0,2.0,0.0,0.0775247196572651,PBY453,1,False,True,False,False,False,S,12.419663429260254,164,54.5,0.3311590515260844,11,0,1.1277416236833429,0,0.0,True,True
Q03656,410,S,A,PBY738,0.0,0.190004378535822,102.0,102.0,True,SKY1,YMR216C,410,source workbook coordinate,SKY1 S410,SKY1 S410A,unchanged,1.0,-0.95,-0.153601212261166,0.050202128251993,0.618089582430726,0.768748918148215,False,S1,Protein kinase,2.0,,5.0,1.0,0.0,0.190004378535822,PBY738,1,False,True,False,False,False,S,26.054012298583984,164,30.889999999999997,0.6748146695045991,11,0,1.4322316831178015,0,0.0,True,True
Q03656,414,S,A,PBY737,0.0,0.590132522988244,102.0,102.0,True,SKY1,YMR216C,414,source workbook coordinate,SKY1 S414,SKY1 S414A,unchanged,1.0,-0.92,-0.390792957591084,-0.0826875760548157,0.411039782688782,0.62202978520964,False,S1,Protein kinase,2.0,0.0,4.0,0.0,0.0,0.590132522988244,PBY737,1,False,True,False,False,False,S,34.70024490356445,164,25.19,0.7566958432540226,11,0,1.5526711953811518,0,0.0,True,True
Q03656,417,S,A,PBY592,0.0,0.245013787390774,102.0,102.0,True,SKY1,YMR216C,417,source workbook coordinate,SKY1 S417,SKY1 S417A,unchanged,1.0,-0.91,-0.626613269358972,0.0073625928512229,0.941747939977589,0.970742631408079,False,,Protein kinase,1.0,,,1.0,0.0,0.245013787390774,PBY592,1,False,True,False,False,False,S,42.53809356689453,164,29.25,0.6621534430604412,11,0,1.6388694083636735,0,0.0,True,True
Q03656,427,S,A,PBY777,2.0,0.0136554214948102,102.0,102.0,True,SKY1,YMR216C,427,source workbook coordinate,SKY1 S427,SKY1 S427A,unknown,1.0,-0.89,-0.849530442448274,-0.0543932653877426,0.589030496651893,0.748990855167583,False,S1,Protein kinase,2.0,0.0,3.0,9.0,2.0,0.0136554214948102,PBY777,1,True,True,False,False,False,S,56.1058235168457,164,26.69,0.6210567088966763,11,1,1.7566803988285113,0,2.0,True,True
Q03656,445,S,A,PBY590,4.0,0.0007272206838507,102.0,102.0,True,SKY1,YMR216C,445,source workbook coordinate,SKY1 S445,SKY1 S445A,unknown,1.0,-0.91,-0.29605798138482,-0.081451957510749,0.41808986001592,0.627923638816362,False,S1,Protein kinase,5.0,1.0,28.0,0.0,4.0,0.0007272206838507,PBY590,1,True,True,False,False,False,S,50.5717658996582,164,24.8,0.5662276881456159,11,1,1.7124120025982352,0,4.0,True,True
Q03656,449,S,A,PBY544,0.0,0.302803611947763,102.0,102.0,True,SKY1,YMR216C,449,source workbook coordinate,SKY1 S449,SKY1 S449A,unchanged,1.0,-0.93,-0.755659700148289,-0.0600358531325041,0.550920681535711,0.730294677597207,False,S1,Protein kinase,7.0,7.0,40.0,0.0,0.0,0.302803611947763,PBY544,1,False,True,False,False,False,S,41.48918914794922,164,25.7,0.7096415143920282,11,0,1.6282784432116273,0,0.0,True,True
Q03656,453,S,A,PBY542,0.0,0.16722352750331,102.0,102.0,True,SKY1,YMR216C,453,source workbook coordinate,SKY1 S453,SKY1 S453A,unchanged,1.0,-0.91,-0.39278064639483,0.0237426173294519,0.813686024395802,0.892140599750769,False,S1,Protein kinase,6.0,2.0,13.0,0.0,0.0,0.16722352750331,PBY542,1,False,True,False,False,False,S,38.63372421264648,164,25.28,0.6303466618617574,11,0,1.5980648830586177,0,0.0,True,True
Q03656,455,T,A,PBY541,0.0,0.0590655757476063,102.0,102.0,True,SKY1,YMR216C,455,source workbook coordinate,SKY1 T455,SKY1 T455A,unchanged,1.0,-0.9,-1.0,-0.0130000874867642,0.897335119862169,0.942320257797212,False,S1,Protein kinase,4.0,1.0,8.0,0.0,0.0,0.0590655757476063,PBY541,1,False,True,False,False,False,T,41.63141250610352,164,23.72,0.6246391412382507,11,0,1.6297297223596279,0,0.0,True,True
Q03656,725,S,A,PBY448,0.0,0.397137581322312,102.0,102.0,True,SKY1,YMR216C,725,source workbook coordinate,SKY1 S725 ,SKY1 S725A,unchanged,0.0,-0.33,-0.07043765450453,0.0008041290349032,0.993632306108262,0.99604177705549,False,,,1.0,,,0.0,0.0,0.397137581322312,PBY448,1,False,True,False,False,False,S,19.486112594604492,294,98.44,0.228326089661378,11,0,1.31145955533217,1,0.0,True,True
Q04439,349,T,A,PBY102,4.0,0.0019317316540487,102.0,102.0,True,MYO5,YMR109W,349,source workbook coordinate,MYO5 T349  ,MYO5 T349A,losses,0.0,-0.14,-0.0272744187552405,0.593553101346016,6.092812911570649e-11,1.8653381067731702e-09,False,S1,,,,1.0,0.0,4.0,0.0019317316540487,PBY102,1,True,True,False,False,False,T,45.21429443359375,131,62.81,0.3158452047095429,8,1,1.6647763269293465,0,4.0,True,True
Q04439,359,Y,A,PBY115,2.0,0.0289786851672671,102.0,102.0,True,MYO5,YMR109W,359,source workbook coordinate,MYO5 Y359  ,MYO5 Y359A,unknown,0.0,-0.24,-0.0367845016485513,0.438514536783975,4.50341268843294e-06,5.27164191175385e-05,False,Y0,,4.0,0.0,6.0,0.0,2.0,0.0289786851672671,PBY115,1,True,True,False,False,False,Y,43.37937545776367,131,80.0,0.4329048739036666,8,1,1.6471811861980294,1,2.0,True,True
Q04439,777,S,A,PBY110,5.0,1.05861802103327e-05,102.0,102.0,True,MYO5,YMR109W,777,source workbook coordinate,MYO5 S777  ,MYO5 S777A,losses,0.0,-0.05,0.0,0.583866586086138,1.46838405483939e-10,4.17440609875769e-09,False,Y0,TH1,5.0,0.0,6.0,0.0,5.0,1.05861802103327e-05,PBY110,1,True,True,False,False,False,S,90.7554168701172,133,84.31,0.2820348387405079,8,1,1.9626317126773494,1,5.0,True,True
Q04439,992,S,A,PBY73,1.0,0.0246798086350238,102.0,102.0,True,MYO5,YMR109W,992,source workbook coordinate,MYO5 S992 ,MYO5 S992A,unknown,1.0,-0.97,-0.759684928848485,-0.148511275162823,0.138293861125987,0.302422839165621,False,S1,,2.0,0.0,7.0,1.0,1.0,0.0246798086350238,PBY73,1,True,True,False,False,False,S,86.01949310302734,133,28.389999999999997,0.70657223917449,8,1,1.9396165491566604,0,1.0,True,True
Q04439,1205,S,A,PBY72,1.0,0.0122689296938253,102.0,102.0,True,MYO5,YMR109W,1205,source workbook coordinate,MYO5 S1205,MYO5 S1205A,unknown,1.0,-0.97,,-0.0383969416372334,0.703038592520341,0.827838342671881,False,Y0,,5.0,0.0,16.0,0.0,1.0,0.0122689296938253,PBY72,1,True,True,False,False,False,S,53.57682418823242,133,45.31,0.3278759047880257,8,1,1.737008260581694,0,1.0,True,True
Q06385,14,S,A,PBY547,41.0,6.23349012109029e-65,102.0,102.0,True,VPS74,YDR372C,14,source workbook coordinate,VPS74 S14,VPS74 S14A,losses,1.0,-0.96,-0.293588148472327,0.86797890869301,7.37694818514717e-32,2.93602537768857e-29,False,Y0,,8.0,5.0,15.0,0.0,41.0,6.23349012109029e-65,PBY547,1,True,True,False,False,False,S,29.593843460083008,178,31.03,0.7518476563976441,4,1,1.4856340401965746,0,41.0,True,True
Q06385,19,S,A,PBY549,19.0,3.05238969746973e-25,102.0,102.0,True,VPS74,YDR372C,19,source workbook coordinate,VPS74 S19,VPS74 S19A,losses,1.0,-0.97,-0.595364966352626,0.724801672598819,1.04726879422783e-17,6.94688300171128e-16,False,S1,,5.0,1.0,9.0,1.0,19.0,3.05238969746973e-25,PBY549,1,True,True,False,False,False,S,37.99903869628906,178,28.16,0.6329821946097032,4,1,1.591053902051051,0,19.0,True,True
Q06385,22,S,A,PBY552,0.0,0.292980591768175,102.0,102.0,True,VPS74,YDR372C,22,source workbook coordinate,VPS74 S22,VPS74 S22A,unchanged,1.0,-0.98,-0.769447995433388,0.0209904638162566,0.834956693950982,0.912097719591687,False,S1,,,0.0,2.0,0.0,0.0,0.292980591768175,PBY552,1,False,True,False,False,False,S,36.65755081176758,178,29.75,0.6441665076765591,4,0,1.575852070764995,0,0.0,True,True
Q08972,1191,T,A,PBY521,12.0,2.68287002039858e-31,102.0,102.0,True,NEW1,YPL226W,1191,source workbook coordinate,NEW1 T1191 ,NEW1 T1191A,gains,1.0,-0.87,-0.0159028232886209,-0.192932988688729,0.0532336732864963,0.159300766676884,False,Y0,,10.0,1.0,64.0,2.0,12.0,2.68287002039858e-31,PBY521,1,True,True,False,False,False,T,47.28818893432617,605,62.75,0.569875847884699,16,1,1.6838409173370212,0,12.0,True,True
Q12222,211,S,A,PBY212,0.0,0.102873687799141,102.0,102.0,True,YGK3,YOL128C,211,source workbook coordinate,YGK3 S211,YGK3 S211A,unknown,0.0,-0.07,0.0,0.476079061346494,4.85632259601426e-07,6.44272131071226e-06,False,S1,Protein kinase,1.0,,2.0,0.0,0.0,0.102873687799141,PBY212,1,False,True,False,False,False,S,2.6456551551818848,173,89.12,0.1998189130925896,11,0,0.56177558607306,1,0.0,True,True
Q12271,975,S,A,PBY38,1.0,0.0289848037097265,102.0,102.0,True,INP53,YOR109W,975,source workbook coordinate,INP53 S975 ,INP53 S975A,losses,1.0,-0.99,-0.305590470343841,0.56809397897617,7.06996329899747e-10,1.56324744055611e-08,False,Y2,,3.0,3.0,1.0,1.0,1.0,0.0289848037097265,PBY38,1,True,True,False,False,False,S,73.57141876220703,606,29.09,0.7274529259541033,3,1,1.8725724058603472,0,1.0,True,True
Q12386,235,T,A,PBY894,0.0,0.412129837488248,102.0,102.0,True,ARP8,YOR141C,235,source workbook coordinate,ARP8 T235,ARP8 T235A,unchanged,1.0,-0.95,-0.659091894436698,0.0628031094317431,0.534765167197761,0.717522270763938,False,,,1.0,0.0,,0.0,0.0,0.412129837488248,PBY894,1,False,True,False,False,False,T,49.16253662109375,502,34.47,0.6789277618599335,4,0,1.700379489798125,0,0.0,True,True
Q12386,237,T,A,PBY122,0.0,0.146499629764214,102.0,102.0,True,ARP8,YOR141C,237,source workbook coordinate,ARP8 T237,ARP8 T237A,unchanged,1.0,-0.95,-0.739958183836758,0.102053918934205,0.312327959469963,0.507373583138961,False,Y1,,,,2.0,0.0,0.0,0.146499629764214,PBY122,1,False,True,False,False,False,T,48.11997985839844,502,39.71999999999999,0.8162272696497733,4,0,1.6912581800511037,0,0.0,True,True
Q12464,11,T,A,PBY447,0.0,0.666146455571907,102.0,102.0,True,RVB2,YPL235W,11,source workbook coordinate,RVB2 T11 ,RVB2 T11A,unchanged,1.0,-0.88,-0.336946052163344,,,1.0,False,S1,,,,1.0,0.0,0.0,0.666146455571907,PBY447,1,False,True,False,False,False,T,18.86264991760254,82,29.81,0.6205028326781813,8,0,1.2980371881583843,0,0.0,True,True
