acc,pos,aa,min_dist_A,nearest_feat_pos,plddt,rsa,n_annot_residues
P00359,149,S,0.0,149,98.56,0.12290137466247916,13
P00359,151,T,0.0,151,98.75,0.043605890514180484,13
P00924,10,S,15.845911979675293,376,98.81,0.32071047919035933,12
P00924,12,Y,9.896291732788086,376,98.80999999999999,0.47433079858012356,12
P00924,188,S,11.835236549377441,212,98.88,0.2179212969394062,12
P00924,290,Y,11.450397491455078,169,98.80999999999999,0.08206556724329447,12
P02829,282,S,28.333364486694336,119,92.25,0.571976275724853,16
P02829,297,S,20.191083908081055,380,84.38,0.13221864934947666,16
P02829,379,S,1.3419464826583862,380,72.75,0.06323503088511978,16
P02829,533,T,66.66445922851562,380,89.06000000000002,0.4587707935199023,16
P02829,604,S,46.17081832885742,380,73.31,0.13848367422428454,16
P02829,612,T,59.30220413208008,380,95.0,0.15663104247267476,16
P04050,1460,T,50.49840545654297,70,37.03000000000001,0.6403687303533036,11
P04050,1471,T,41.56484603881836,70,37.5,0.7500984977387706,11
P06244,241,T,9.764961242675781,210,90.06000000000002,0.19727828331011632,11
P06782,210,T,9.079323768615723,177,56.5,0.3983068976456762,11
P06782,211,S,9.060124397277832,177,52.029999999999994,0.4777467376228897,11
P06782,217,Y,6.122025012969971,177,93.12,0.0785093321403077,11
P06782,413,S,28.930192947387695,177,31.23,0.6441938293984755,11
P06782,487,S,67.48636627197266,177,52.94,0.27234389694279054,11
P08018,248,S,55.94901657104492,485,39.94,0.6893592300737349,11
P11792,288,S,25.88221549987793,418,37.88,0.34569818018018034,11
P11792,290,S,25.631145477294922,418,40.56,0.3765225954902566,11
P11792,568,T,10.894844055175781,538,81.18999999999998,0.020271601489200892,11
P11792,726,S,16.79967498779297,423,87.0,0.3502061832230244,11
P11986,42,S,39.01385498046875,369,93.38,0.6835997786644182,27
P11986,48,T,33.4875373840332,320,97.75,0.4645594336951714,27
P11986,368,S,1.340893030166626,369,92.75,0.014110818099543319,27
P11986,375,S,7.465838432312012,369,89.81,0.23877466199710307,27
P12683,551,S,51.23435974121094,813,24.02,0.6892110279738443,29
P12683,575,S,31.56197738647461,1025,19.42,0.768594007245133,29
P12683,577,S,32.68137741088867,1025,20.0,0.8017076099143515,29
P12683,580,S,35.34070587158203,722,20.17,0.7784277192277014,29
P12684,556,S,59.05854034423828,1021,19.48,0.6790152423708647,29
P12684,565,T,47.883216857910156,1020,25.38,0.7579358946859459,29
P12688,508,T,2.8364930152893066,470,90.93999999999998,0.14984264523062135,11
P12904,7,S,21.811134338378906,312,84.94,0.2753530968014561,17
P12904,73,S,14.630712509155273,42,92.81,0.24117929781917974,17
P12904,81,T,5.99046516418457,146,92.31000000000002,0.08506943401949553,17
P13185,990,T,48.551883697509766,269,31.449999999999996,0.6659296779667355,11
P13185,1000,S,32.15034484863281,130,31.77,0.5940537674271061,11
P16140,83,T,38.891845703125,381,86.93999999999998,0.15612130079955622,1
P16140,84,S,41.22591018676758,381,86.44,0.6105310357967301,1
P16140,137,S,21.062583923339844,381,90.94,0.5687750941525436,1
P16140,284,Y,19.360300064086914,381,95.80999999999999,0.004591742266311469,1
P16140,370,Y,21.585508346557617,381,92.75,0.16478496800555054,1
P16140,378,S,7.700033664703369,381,94.44,0.048388472054445436,1
P16140,380,S,1.3399593830108643,381,94.44,0.06249929015398875,1
P16140,407,Y,16.867591857910156,381,93.62,0.0,1
P16140,485,Y,26.23292350769043,381,81.62,0.14679967258466778,1
P16140,501,T,51.7973747253418,381,34.31,0.767589351367779,1
P16140,503,S,58.4520378112793,381,35.12,0.6760722794463407,1
P16140,511,S,73.8664321899414,381,34.94,0.5541867539696547,1
P16387,313,S,1.3296478986740112,312,96.94,0.09425685982387964,12
P16387,315,S,6.331162452697754,312,93.5,0.6192280182155312,12
P20449,86,S,18.444639205932617,138,52.779999999999994,0.17293142008595389,8
P20604,209,S,6.694573402404785,238,96.44,0.055301110919366216,7
P21965,24,S,14.043972969055176,68,96.81,0.1452808646262708,11
P21965,198,S,9.988041877746582,164,93.31,0.18001415085764194,11
P21965,199,Y,8.72653865814209,46,93.19000000000001,0.6036987649832164,11
P22082,1478,S,65.37679290771484,794,31.420000000000005,0.42979200803803674,8
P22204,51,S,43.82935333251953,206,32.03,0.6820128487392216,11
P23561,231,T,24.908695220947266,421,69.38,0.06625253604949526,11
P23561,323,S,19.634662628173828,421,51.12,0.24537987068544545,11
P23561,387,S,36.672855377197266,444,27.639999999999997,0.7627245392879218,11
P23561,616,S,5.256359100341797,426,43.94,0.3276450078621567,11
P25037,530,S,25.716379165649414,697,50.38,0.1826004720767947,2
P25037,531,S,26.357635498046875,697,54.59000000000001,0.32274760947698516,2
P25037,638,S,51.13713455200195,697,29.56,0.6043322478560638,2
P25333,123,S,52.42375564575195,449,34.19,0.6606546398762628,11
P25333,155,S,34.08082580566406,324,31.05,0.6411026643740607,11
P32324,466,T,19.90245819091797,32,91.56000000000002,0.1239006151222794,15
P32324,566,T,31.051958084106445,27,96.81000000000002,0.039751521629697154,15
P32324,569,S,37.6397819519043,27,96.88,0.2855215606825192,15
P32328,359,T,16.623065948486328,177,71.88,0.6236695580729998,11
P32485,174,T,10.915719985961914,144,34.81,0.6443271370968267,14
P32485,176,Y,6.300754070281982,34,43.12,0.5656639924801926,14
P32490,163,S,17.494686126708984,349,29.62,0.6605391914133284,11
P32490,180,S,33.567054748535156,349,31.889999999999997,0.7080491525517918,11
P32490,191,S,34.54972839355469,250,32.06,0.6147862521068287,11
P32490,192,S,32.59056854248047,250,30.77,0.6947184223106444,11
P32490,194,S,27.681028366088867,250,32.97,0.6190360365018872,11
P32490,195,Y,27.227914810180664,250,39.90999999999999,0.8654763806294763,11
P32490,458,S,24.66587257385254,349,96.25,0.11613150598240927,11
P32561,6,T,27.28352165222168,151,89.62,0.35776369466727437,1
P32561,385,Y,28.57512664794922,151,75.5,0.8056705860510213,1
P32561,388,S,28.465673446655273,151,70.0,0.718305743173873,1
P32561,408,S,32.42258071899414,151,44.72,0.29331271046342183,1
P32561,418,S,37.47762680053711,151,41.62,0.4713559679685795,1
P32801,516,S,20.055377960205078,101,30.09,0.6326304173058598,11
P32801,551,T,8.80594253540039,98,31.860000000000007,0.5811372885831101,11
P32801,580,S,61.98612594604492,98,25.25,0.603310966755231,11
P32801,581,S,61.790863037109375,98,30.02,0.6793062146556065,11
P37263,49,T,1.3308113813400269,48,82.81000000000002,0.6281075325881083,8
P37263,53,S,3.604691743850708,51,73.56,0.3710206330684961,8
P37263,121,Y,22.14497947692871,51,81.19000000000001,0.6152898323390954,8
P37263,126,T,29.518346786499023,51,81.62,0.6485872097953888,8
P38953,2,S,45.64744567871094,49,49.97,0.7388789997769079,8
P38953,14,S,24.08891487121582,49,64.94,0.6054027404856896,8
P43565,1061,S,35.971309661865234,918,26.03,0.7061001490061842,11
P43565,1525,S,66.47244262695312,802,27.62,0.660138202580692,11
P43565,1764,S,51.48599624633789,805,46.5,0.43332250959380114,11
P47116,587,S,20.922407150268555,285,57.81,0.49729328121005206,11
P47116,623,S,17.066509246826172,268,59.69,0.41816852058654846,11
P47116,726,S,53.58572769165039,388,25.639999999999997,0.6896393385283969,11
P47116,727,T,54.481441497802734,388,20.140000000000004,0.7791032153828912,11
P47116,730,T,59.056915283203125,388,19.359999999999996,0.7073932214720505,11
P47116,737,T,63.78716278076172,388,22.919999999999998,0.7702660613689316,11
P47116,781,S,43.50135803222656,285,31.84,0.6883051953359458,11
P50873,98,S,30.462270736694336,175,30.94,0.7053644082750531,11
P50873,323,S,10.152339935302734,289,92.69,0.2007520674524043,11
P50873,324,Y,8.921100616455078,289,94.0,0.6597671393736292,11
P50947,150,S,34.58069610595703,307,63.62,0.5680120316994961,8
P50947,234,S,42.65723419189453,307,43.94,0.6530335820021275,8
P50947,264,S,13.44479751586914,323,38.72,0.5705321159845074,8
P50947,267,S,13.082221031188965,283,40.81,0.5836489747051342,8
P53599,78,S,42.83266830444336,1272,26.53,0.46066563487690587,11
P53599,1424,S,21.311338424682617,1277,26.72,0.7614231497324271,11
P53599,1460,T,3.208043336868286,1390,75.38,0.23559972273978166,11
P53599,1468,S,8.061418533325195,1390,84.5,0.21276567990644926,11
Q00772,190,T,10.354703903198242,34,50.56,0.45901766425423896,11
Q00772,192,Y,6.579809188842773,34,51.720000000000006,0.30966580835637025,11
Q00772,340,S,18.91645050048828,34,86.19,0.5633066150279683,11
Q00772,413,T,35.49823760986328,29,31.09,0.7865546347954407,11
Q00772,414,S,33.39409255981445,29,34.38,0.7053862980819298,11
Q00772,416,S,31.503995895385742,29,33.47,0.7068577795441918,11
Q00772,428,S,11.047675132751465,29,65.75,0.3010430552252228,11
Q00772,453,T,35.658145904541016,33,32.16,0.8372856574479627,11
Q03262,158,S,0.0,158,94.94,0.05278102663435499,14
Q03330,64,S,24.499393463134766,186,28.610000000000003,0.658112665784375,15
Q03330,204,S,10.2855224609375,173,96.5,0.20511730031039746,15
Q03330,212,Y,5.740200042724609,173,94.94000000000001,0.2249075975784689,15
Q03497,502,S,57.28337860107422,739,33.84,0.6794981963692502,11
Q03497,575,T,50.28120040893555,630,36.81,0.8754538163802507,11
Q03533,449,S,37.25712585449219,180,48.91,0.5429307720536172,11
Q03533,513,T,30.84992790222168,47,30.66,0.6434314178890822,11
Q03533,522,S,26.226665496826172,49,30.639999999999997,0.6559765449266516,11
Q03656,338,T,42.172176361083984,164,42.78000000000001,0.7287778965444478,11
Q03656,360,S,67.58240509033203,171,33.16,0.732421993188456,11
Q03656,362,S,66.78852844238281,171,32.03,0.5541648641627779,11
Q03656,386,T,8.525918960571289,164,45.5,0.43481227734068384,11
Q03656,388,S,3.58735728263855,164,64.88,0.16780312477491335,11
Q03656,396,S,12.419663429260254,164,54.5,0.3311590515260844,11
Q03656,410,S,26.054012298583984,164,30.889999999999997,0.6748146695045991,11
Q03656,414,S,34.70024490356445,164,25.19,0.7566958432540226,11
Q03656,417,S,42.53809356689453,164,29.25,0.6621534430604412,11
Q03656,427,S,56.1058235168457,164,26.69,0.6210567088966763,11
Q03656,445,S,50.5717658996582,164,24.8,0.5662276881456159,11
Q03656,449,S,41.48918914794922,164,25.7,0.7096415143920282,11
Q03656,453,S,38.633724212646484,164,25.28,0.6303466618617574,11
Q03656,455,T,41.631412506103516,164,23.72,0.6246391412382507,11
Q03656,725,S,19.486112594604492,294,98.44,0.22832608966137805,11
Q04439,349,T,45.21429443359375,131,62.81,0.31584520470954297,8
Q04439,359,Y,43.37937545776367,131,80.0,0.4329048739036666,8
Q04439,777,S,90.75541687011719,133,84.31,0.28203483874050794,8
Q04439,992,S,86.01949310302734,133,28.389999999999997,0.70657223917449,8
Q04439,1205,S,53.57682418823242,133,45.31,0.32787590478802575,8
Q06385,14,S,29.593843460083008,178,31.03,0.7518476563976441,4
Q06385,19,S,37.99903869628906,178,28.16,0.6329821946097032,4
Q06385,22,S,36.65755081176758,178,29.75,0.6441665076765591,4
Q08972,1191,T,47.28818893432617,605,62.75,0.569875847884699,16
Q12222,211,S,2.6456551551818848,173,89.12,0.19981891309258962,11
Q12271,975,S,73.57141876220703,606,29.09,0.7274529259541033,3
Q12386,235,T,49.16253662109375,502,34.47,0.6789277618599335,4
Q12386,237,T,48.11997985839844,502,39.71999999999999,0.8162272696497733,4
Q12464,11,T,18.86264991760254,82,29.81,0.6205028326781813,8
