acc,entry_id,entry_version,sequence_version,annotation_update_date,feat_type,feature_id,start,end,start_modifier,end_modifier,is_range,description,ligand_name,ligand_id,ligand_part_name,ligand_part_id,evidence_codes,evidence_sources,evidence_ids,evidence_json,cross_references_json
P00359,G3P3_YEAST,239,3,2026-06-10,Active site,,150,150,EXACT,EXACT,False,Nucleophile,,,,,ECO:0000255,PROSITE-ProRule,PRU10009,"[{""evidenceCode"":""ECO:0000255"",""id"":""PRU10009"",""source"":""PROSITE-ProRule""}]",[]
P00359,G3P3_YEAST,239,3,2026-06-10,Binding site,,11,11,EXACT,EXACT,False,,NAD(+),ChEBI:CHEBI:57540,,,ECO:0007744,PDB,3PYM,"[{""evidenceCode"":""ECO:0007744"",""id"":""3PYM"",""source"":""PDB""}]","[{""database"":""ChEBI"",""id"":""CHEBI:57540""}]"
P00359,G3P3_YEAST,239,3,2026-06-10,Binding site,,12,12,EXACT,EXACT,False,,NAD(+),ChEBI:CHEBI:57540,,,ECO:0007744,PDB,3PYM,"[{""evidenceCode"":""ECO:0007744"",""id"":""3PYM"",""source"":""PDB""}]","[{""database"":""ChEBI"",""id"":""CHEBI:57540""}]"
P00359,G3P3_YEAST,239,3,2026-06-10,Binding site,,33,33,EXACT,EXACT,False,,NAD(+),ChEBI:CHEBI:57540,,,ECO:0007744,PDB,3PYM,"[{""evidenceCode"":""ECO:0007744"",""id"":""3PYM"",""source"":""PDB""}]","[{""database"":""ChEBI"",""id"":""CHEBI:57540""}]"
P00359,G3P3_YEAST,239,3,2026-06-10,Binding site,,120,120,EXACT,EXACT,False,,NAD(+),ChEBI:CHEBI:57540,,,ECO:0007744,PDB,3PYM,"[{""evidenceCode"":""ECO:0007744"",""id"":""3PYM"",""source"":""PDB""}]","[{""database"":""ChEBI"",""id"":""CHEBI:57540""}]"
P00359,G3P3_YEAST,239,3,2026-06-10,Binding site,,149,151,EXACT,EXACT,True,,D-glyceraldehyde 3-phosphate,ChEBI:CHEBI:59776,,,ECO:0000250,UniProtKB,P22513,"[{""evidenceCode"":""ECO:0000250"",""id"":""P22513"",""source"":""UniProtKB""}]","[{""database"":""ChEBI"",""id"":""CHEBI:59776""}]"
P00359,G3P3_YEAST,239,3,2026-06-10,Binding site,,180,180,EXACT,EXACT,False,,D-glyceraldehyde 3-phosphate,ChEBI:CHEBI:59776,,,ECO:0000250,UniProtKB,P22513,"[{""evidenceCode"":""ECO:0000250"",""id"":""P22513"",""source"":""UniProtKB""}]","[{""database"":""ChEBI"",""id"":""CHEBI:59776""}]"
P00359,G3P3_YEAST,239,3,2026-06-10,Binding site,,209,210,EXACT,EXACT,True,,D-glyceraldehyde 3-phosphate,ChEBI:CHEBI:59776,,,ECO:0000250,UniProtKB,P22513,"[{""evidenceCode"":""ECO:0000250"",""id"":""P22513"",""source"":""UniProtKB""}]","[{""database"":""ChEBI"",""id"":""CHEBI:59776""}]"
P00359,G3P3_YEAST,239,3,2026-06-10,Binding site,,232,232,EXACT,EXACT,False,,D-glyceraldehyde 3-phosphate,ChEBI:CHEBI:59776,,,ECO:0000250,UniProtKB,P22513,"[{""evidenceCode"":""ECO:0000250"",""id"":""P22513"",""source"":""UniProtKB""}]","[{""database"":""ChEBI"",""id"":""CHEBI:59776""}]"
P00359,G3P3_YEAST,239,3,2026-06-10,Binding site,,314,314,EXACT,EXACT,False,,NAD(+),ChEBI:CHEBI:57540,,,ECO:0007744,PDB,3PYM,"[{""evidenceCode"":""ECO:0007744"",""id"":""3PYM"",""source"":""PDB""}]","[{""database"":""ChEBI"",""id"":""CHEBI:57540""}]"
P00359,G3P3_YEAST,239,3,2026-06-10,Binding site,,318,318,EXACT,EXACT,False,,NAD(+),ChEBI:CHEBI:57540,,,ECO:0007744,PDB,3PYM,"[{""evidenceCode"":""ECO:0007744"",""id"":""3PYM"",""source"":""PDB""}]","[{""database"":""ChEBI"",""id"":""CHEBI:57540""}]"
P00359,G3P3_YEAST,239,3,2026-06-10,Site,,177,177,EXACT,EXACT,False,Activates thiol group during catalysis,,,,,ECO:0000250,UniProtKB,P04406,"[{""evidenceCode"":""ECO:0000250"",""id"":""P04406"",""source"":""UniProtKB""}]",[]
P02829,HSP82_YEAST,254,1,2026-06-10,Binding site,,33,33,EXACT,EXACT,False,,ATP,ChEBI:CHEBI:30616,,,ECO:0000269;ECO:0007744,PDB;PubMed,16625188;2CG9,"[{""evidenceCode"":""ECO:0000269"",""id"":""16625188"",""source"":""PubMed""},{""evidenceCode"":""ECO:0007744"",""id"":""2CG9"",""source"":""PDB""}]","[{""database"":""ChEBI"",""id"":""CHEBI:30616""}]"
P02829,HSP82_YEAST,254,1,2026-06-10,Binding site,,37,37,EXACT,EXACT,False,,ATP,ChEBI:CHEBI:30616,,,ECO:0000269;ECO:0007744,PDB;PubMed,16625188;1AM1;1AMW;2CG9;2WEP;9230303,"[{""evidenceCode"":""ECO:0000269"",""id"":""16625188"",""source"":""PubMed""},{""evidenceCode"":""ECO:0000269"",""id"":""9230303"",""source"":""PubMed""},{""evidenceCode"":""ECO:0007744"",""id"":""1AM1"",""source"":""PDB""},{""evidenceCode"":""ECO:0007744"",""id"":""1AMW"",""source"":""PDB""},{""evidenceCode"":""ECO:0007744"",""id"":""2CG9"",""source"":""PDB""},{""evidenceCode"":""ECO:0007744"",""id"":""2WEP"",""source"":""PDB""}]","[{""database"":""ChEBI"",""id"":""CHEBI:30616""}]"
P02829,HSP82_YEAST,254,1,2026-06-10,Binding site,,79,79,EXACT,EXACT,False,,ATP,ChEBI:CHEBI:30616,,,ECO:0000269;ECO:0007744,PDB;PubMed,16625188;1AM1;1AMW;2CG9;2WEP;9230303,"[{""evidenceCode"":""ECO:0000269"",""id"":""16625188"",""source"":""PubMed""},{""evidenceCode"":""ECO:0000269"",""id"":""9230303"",""source"":""PubMed""},{""evidenceCode"":""ECO:0007744"",""id"":""1AM1"",""source"":""PDB""},{""evidenceCode"":""ECO:0007744"",""id"":""1AMW"",""source"":""PDB""},{""evidenceCode"":""ECO:0007744"",""id"":""2CG9"",""source"":""PDB""},{""evidenceCode"":""ECO:0007744"",""id"":""2WEP"",""source"":""PDB""}]","[{""database"":""ChEBI"",""id"":""CHEBI:30616""}]"
P02829,HSP82_YEAST,254,1,2026-06-10,Binding site,,84,84,EXACT,EXACT,False,,ATP,ChEBI:CHEBI:30616,,,ECO:0000269;ECO:0007744,PDB;PubMed,16625188;2CG9,"[{""evidenceCode"":""ECO:0000269"",""id"":""16625188"",""source"":""PubMed""},{""evidenceCode"":""ECO:0007744"",""id"":""2CG9"",""source"":""PDB""}]","[{""database"":""ChEBI"",""id"":""CHEBI:30616""}]"
P02829,HSP82_YEAST,254,1,2026-06-10,Binding site,,92,92,EXACT,EXACT,False,,ATP,ChEBI:CHEBI:30616,,,ECO:0000269;ECO:0007744,PDB;PubMed,16625188;2CG9,"[{""evidenceCode"":""ECO:0000269"",""id"":""16625188"",""source"":""PubMed""},{""evidenceCode"":""ECO:0007744"",""id"":""2CG9"",""source"":""PDB""}]","[{""database"":""ChEBI"",""id"":""CHEBI:30616""}]"
P02829,HSP82_YEAST,254,1,2026-06-10,Binding site,,98,98,EXACT,EXACT,False,,ATP,ChEBI:CHEBI:30616,,,ECO:0000269;ECO:0007744,PDB;PubMed,16625188;2CG9,"[{""evidenceCode"":""ECO:0000269"",""id"":""16625188"",""source"":""PubMed""},{""evidenceCode"":""ECO:0007744"",""id"":""2CG9"",""source"":""PDB""}]","[{""database"":""ChEBI"",""id"":""CHEBI:30616""}]"
P02829,HSP82_YEAST,254,1,2026-06-10,Binding site,,99,100,EXACT,EXACT,True,,ATP,ChEBI:CHEBI:30616,,,ECO:0000269;ECO:0007744,PDB;PubMed,16625188;2CG9,"[{""evidenceCode"":""ECO:0000269"",""id"":""16625188"",""source"":""PubMed""},{""evidenceCode"":""ECO:0007744"",""id"":""2CG9"",""source"":""PDB""}]","[{""database"":""ChEBI"",""id"":""CHEBI:30616""}]"
P02829,HSP82_YEAST,254,1,2026-06-10,Binding site,,119,124,EXACT,EXACT,True,,ATP,ChEBI:CHEBI:30616,,,ECO:0000269;ECO:0007744,PDB;PubMed,16625188;1AM1;1AMW;2CG9;2WEP;9230303,"[{""evidenceCode"":""ECO:0000269"",""id"":""16625188"",""source"":""PubMed""},{""evidenceCode"":""ECO:0000269"",""id"":""9230303"",""source"":""PubMed""},{""evidenceCode"":""ECO:0007744"",""id"":""1AM1"",""source"":""PDB""},{""evidenceCode"":""ECO:0007744"",""id"":""1AMW"",""source"":""PDB""},{""evidenceCode"":""ECO:0007744"",""id"":""2CG9"",""source"":""PDB""},{""evidenceCode"":""ECO:0007744"",""id"":""2WEP"",""source"":""PDB""}]","[{""database"":""ChEBI"",""id"":""CHEBI:30616""}]"
P02829,HSP82_YEAST,254,1,2026-06-10,Binding site,,171,171,EXACT,EXACT,False,,ATP,ChEBI:CHEBI:30616,,,ECO:0000269;ECO:0007744,PDB;PubMed,16625188;2CG9,"[{""evidenceCode"":""ECO:0000269"",""id"":""16625188"",""source"":""PubMed""},{""evidenceCode"":""ECO:0007744"",""id"":""2CG9"",""source"":""PDB""}]","[{""database"":""ChEBI"",""id"":""CHEBI:30616""}]"
P02829,HSP82_YEAST,254,1,2026-06-10,Binding site,,380,380,EXACT,EXACT,False,,ATP,ChEBI:CHEBI:30616,,,ECO:0000269;ECO:0007744,PDB;PubMed,16625188;2CG9,"[{""evidenceCode"":""ECO:0000269"",""id"":""16625188"",""source"":""PubMed""},{""evidenceCode"":""ECO:0007744"",""id"":""2CG9"",""source"":""PDB""}]","[{""database"":""ChEBI"",""id"":""CHEBI:30616""}]"
P06782,SNF1_YEAST,247,1,2026-06-10,Active site,,177,177,EXACT,EXACT,False,Proton acceptor,,,,,ECO:0000255,PROSITE-ProRule,PRU00159;PRU10027,"[{""evidenceCode"":""ECO:0000255"",""id"":""PRU00159"",""source"":""PROSITE-ProRule""},{""evidenceCode"":""ECO:0000255"",""id"":""PRU10027"",""source"":""PROSITE-ProRule""}]",[]
P06782,SNF1_YEAST,247,1,2026-06-10,Binding site,,61,69,EXACT,EXACT,True,,ATP,ChEBI:CHEBI:30616,,,ECO:0000255,PROSITE-ProRule,PRU00159,"[{""evidenceCode"":""ECO:0000255"",""id"":""PRU00159"",""source"":""PROSITE-ProRule""}]","[{""database"":""ChEBI"",""id"":""CHEBI:30616""}]"
P06782,SNF1_YEAST,247,1,2026-06-10,Binding site,,84,84,EXACT,EXACT,False,,ATP,ChEBI:CHEBI:30616,,,ECO:0000255,PROSITE-ProRule,PRU00159,"[{""evidenceCode"":""ECO:0000255"",""id"":""PRU00159"",""source"":""PROSITE-ProRule""}]","[{""database"":""ChEBI"",""id"":""CHEBI:30616""}]"
P08018,PBS2_YEAST,227,4,2026-06-10,Active site,,485,485,EXACT,EXACT,False,Proton acceptor,,,,,ECO:0000255,PROSITE-ProRule,PRU00159;PRU10027,"[{""evidenceCode"":""ECO:0000255"",""id"":""PRU00159"",""source"":""PROSITE-ProRule""},{""evidenceCode"":""ECO:0000255"",""id"":""PRU10027"",""source"":""PROSITE-ProRule""}]",[]
P08018,PBS2_YEAST,227,4,2026-06-10,Binding site,,366,374,EXACT,EXACT,True,,ATP,ChEBI:CHEBI:30616,,,ECO:0000255,PROSITE-ProRule,PRU00159,"[{""evidenceCode"":""ECO:0000255"",""id"":""PRU00159"",""source"":""PROSITE-ProRule""}]","[{""database"":""ChEBI"",""id"":""CHEBI:30616""}]"
P08018,PBS2_YEAST,227,4,2026-06-10,Binding site,,389,389,EXACT,EXACT,False,,ATP,ChEBI:CHEBI:30616,,,ECO:0000255,PROSITE-ProRule,PRU00159,"[{""evidenceCode"":""ECO:0000255"",""id"":""PRU00159"",""source"":""PROSITE-ProRule""}]","[{""database"":""ChEBI"",""id"":""CHEBI:30616""}]"
P16387,ODPA_YEAST,231,2,2026-06-10,Binding site,,112,112,EXACT,EXACT,False,,pyruvate,ChEBI:CHEBI:15361,,,ECO:0000250,UniProtKB,P08559,"[{""evidenceCode"":""ECO:0000250"",""id"":""P08559"",""source"":""UniProtKB""}]","[{""database"":""ChEBI"",""id"":""CHEBI:15361""}]"
P16387,ODPA_YEAST,231,2,2026-06-10,Binding site,,138,138,EXACT,EXACT,False,,pyruvate,ChEBI:CHEBI:15361,,,ECO:0000250,UniProtKB,P08559,"[{""evidenceCode"":""ECO:0000250"",""id"":""P08559"",""source"":""UniProtKB""}]","[{""database"":""ChEBI"",""id"":""CHEBI:15361""}]"
P16387,ODPA_YEAST,231,2,2026-06-10,Binding site,,138,138,EXACT,EXACT,False,,thiamine diphosphate,ChEBI:CHEBI:58937,,,ECO:0000250,UniProtKB,P08559,"[{""evidenceCode"":""ECO:0000250"",""id"":""P08559"",""source"":""UniProtKB""}]","[{""database"":""ChEBI"",""id"":""CHEBI:58937""}]"
P16387,ODPA_YEAST,231,2,2026-06-10,Binding site,,139,139,EXACT,EXACT,False,,pyruvate,ChEBI:CHEBI:15361,,,ECO:0000250,UniProtKB,P08559,"[{""evidenceCode"":""ECO:0000250"",""id"":""P08559"",""source"":""UniProtKB""}]","[{""database"":""ChEBI"",""id"":""CHEBI:15361""}]"
P16387,ODPA_YEAST,231,2,2026-06-10,Binding site,,139,139,EXACT,EXACT,False,,thiamine diphosphate,ChEBI:CHEBI:58937,,,ECO:0000250,UniProtKB,P08559,"[{""evidenceCode"":""ECO:0000250"",""id"":""P08559"",""source"":""UniProtKB""}]","[{""database"":""ChEBI"",""id"":""CHEBI:58937""}]"
P16387,ODPA_YEAST,231,2,2026-06-10,Binding site,,177,177,EXACT,EXACT,False,,pyruvate,ChEBI:CHEBI:15361,,,ECO:0000250,UniProtKB,P08559,"[{""evidenceCode"":""ECO:0000250"",""id"":""P08559"",""source"":""UniProtKB""}]","[{""database"":""ChEBI"",""id"":""CHEBI:15361""}]"
P16387,ODPA_YEAST,231,2,2026-06-10,Binding site,,185,185,EXACT,EXACT,False,,pyruvate,ChEBI:CHEBI:15361,,,ECO:0000250,UniProtKB,P08559,"[{""evidenceCode"":""ECO:0000250"",""id"":""P08559"",""source"":""UniProtKB""}]","[{""database"":""ChEBI"",""id"":""CHEBI:15361""}]"
P16387,ODPA_YEAST,231,2,2026-06-10,Binding site,,185,185,EXACT,EXACT,False,,thiamine diphosphate,ChEBI:CHEBI:58937,,,ECO:0000250,UniProtKB,P08559,"[{""evidenceCode"":""ECO:0000250"",""id"":""P08559"",""source"":""UniProtKB""}]","[{""database"":""ChEBI"",""id"":""CHEBI:58937""}]"
P16387,ODPA_YEAST,231,2,2026-06-10,Binding site,,187,187,EXACT,EXACT,False,,pyruvate,ChEBI:CHEBI:15361,,,ECO:0000250,UniProtKB,P08559,"[{""evidenceCode"":""ECO:0000250"",""id"":""P08559"",""source"":""UniProtKB""}]","[{""database"":""ChEBI"",""id"":""CHEBI:15361""}]"
P16387,ODPA_YEAST,231,2,2026-06-10,Binding site,,187,187,EXACT,EXACT,False,,thiamine diphosphate,ChEBI:CHEBI:58937,,,ECO:0000250,UniProtKB,P08559,"[{""evidenceCode"":""ECO:0000250"",""id"":""P08559"",""source"":""UniProtKB""}]","[{""database"":""ChEBI"",""id"":""CHEBI:58937""}]"
P16387,ODPA_YEAST,231,2,2026-06-10,Binding site,,216,216,EXACT,EXACT,False,,Mg(2+),ChEBI:CHEBI:18420,,,ECO:0000250,UniProtKB,P08559,"[{""evidenceCode"":""ECO:0000250"",""id"":""P08559"",""source"":""UniProtKB""}]","[{""database"":""ChEBI"",""id"":""CHEBI:18420""}]"
P16387,ODPA_YEAST,231,2,2026-06-10,Binding site,,216,216,EXACT,EXACT,False,,pyruvate,ChEBI:CHEBI:15361,,,ECO:0000250,UniProtKB,P08559,"[{""evidenceCode"":""ECO:0000250"",""id"":""P08559"",""source"":""UniProtKB""}]","[{""database"":""ChEBI"",""id"":""CHEBI:15361""}]"
P16387,ODPA_YEAST,231,2,2026-06-10,Binding site,,216,216,EXACT,EXACT,False,,thiamine diphosphate,ChEBI:CHEBI:58937,,,ECO:0000250,UniProtKB,P08559,"[{""evidenceCode"":""ECO:0000250"",""id"":""P08559"",""source"":""UniProtKB""}]","[{""database"":""ChEBI"",""id"":""CHEBI:58937""}]"
P16387,ODPA_YEAST,231,2,2026-06-10,Binding site,,217,217,EXACT,EXACT,False,,pyruvate,ChEBI:CHEBI:15361,,,ECO:0000250,UniProtKB,P08559,"[{""evidenceCode"":""ECO:0000250"",""id"":""P08559"",""source"":""UniProtKB""}]","[{""database"":""ChEBI"",""id"":""CHEBI:15361""}]"
P16387,ODPA_YEAST,231,2,2026-06-10,Binding site,,217,217,EXACT,EXACT,False,,thiamine diphosphate,ChEBI:CHEBI:58937,,,ECO:0000250,UniProtKB,P08559,"[{""evidenceCode"":""ECO:0000250"",""id"":""P08559"",""source"":""UniProtKB""}]","[{""database"":""ChEBI"",""id"":""CHEBI:58937""}]"
P16387,ODPA_YEAST,231,2,2026-06-10,Binding site,,218,218,EXACT,EXACT,False,,pyruvate,ChEBI:CHEBI:15361,,,ECO:0000250,UniProtKB,P08559,"[{""evidenceCode"":""ECO:0000250"",""id"":""P08559"",""source"":""UniProtKB""}]","[{""database"":""ChEBI"",""id"":""CHEBI:15361""}]"
P16387,ODPA_YEAST,231,2,2026-06-10,Binding site,,218,218,EXACT,EXACT,False,,thiamine diphosphate,ChEBI:CHEBI:58937,,,ECO:0000250,UniProtKB,P08559,"[{""evidenceCode"":""ECO:0000250"",""id"":""P08559"",""source"":""UniProtKB""}]","[{""database"":""ChEBI"",""id"":""CHEBI:58937""}]"
P16387,ODPA_YEAST,231,2,2026-06-10,Binding site,,245,245,EXACT,EXACT,False,,Mg(2+),ChEBI:CHEBI:18420,,,ECO:0000250,UniProtKB,P08559,"[{""evidenceCode"":""ECO:0000250"",""id"":""P08559"",""source"":""UniProtKB""}]","[{""database"":""ChEBI"",""id"":""CHEBI:18420""}]"
P16387,ODPA_YEAST,231,2,2026-06-10,Binding site,,245,245,EXACT,EXACT,False,,pyruvate,ChEBI:CHEBI:15361,,,ECO:0000250,UniProtKB,P08559,"[{""evidenceCode"":""ECO:0000250"",""id"":""P08559"",""source"":""UniProtKB""}]","[{""database"":""ChEBI"",""id"":""CHEBI:15361""}]"
P16387,ODPA_YEAST,231,2,2026-06-10,Binding site,,245,245,EXACT,EXACT,False,,thiamine diphosphate,ChEBI:CHEBI:58937,,,ECO:0000250,UniProtKB,P08559,"[{""evidenceCode"":""ECO:0000250"",""id"":""P08559"",""source"":""UniProtKB""}]","[{""database"":""ChEBI"",""id"":""CHEBI:58937""}]"
P16387,ODPA_YEAST,231,2,2026-06-10,Binding site,,247,247,EXACT,EXACT,False,,Mg(2+),ChEBI:CHEBI:18420,,,ECO:0000250,UniProtKB,P08559,"[{""evidenceCode"":""ECO:0000250"",""id"":""P08559"",""source"":""UniProtKB""}]","[{""database"":""ChEBI"",""id"":""CHEBI:18420""}]"
P16387,ODPA_YEAST,231,2,2026-06-10,Binding site,,247,247,EXACT,EXACT,False,,pyruvate,ChEBI:CHEBI:15361,,,ECO:0000250,UniProtKB,P08559,"[{""evidenceCode"":""ECO:0000250"",""id"":""P08559"",""source"":""UniProtKB""}]","[{""database"":""ChEBI"",""id"":""CHEBI:15361""}]"
P16387,ODPA_YEAST,231,2,2026-06-10,Binding site,,312,312,EXACT,EXACT,False,,thiamine diphosphate,ChEBI:CHEBI:58937,,,ECO:0000250,UniProtKB,P08559,"[{""evidenceCode"":""ECO:0000250"",""id"":""P08559"",""source"":""UniProtKB""}]","[{""database"":""ChEBI"",""id"":""CHEBI:58937""}]"
P20449,DBP5_YEAST,226,2,2026-06-10,Binding site,,138,145,EXACT,EXACT,True,,ATP,ChEBI:CHEBI:30616,,,ECO:0000255,PROSITE-ProRule,PRU00541,"[{""evidenceCode"":""ECO:0000255"",""id"":""PRU00541"",""source"":""PROSITE-ProRule""}]","[{""database"":""ChEBI"",""id"":""CHEBI:30616""}]"
P22204,DBF2_YEAST,224,3,2026-06-10,Active site,,300,300,EXACT,EXACT,False,Proton acceptor,,,,,ECO:0000255,PROSITE-ProRule,PRU00159;PRU10027,"[{""evidenceCode"":""ECO:0000255"",""id"":""PRU00159"",""source"":""PROSITE-ProRule""},{""evidenceCode"":""ECO:0000255"",""id"":""PRU10027"",""source"":""PROSITE-ProRule""}]",[]
P22204,DBF2_YEAST,224,3,2026-06-10,Binding site,,183,191,EXACT,EXACT,True,,ATP,ChEBI:CHEBI:30616,,,ECO:0000255,PROSITE-ProRule,PRU00159,"[{""evidenceCode"":""ECO:0000255"",""id"":""PRU00159"",""source"":""PROSITE-ProRule""}]","[{""database"":""ChEBI"",""id"":""CHEBI:30616""}]"
P22204,DBF2_YEAST,224,3,2026-06-10,Binding site,,206,206,EXACT,EXACT,False,,ATP,ChEBI:CHEBI:30616,,,ECO:0000255,PROSITE-ProRule,PRU00159,"[{""evidenceCode"":""ECO:0000255"",""id"":""PRU00159"",""source"":""PROSITE-ProRule""}]","[{""database"":""ChEBI"",""id"":""CHEBI:30616""}]"
P23561,STE11_YEAST,229,3,2026-06-10,Active site,,579,579,EXACT,EXACT,False,Proton acceptor,,,,,ECO:0000255,PROSITE-ProRule,PRU00159;PRU10027,"[{""evidenceCode"":""ECO:0000255"",""id"":""PRU00159"",""source"":""PROSITE-ProRule""},{""evidenceCode"":""ECO:0000255"",""id"":""PRU10027"",""source"":""PROSITE-ProRule""}]",[]
P23561,STE11_YEAST,229,3,2026-06-10,Binding site,,421,429,EXACT,EXACT,True,,ATP,ChEBI:CHEBI:30616,,,ECO:0000255,PROSITE-ProRule,PRU00159,"[{""evidenceCode"":""ECO:0000255"",""id"":""PRU00159"",""source"":""PROSITE-ProRule""}]","[{""database"":""ChEBI"",""id"":""CHEBI:30616""}]"
P23561,STE11_YEAST,229,3,2026-06-10,Binding site,,444,444,EXACT,EXACT,False,,ATP,ChEBI:CHEBI:30616,,,ECO:0000255,PROSITE-ProRule,PRU00159,"[{""evidenceCode"":""ECO:0000255"",""id"":""PRU00159"",""source"":""PROSITE-ProRule""}]","[{""database"":""ChEBI"",""id"":""CHEBI:30616""}]"
P25037,UBP1_YEAST,193,2,2026-06-10,Active site,,110,110,EXACT,EXACT,False,Nucleophile,,,,,ECO:0000255,PROSITE-ProRule,PRU10092;PRU10093,"[{""evidenceCode"":""ECO:0000255"",""id"":""PRU10092"",""source"":""PROSITE-ProRule""},{""evidenceCode"":""ECO:0000255"",""id"":""PRU10093"",""source"":""PROSITE-ProRule""}]",[]
P25037,UBP1_YEAST,193,2,2026-06-10,Active site,,697,697,EXACT,EXACT,False,Proton acceptor,,,,,ECO:0000255,PROSITE-ProRule,PRU10092;PRU10093,"[{""evidenceCode"":""ECO:0000255"",""id"":""PRU10092"",""source"":""PROSITE-ProRule""},{""evidenceCode"":""ECO:0000255"",""id"":""PRU10093"",""source"":""PROSITE-ProRule""}]",[]
P12683,HMDH1_YEAST,230,1,2026-06-10,Active site,,714,714,EXACT,EXACT,False,Charge relay system,,,,,ECO:0000250,UniProtKB,P04035,"[{""evidenceCode"":""ECO:0000250"",""id"":""P04035"",""source"":""UniProtKB""}]",[]
P12683,HMDH1_YEAST,230,1,2026-06-10,Active site,,848,848,EXACT,EXACT,False,Charge relay system,,,,,ECO:0000250,UniProtKB,P04035,"[{""evidenceCode"":""ECO:0000250"",""id"":""P04035"",""source"":""UniProtKB""}]",[]
P12683,HMDH1_YEAST,230,1,2026-06-10,Active site,,924,924,EXACT,EXACT,False,Charge relay system,,,,,ECO:0000250,UniProtKB,P04035,"[{""evidenceCode"":""ECO:0000250"",""id"":""P04035"",""source"":""UniProtKB""}]",[]
P12683,HMDH1_YEAST,230,1,2026-06-10,Active site,,1020,1020,EXACT,EXACT,False,Proton donor,,,,,ECO:0000255,PROSITE-ProRule,PRU10003,"[{""evidenceCode"":""ECO:0000255"",""id"":""PRU10003"",""source"":""PROSITE-ProRule""}]",[]
P12683,HMDH1_YEAST,230,1,2026-06-10,Binding site,,720,726,EXACT,EXACT,True,,CoA,ChEBI:CHEBI:57287,,,ECO:0000250,UniProtKB,P04035,"[{""evidenceCode"":""ECO:0000250"",""id"":""P04035"",""source"":""UniProtKB""}]","[{""database"":""ChEBI"",""id"":""CHEBI:57287""}]"
P12683,HMDH1_YEAST,230,1,2026-06-10,Binding site,,781,783,EXACT,EXACT,True,,NADP(+),ChEBI:CHEBI:58349,,,ECO:0000250,UniProtKB,P04035,"[{""evidenceCode"":""ECO:0000250"",""id"":""P04035"",""source"":""UniProtKB""}]","[{""database"":""ChEBI"",""id"":""CHEBI:58349""}]"
P12683,HMDH1_YEAST,230,1,2026-06-10,Binding site,,808,816,EXACT,EXACT,True,,NADP(+),ChEBI:CHEBI:58349,,,ECO:0000250,UniProtKB,P04035,"[{""evidenceCode"":""ECO:0000250"",""id"":""P04035"",""source"":""UniProtKB""}]","[{""database"":""ChEBI"",""id"":""CHEBI:58349""}]"
P12683,HMDH1_YEAST,230,1,2026-06-10,Binding site,,877,879,EXACT,EXACT,True,,CoA,ChEBI:CHEBI:57287,,,ECO:0000250,UniProtKB,P04035,"[{""evidenceCode"":""ECO:0000250"",""id"":""P04035"",""source"":""UniProtKB""}]","[{""database"":""ChEBI"",""id"":""CHEBI:57287""}]"
P12683,HMDH1_YEAST,230,1,2026-06-10,Binding site,,1019,1020,EXACT,EXACT,True,,CoA,ChEBI:CHEBI:57287,,,ECO:0000250,UniProtKB,P04035,"[{""evidenceCode"":""ECO:0000250"",""id"":""P04035"",""source"":""UniProtKB""}]","[{""database"":""ChEBI"",""id"":""CHEBI:57287""}]"
P12683,HMDH1_YEAST,230,1,2026-06-10,Binding site,,1024,1025,EXACT,EXACT,True,,NADP(+),ChEBI:CHEBI:58349,,,ECO:0000250,UniProtKB,P04035,"[{""evidenceCode"":""ECO:0000250"",""id"":""P04035"",""source"":""UniProtKB""}]","[{""database"":""ChEBI"",""id"":""CHEBI:58349""}]"
P11792,SCH9_YEAST,230,3,2026-06-10,Active site,,538,538,EXACT,EXACT,False,Proton acceptor,,,,,ECO:0000255,PROSITE-ProRule,PRU00159;PRU10027,"[{""evidenceCode"":""ECO:0000255"",""id"":""PRU00159"",""source"":""PROSITE-ProRule""},{""evidenceCode"":""ECO:0000255"",""id"":""PRU10027"",""source"":""PROSITE-ProRule""}]",[]
P11792,SCH9_YEAST,230,3,2026-06-10,Binding site,,418,426,EXACT,EXACT,True,,ATP,ChEBI:CHEBI:30616,,,ECO:0000255,PROSITE-ProRule,PRU00159,"[{""evidenceCode"":""ECO:0000255"",""id"":""PRU00159"",""source"":""PROSITE-ProRule""}]","[{""database"":""ChEBI"",""id"":""CHEBI:30616""}]"
P11792,SCH9_YEAST,230,3,2026-06-10,Binding site,,441,441,EXACT,EXACT,False,,ATP,ChEBI:CHEBI:30616,,,ECO:0000255,PROSITE-ProRule,PRU00159,"[{""evidenceCode"":""ECO:0000255"",""id"":""PRU00159"",""source"":""PROSITE-ProRule""}]","[{""database"":""ChEBI"",""id"":""CHEBI:30616""}]"
P12684,HMDH2_YEAST,216,1,2026-06-10,Active site,,710,710,EXACT,EXACT,False,Charge relay system,,,,,ECO:0000250,UniProtKB,P04035,"[{""evidenceCode"":""ECO:0000250"",""id"":""P04035"",""source"":""UniProtKB""}]",[]
P12684,HMDH2_YEAST,216,1,2026-06-10,Active site,,844,844,EXACT,EXACT,False,Charge relay system,,,,,ECO:0000250,UniProtKB,P04035,"[{""evidenceCode"":""ECO:0000250"",""id"":""P04035"",""source"":""UniProtKB""}]",[]
P12684,HMDH2_YEAST,216,1,2026-06-10,Active site,,920,920,EXACT,EXACT,False,Charge relay system,,,,,ECO:0000250,UniProtKB,P04035,"[{""evidenceCode"":""ECO:0000250"",""id"":""P04035"",""source"":""UniProtKB""}]",[]
P12684,HMDH2_YEAST,216,1,2026-06-10,Active site,,1016,1016,EXACT,EXACT,False,Proton donor,,,,,ECO:0000255,PROSITE-ProRule,PRU10003,"[{""evidenceCode"":""ECO:0000255"",""id"":""PRU10003"",""source"":""PROSITE-ProRule""}]",[]
P12684,HMDH2_YEAST,216,1,2026-06-10,Binding site,,716,722,EXACT,EXACT,True,,CoA,ChEBI:CHEBI:57287,,,ECO:0000250,UniProtKB,P04035,"[{""evidenceCode"":""ECO:0000250"",""id"":""P04035"",""source"":""UniProtKB""}]","[{""database"":""ChEBI"",""id"":""CHEBI:57287""}]"
P12684,HMDH2_YEAST,216,1,2026-06-10,Binding site,,777,779,EXACT,EXACT,True,,NADP(+),ChEBI:CHEBI:58349,,,ECO:0000250,UniProtKB,P04035,"[{""evidenceCode"":""ECO:0000250"",""id"":""P04035"",""source"":""UniProtKB""}]","[{""database"":""ChEBI"",""id"":""CHEBI:58349""}]"
P12684,HMDH2_YEAST,216,1,2026-06-10,Binding site,,804,812,EXACT,EXACT,True,,NADP(+),ChEBI:CHEBI:58349,,,ECO:0000250,UniProtKB,P04035,"[{""evidenceCode"":""ECO:0000250"",""id"":""P04035"",""source"":""UniProtKB""}]","[{""database"":""ChEBI"",""id"":""CHEBI:58349""}]"
P12684,HMDH2_YEAST,216,1,2026-06-10,Binding site,,873,875,EXACT,EXACT,True,,CoA,ChEBI:CHEBI:57287,,,ECO:0000250,UniProtKB,P04035,"[{""evidenceCode"":""ECO:0000250"",""id"":""P04035"",""source"":""UniProtKB""}]","[{""database"":""ChEBI"",""id"":""CHEBI:57287""}]"
P12684,HMDH2_YEAST,216,1,2026-06-10,Binding site,,1015,1016,EXACT,EXACT,True,,CoA,ChEBI:CHEBI:57287,,,ECO:0000250,UniProtKB,P04035,"[{""evidenceCode"":""ECO:0000250"",""id"":""P04035"",""source"":""UniProtKB""}]","[{""database"":""ChEBI"",""id"":""CHEBI:57287""}]"
P12684,HMDH2_YEAST,216,1,2026-06-10,Binding site,,1020,1021,EXACT,EXACT,True,,NADP(+),ChEBI:CHEBI:58349,,,ECO:0000250,UniProtKB,P04035,"[{""evidenceCode"":""ECO:0000250"",""id"":""P04035"",""source"":""UniProtKB""}]","[{""database"":""ChEBI"",""id"":""CHEBI:58349""}]"
P12688,YPK1_YEAST,238,2,2026-06-10,Active site,,470,470,EXACT,EXACT,False,Proton acceptor,,,,,ECO:0000255,PROSITE-ProRule,PRU00159;PRU10027,"[{""evidenceCode"":""ECO:0000255"",""id"":""PRU00159"",""source"":""PROSITE-ProRule""},{""evidenceCode"":""ECO:0000255"",""id"":""PRU10027"",""source"":""PROSITE-ProRule""}]",[]
P12688,YPK1_YEAST,238,2,2026-06-10,Binding site,,353,361,EXACT,EXACT,True,,ATP,ChEBI:CHEBI:30616,,,ECO:0000255,PROSITE-ProRule,PRU00159,"[{""evidenceCode"":""ECO:0000255"",""id"":""PRU00159"",""source"":""PROSITE-ProRule""}]","[{""database"":""ChEBI"",""id"":""CHEBI:30616""}]"
P12688,YPK1_YEAST,238,2,2026-06-10,Binding site,,376,376,EXACT,EXACT,False,,ATP,ChEBI:CHEBI:30616,,,ECO:0000255,PROSITE-ProRule,PRU00159,"[{""evidenceCode"":""ECO:0000255"",""id"":""PRU00159"",""source"":""PROSITE-ProRule""}]","[{""database"":""ChEBI"",""id"":""CHEBI:30616""}]"
P16140,VATB_YEAST,241,2,2026-06-10,Binding site,,381,381,EXACT,EXACT,False,,ATP,ChEBI:CHEBI:30616,,,ECO:0000250,UniProtKB,P21281,"[{""evidenceCode"":""ECO:0000250"",""id"":""P21281"",""source"":""UniProtKB""}]","[{""database"":""ChEBI"",""id"":""CHEBI:30616""}]"
P00924,ENO1_YEAST,249,3,2026-06-10,Active site,,212,212,EXACT,EXACT,False,Proton donor,,,,,ECO:0000269,PubMed,12846578,"[{""evidenceCode"":""ECO:0000269"",""id"":""12846578"",""source"":""PubMed""}]",[]
P00924,ENO1_YEAST,249,3,2026-06-10,Active site,,346,346,EXACT,EXACT,False,Proton acceptor,,,,,ECO:0000269,PubMed,12846578;8634301,"[{""evidenceCode"":""ECO:0000269"",""id"":""12846578"",""source"":""PubMed""},{""evidenceCode"":""ECO:0000269"",""id"":""8634301"",""source"":""PubMed""}]",[]
P00924,ENO1_YEAST,249,3,2026-06-10,Binding site,,160,160,EXACT,EXACT,False,,substrate,,,,ECO:0000269,PubMed,8605183;9376357,"[{""evidenceCode"":""ECO:0000269"",""id"":""8605183"",""source"":""PubMed""},{""evidenceCode"":""ECO:0000269"",""id"":""9376357"",""source"":""PubMed""}]",[]
P00924,ENO1_YEAST,249,3,2026-06-10,Binding site,,169,169,EXACT,EXACT,False,,substrate,,,,ECO:0000269,PubMed,8605183;9376357,"[{""evidenceCode"":""ECO:0000269"",""id"":""8605183"",""source"":""PubMed""},{""evidenceCode"":""ECO:0000269"",""id"":""9376357"",""source"":""PubMed""}]",[]
P00924,ENO1_YEAST,249,3,2026-06-10,Binding site,,247,247,EXACT,EXACT,False,,Mg(2+),ChEBI:CHEBI:18420,,,ECO:0000269,PubMed,8605183,"[{""evidenceCode"":""ECO:0000269"",""id"":""8605183"",""source"":""PubMed""}]","[{""database"":""ChEBI"",""id"":""CHEBI:18420""}]"
P00924,ENO1_YEAST,249,3,2026-06-10,Binding site,,296,296,EXACT,EXACT,False,,Mg(2+),ChEBI:CHEBI:18420,,,ECO:0000269,PubMed,8605183,"[{""evidenceCode"":""ECO:0000269"",""id"":""8605183"",""source"":""PubMed""}]","[{""database"":""ChEBI"",""id"":""CHEBI:18420""}]"
P00924,ENO1_YEAST,249,3,2026-06-10,Binding site,,296,296,EXACT,EXACT,False,,substrate,,,,ECO:0000269,PubMed,8605183;9376357,"[{""evidenceCode"":""ECO:0000269"",""id"":""8605183"",""source"":""PubMed""},{""evidenceCode"":""ECO:0000269"",""id"":""9376357"",""source"":""PubMed""}]",[]
P00924,ENO1_YEAST,249,3,2026-06-10,Binding site,,321,321,EXACT,EXACT,False,,Mg(2+),ChEBI:CHEBI:18420,,,ECO:0000269,PubMed,8605183,"[{""evidenceCode"":""ECO:0000269"",""id"":""8605183"",""source"":""PubMed""}]","[{""database"":""ChEBI"",""id"":""CHEBI:18420""}]"
P00924,ENO1_YEAST,249,3,2026-06-10,Binding site,,321,321,EXACT,EXACT,False,,substrate,,,,ECO:0000269,PubMed,8605183;9376357,"[{""evidenceCode"":""ECO:0000269"",""id"":""8605183"",""source"":""PubMed""},{""evidenceCode"":""ECO:0000269"",""id"":""9376357"",""source"":""PubMed""}]",[]
P00924,ENO1_YEAST,249,3,2026-06-10,Binding site,,373,376,EXACT,EXACT,True,,substrate,,,,ECO:0000269,PubMed,12054465;8605183;9376357,"[{""evidenceCode"":""ECO:0000269"",""id"":""12054465"",""source"":""PubMed""},{""evidenceCode"":""ECO:0000269"",""id"":""8605183"",""source"":""PubMed""},{""evidenceCode"":""ECO:0000269"",""id"":""9376357"",""source"":""PubMed""}]",[]
P00924,ENO1_YEAST,249,3,2026-06-10,Binding site,,397,397,EXACT,EXACT,False,,substrate,,,,ECO:0000269,PubMed,8605183;9376357,"[{""evidenceCode"":""ECO:0000269"",""id"":""8605183"",""source"":""PubMed""},{""evidenceCode"":""ECO:0000269"",""id"":""9376357"",""source"":""PubMed""}]",[]
P11986,INO1_YEAST,206,3,2026-06-10,Binding site,,74,74,EXACT,EXACT,False,,NAD(+),ChEBI:CHEBI:57540,,,ECO:0000269;ECO:0007744,PDB;PubMed,11779862;12836703;1JKF;1LA2,"[{""evidenceCode"":""ECO:0000269"",""id"":""11779862"",""source"":""PubMed""},{""evidenceCode"":""ECO:0000269"",""id"":""12836703"",""source"":""PubMed""},{""evidenceCode"":""ECO:0007744"",""id"":""1JKF"",""source"":""PDB""},{""evidenceCode"":""ECO:0007744"",""id"":""1LA2"",""source"":""PDB""}]","[{""database"":""ChEBI"",""id"":""CHEBI:57540""}]"
P11986,INO1_YEAST,206,3,2026-06-10,Binding site,,75,75,EXACT,EXACT,False,,NAD(+),ChEBI:CHEBI:57540,,,ECO:0000269;ECO:0007744,PDB;PubMed,11779862;12832758;12836703;14684747;1JKF;1LA2;1P1H;1P1I;1P1J;1RM0,"[{""evidenceCode"":""ECO:0000269"",""id"":""11779862"",""source"":""PubMed""},{""evidenceCode"":""ECO:0000269"",""id"":""12832758"",""source"":""PubMed""},{""evidenceCode"":""ECO:0000269"",""id"":""12836703"",""source"":""PubMed""},{""evidenceCode"":""ECO:0000269"",""id"":""14684747"",""source"":""PubMed""},{""evidenceCode"":""ECO:0007744"",""id"":""1JKF"",""source"":""PDB""},{""evidenceCode"":""ECO:0007744"",""id"":""1LA2"",""source"":""PDB""},{""evidenceCode"":""ECO:0007744"",""id"":""1P1H"",""source"":""PDB""},{""evidenceCode"":""ECO:0007744"",""id"":""1P1I"",""source"":""PDB""},{""evidenceCode"":""ECO:0007744"",""id"":""1P1J"",""source"":""PDB""},{""evidenceCode"":""ECO:0007744"",""id"":""1RM0"",""source"":""PDB""}]","[{""database"":""ChEBI"",""id"":""CHEBI:57540""}]"
P11986,INO1_YEAST,206,3,2026-06-10,Binding site,,76,76,EXACT,EXACT,False,,NAD(+),ChEBI:CHEBI:57540,,,ECO:0000269;ECO:0007744,PDB;PubMed,11779862;12832758;12836703;14684747;1JKF;1JKI;1LA2;1P1H;1P1I;1P1J;1P1K;1RM0,"[{""evidenceCode"":""ECO:0000269"",""id"":""11779862"",""source"":""PubMed""},{""evidenceCode"":""ECO:0000269"",""id"":""12832758"",""source"":""PubMed""},{""evidenceCode"":""ECO:0000269"",""id"":""12836703"",""source"":""PubMed""},{""evidenceCode"":""ECO:0000269"",""id"":""14684747"",""source"":""PubMed""},{""evidenceCode"":""ECO:0007744"",""id"":""1JKF"",""source"":""PDB""},{""evidenceCode"":""ECO:0007744"",""id"":""1JKI"",""source"":""PDB""},{""evidenceCode"":""ECO:0007744"",""id"":""1LA2"",""source"":""PDB""},{""evidenceCode"":""ECO:0007744"",""id"":""1P1H"",""source"":""PDB""},{""evidenceCode"":""ECO:0007744"",""id"":""1P1I"",""source"":""PDB""},{""evidenceCode"":""ECO:0007744"",""id"":""1P1J"",""source"":""PDB""},{""evidenceCode"":""ECO:0007744"",""id"":""1P1K"",""source"":""PDB""},{""evidenceCode"":""ECO:0007744"",""id"":""1RM0"",""source"":""PDB""}]","[{""database"":""ChEBI"",""id"":""CHEBI:57540""}]"
P11986,INO1_YEAST,206,3,2026-06-10,Binding site,,77,77,EXACT,EXACT,False,,NAD(+),ChEBI:CHEBI:57540,,,ECO:0000269;ECO:0007744,PDB;PubMed,11779862;12832758;12836703;14684747;1JKF;1JKI;1LA2;1P1H;1P1I;1P1J;1P1K;1RM0,"[{""evidenceCode"":""ECO:0000269"",""id"":""11779862"",""source"":""PubMed""},{""evidenceCode"":""ECO:0000269"",""id"":""12832758"",""source"":""PubMed""},{""evidenceCode"":""ECO:0000269"",""id"":""12836703"",""source"":""PubMed""},{""evidenceCode"":""ECO:0000269"",""id"":""14684747"",""source"":""PubMed""},{""evidenceCode"":""ECO:0007744"",""id"":""1JKF"",""source"":""PDB""},{""evidenceCode"":""ECO:0007744"",""id"":""1JKI"",""source"":""PDB""},{""evidenceCode"":""ECO:0007744"",""id"":""1LA2"",""source"":""PDB""},{""evidenceCode"":""ECO:0007744"",""id"":""1P1H"",""source"":""PDB""},{""evidenceCode"":""ECO:0007744"",""id"":""1P1I"",""source"":""PDB""},{""evidenceCode"":""ECO:0007744"",""id"":""1P1J"",""source"":""PDB""},{""evidenceCode"":""ECO:0007744"",""id"":""1P1K"",""source"":""PDB""},{""evidenceCode"":""ECO:0007744"",""id"":""1RM0"",""source"":""PDB""}]","[{""database"":""ChEBI"",""id"":""CHEBI:57540""}]"
P11986,INO1_YEAST,206,3,2026-06-10,Binding site,,148,148,EXACT,EXACT,False,,NAD(+),ChEBI:CHEBI:57540,,,ECO:0000269;ECO:0007744,PDB;PubMed,11779862;12832758;12836703;14684747;1JKF;1JKI;1LA2;1P1H;1P1I;1P1J;1P1K;1RM0,"[{""evidenceCode"":""ECO:0000269"",""id"":""11779862"",""source"":""PubMed""},{""evidenceCode"":""ECO:0000269"",""id"":""12832758"",""source"":""PubMed""},{""evidenceCode"":""ECO:0000269"",""id"":""12836703"",""source"":""PubMed""},{""evidenceCode"":""ECO:0000269"",""id"":""14684747"",""source"":""PubMed""},{""evidenceCode"":""ECO:0007744"",""id"":""1JKF"",""source"":""PDB""},{""evidenceCode"":""ECO:0007744"",""id"":""1JKI"",""source"":""PDB""},{""evidenceCode"":""ECO:0007744"",""id"":""1LA2"",""source"":""PDB""},{""evidenceCode"":""ECO:0007744"",""id"":""1P1H"",""source"":""PDB""},{""evidenceCode"":""ECO:0007744"",""id"":""1P1I"",""source"":""PDB""},{""evidenceCode"":""ECO:0007744"",""id"":""1P1J"",""source"":""PDB""},{""evidenceCode"":""ECO:0007744"",""id"":""1P1K"",""source"":""PDB""},{""evidenceCode"":""ECO:0007744"",""id"":""1RM0"",""source"":""PDB""}]","[{""database"":""ChEBI"",""id"":""CHEBI:57540""}]"
P11986,INO1_YEAST,206,3,2026-06-10,Binding site,,184,184,EXACT,EXACT,False,,NAD(+),ChEBI:CHEBI:57540,,,ECO:0000269;ECO:0007744,PDB;PubMed,11779862;12832758;14684747;1JKF;1JKI;1LA2;1P1H;1P1I;1P1J;1P1K;1RM0,"[{""evidenceCode"":""ECO:0000269"",""id"":""11779862"",""source"":""PubMed""},{""evidenceCode"":""ECO:0000269"",""id"":""12832758"",""source"":""PubMed""},{""evidenceCode"":""ECO:0000269"",""id"":""14684747"",""source"":""PubMed""},{""evidenceCode"":""ECO:0007744"",""id"":""1JKF"",""source"":""PDB""},{""evidenceCode"":""ECO:0007744"",""id"":""1JKI"",""source"":""PDB""},{""evidenceCode"":""ECO:0007744"",""id"":""1LA2"",""source"":""PDB""},{""evidenceCode"":""ECO:0007744"",""id"":""1P1H"",""source"":""PDB""},{""evidenceCode"":""ECO:0007744"",""id"":""1P1I"",""source"":""PDB""},{""evidenceCode"":""ECO:0007744"",""id"":""1P1J"",""source"":""PDB""},{""evidenceCode"":""ECO:0007744"",""id"":""1P1K"",""source"":""PDB""},{""evidenceCode"":""ECO:0007744"",""id"":""1RM0"",""source"":""PDB""}]","[{""database"":""ChEBI"",""id"":""CHEBI:57540""}]"
P11986,INO1_YEAST,206,3,2026-06-10,Binding site,,185,185,EXACT,EXACT,False,,NAD(+),ChEBI:CHEBI:57540,,,ECO:0000269;ECO:0007744,PDB;PubMed,12832758;12836703;14684747;1JKI;1LA2;1P1H;1P1I;1P1J;1P1K;1RM0,"[{""evidenceCode"":""ECO:0000269"",""id"":""12832758"",""source"":""PubMed""},{""evidenceCode"":""ECO:0000269"",""id"":""12836703"",""source"":""PubMed""},{""evidenceCode"":""ECO:0000269"",""id"":""14684747"",""source"":""PubMed""},{""evidenceCode"":""ECO:0007744"",""id"":""1JKI"",""source"":""PDB""},{""evidenceCode"":""ECO:0007744"",""id"":""1LA2"",""source"":""PDB""},{""evidenceCode"":""ECO:0007744"",""id"":""1P1H"",""source"":""PDB""},{""evidenceCode"":""ECO:0007744"",""id"":""1P1I"",""source"":""PDB""},{""evidenceCode"":""ECO:0007744"",""id"":""1P1J"",""source"":""PDB""},{""evidenceCode"":""ECO:0007744"",""id"":""1P1K"",""source"":""PDB""},{""evidenceCode"":""ECO:0007744"",""id"":""1RM0"",""source"":""PDB""}]","[{""database"":""ChEBI"",""id"":""CHEBI:57540""}]"
P11986,INO1_YEAST,206,3,2026-06-10,Binding site,,195,195,EXACT,EXACT,False,,NAD(+),ChEBI:CHEBI:57540,,,ECO:0000269;ECO:0007744,PDB;PubMed,11779862;1JKF,"[{""evidenceCode"":""ECO:0000269"",""id"":""11779862"",""source"":""PubMed""},{""evidenceCode"":""ECO:0007744"",""id"":""1JKF"",""source"":""PDB""}]","[{""database"":""ChEBI"",""id"":""CHEBI:57540""}]"
P11986,INO1_YEAST,206,3,2026-06-10,Binding site,,196,196,EXACT,EXACT,False,,NAD(+),ChEBI:CHEBI:57540,,,ECO:0000269;ECO:0007744,PDB;PubMed,11779862;1JKF,"[{""evidenceCode"":""ECO:0000269"",""id"":""11779862"",""source"":""PubMed""},{""evidenceCode"":""ECO:0007744"",""id"":""1JKF"",""source"":""PDB""}]","[{""database"":""ChEBI"",""id"":""CHEBI:57540""}]"
P11986,INO1_YEAST,206,3,2026-06-10,Binding site,,198,198,EXACT,EXACT,False,,NAD(+),ChEBI:CHEBI:57540,,,ECO:0000269;ECO:0007744,PDB;PubMed,12832758;12836703;14684747;1JKI;1LA2;1P1H;1P1I;1P1J;1P1K;1RM0,"[{""evidenceCode"":""ECO:0000269"",""id"":""12832758"",""source"":""PubMed""},{""evidenceCode"":""ECO:0000269"",""id"":""12836703"",""source"":""PubMed""},{""evidenceCode"":""ECO:0000269"",""id"":""14684747"",""source"":""PubMed""},{""evidenceCode"":""ECO:0007744"",""id"":""1JKI"",""source"":""PDB""},{""evidenceCode"":""ECO:0007744"",""id"":""1LA2"",""source"":""PDB""},{""evidenceCode"":""ECO:0007744"",""id"":""1P1H"",""source"":""PDB""},{""evidenceCode"":""ECO:0007744"",""id"":""1P1I"",""source"":""PDB""},{""evidenceCode"":""ECO:0007744"",""id"":""1P1J"",""source"":""PDB""},{""evidenceCode"":""ECO:0007744"",""id"":""1P1K"",""source"":""PDB""},{""evidenceCode"":""ECO:0007744"",""id"":""1RM0"",""source"":""PDB""}]","[{""database"":""ChEBI"",""id"":""CHEBI:57540""}]"
P11986,INO1_YEAST,206,3,2026-06-10,Binding site,,244,244,EXACT,EXACT,False,,NAD(+),ChEBI:CHEBI:57540,,,ECO:0000269;ECO:0007744,PDB;PubMed,12836703;1LA2,"[{""evidenceCode"":""ECO:0000269"",""id"":""12836703"",""source"":""PubMed""},{""evidenceCode"":""ECO:0007744"",""id"":""1LA2"",""source"":""PDB""}]","[{""database"":""ChEBI"",""id"":""CHEBI:57540""}]"
P11986,INO1_YEAST,206,3,2026-06-10,Binding site,,245,245,EXACT,EXACT,False,,NAD(+),ChEBI:CHEBI:57540,,,ECO:0000269;ECO:0007744,PDB;PubMed,11779862;12832758;12836703;14684747;1JKF;1JKI;1LA2;1P1H;1P1I;1P1J;1P1K;1RM0,"[{""evidenceCode"":""ECO:0000269"",""id"":""11779862"",""source"":""PubMed""},{""evidenceCode"":""ECO:0000269"",""id"":""12832758"",""source"":""PubMed""},{""evidenceCode"":""ECO:0000269"",""id"":""12836703"",""source"":""PubMed""},{""evidenceCode"":""ECO:0000269"",""id"":""14684747"",""source"":""PubMed""},{""evidenceCode"":""ECO:0007744"",""id"":""1JKF"",""source"":""PDB""},{""evidenceCode"":""ECO:0007744"",""id"":""1JKI"",""source"":""PDB""},{""evidenceCode"":""ECO:0007744"",""id"":""1LA2"",""source"":""PDB""},{""evidenceCode"":""ECO:0007744"",""id"":""1P1H"",""source"":""PDB""},{""evidenceCode"":""ECO:0007744"",""id"":""1P1I"",""source"":""PDB""},{""evidenceCode"":""ECO:0007744"",""id"":""1P1J"",""source"":""PDB""},{""evidenceCode"":""ECO:0007744"",""id"":""1P1K"",""source"":""PDB""},{""evidenceCode"":""ECO:0007744"",""id"":""1RM0"",""source"":""PDB""}]","[{""database"":""ChEBI"",""id"":""CHEBI:57540""}]"
P11986,INO1_YEAST,206,3,2026-06-10,Binding site,,246,246,EXACT,EXACT,False,,NAD(+),ChEBI:CHEBI:57540,,,ECO:0000269;ECO:0007744,PDB;PubMed,11779862;12832758;14684747;1JKF;1JKI;1P1H;1P1I;1P1K;1RM0,"[{""evidenceCode"":""ECO:0000269"",""id"":""11779862"",""source"":""PubMed""},{""evidenceCode"":""ECO:0000269"",""id"":""12832758"",""source"":""PubMed""},{""evidenceCode"":""ECO:0000269"",""id"":""14684747"",""source"":""PubMed""},{""evidenceCode"":""ECO:0007744"",""id"":""1JKF"",""source"":""PDB""},{""evidenceCode"":""ECO:0007744"",""id"":""1JKI"",""source"":""PDB""},{""evidenceCode"":""ECO:0007744"",""id"":""1P1H"",""source"":""PDB""},{""evidenceCode"":""ECO:0007744"",""id"":""1P1I"",""source"":""PDB""},{""evidenceCode"":""ECO:0007744"",""id"":""1P1K"",""source"":""PDB""},{""evidenceCode"":""ECO:0007744"",""id"":""1RM0"",""source"":""PDB""}]","[{""database"":""ChEBI"",""id"":""CHEBI:57540""}]"
P11986,INO1_YEAST,206,3,2026-06-10,Binding site,,247,247,EXACT,EXACT,False,,NAD(+),ChEBI:CHEBI:57540,,,ECO:0000269;ECO:0007744,PDB;PubMed,11779862;12832758;12836703;14684747;1JKF;1JKI;1LA2;1P1H;1P1I;1P1J;1P1K;1RM0,"[{""evidenceCode"":""ECO:0000269"",""id"":""11779862"",""source"":""PubMed""},{""evidenceCode"":""ECO:0000269"",""id"":""12832758"",""source"":""PubMed""},{""evidenceCode"":""ECO:0000269"",""id"":""12836703"",""source"":""PubMed""},{""evidenceCode"":""ECO:0000269"",""id"":""14684747"",""source"":""PubMed""},{""evidenceCode"":""ECO:0007744"",""id"":""1JKF"",""source"":""PDB""},{""evidenceCode"":""ECO:0007744"",""id"":""1JKI"",""source"":""PDB""},{""evidenceCode"":""ECO:0007744"",""id"":""1LA2"",""source"":""PDB""},{""evidenceCode"":""ECO:0007744"",""id"":""1P1H"",""source"":""PDB""},{""evidenceCode"":""ECO:0007744"",""id"":""1P1I"",""source"":""PDB""},{""evidenceCode"":""ECO:0007744"",""id"":""1P1J"",""source"":""PDB""},{""evidenceCode"":""ECO:0007744"",""id"":""1P1K"",""source"":""PDB""},{""evidenceCode"":""ECO:0007744"",""id"":""1RM0"",""source"":""PDB""}]","[{""database"":""ChEBI"",""id"":""CHEBI:57540""}]"
P11986,INO1_YEAST,206,3,2026-06-10,Binding site,,295,295,EXACT,EXACT,False,,NAD(+),ChEBI:CHEBI:57540,,,ECO:0000269;ECO:0007744,PDB;PubMed,11779862;12832758;1JKI;1P1H,"[{""evidenceCode"":""ECO:0000269"",""id"":""11779862"",""source"":""PubMed""},{""evidenceCode"":""ECO:0000269"",""id"":""12832758"",""source"":""PubMed""},{""evidenceCode"":""ECO:0007744"",""id"":""1JKI"",""source"":""PDB""},{""evidenceCode"":""ECO:0007744"",""id"":""1P1H"",""source"":""PDB""}]","[{""database"":""ChEBI"",""id"":""CHEBI:57540""}]"
P11986,INO1_YEAST,206,3,2026-06-10,Binding site,,296,296,EXACT,EXACT,False,,NAD(+),ChEBI:CHEBI:57540,,,ECO:0000269;ECO:0007744,PDB;PubMed,11779862;12832758;12836703;14684747;1JKI;1LA2;1P1H;1P1I;1P1J;1P1K;1RM0,"[{""evidenceCode"":""ECO:0000269"",""id"":""11779862"",""source"":""PubMed""},{""evidenceCode"":""ECO:0000269"",""id"":""12832758"",""source"":""PubMed""},{""evidenceCode"":""ECO:0000269"",""id"":""12836703"",""source"":""PubMed""},{""evidenceCode"":""ECO:0000269"",""id"":""14684747"",""source"":""PubMed""},{""evidenceCode"":""ECO:0007744"",""id"":""1JKI"",""source"":""PDB""},{""evidenceCode"":""ECO:0007744"",""id"":""1LA2"",""source"":""PDB""},{""evidenceCode"":""ECO:0007744"",""id"":""1P1H"",""source"":""PDB""},{""evidenceCode"":""ECO:0007744"",""id"":""1P1I"",""source"":""PDB""},{""evidenceCode"":""ECO:0007744"",""id"":""1P1J"",""source"":""PDB""},{""evidenceCode"":""ECO:0007744"",""id"":""1P1K"",""source"":""PDB""},{""evidenceCode"":""ECO:0007744"",""id"":""1RM0"",""source"":""PDB""}]","[{""database"":""ChEBI"",""id"":""CHEBI:57540""}]"
P11986,INO1_YEAST,206,3,2026-06-10,Binding site,,320,320,EXACT,EXACT,False,,NAD(+),ChEBI:CHEBI:57540,,,ECO:0000269;ECO:0007744,PDB;PubMed,11779862;12832758;1JKF;1P1H,"[{""evidenceCode"":""ECO:0000269"",""id"":""11779862"",""source"":""PubMed""},{""evidenceCode"":""ECO:0000269"",""id"":""12832758"",""source"":""PubMed""},{""evidenceCode"":""ECO:0007744"",""id"":""1JKF"",""source"":""PDB""},{""evidenceCode"":""ECO:0007744"",""id"":""1P1H"",""source"":""PDB""}]","[{""database"":""ChEBI"",""id"":""CHEBI:57540""}]"
P11986,INO1_YEAST,206,3,2026-06-10,Binding site,,321,321,EXACT,EXACT,False,,NAD(+),ChEBI:CHEBI:57540,,,ECO:0000269;ECO:0007744,PDB;PubMed,11779862;1JKF,"[{""evidenceCode"":""ECO:0000269"",""id"":""11779862"",""source"":""PubMed""},{""evidenceCode"":""ECO:0007744"",""id"":""1JKF"",""source"":""PDB""}]","[{""database"":""ChEBI"",""id"":""CHEBI:57540""}]"
P11986,INO1_YEAST,206,3,2026-06-10,Binding site,,323,323,EXACT,EXACT,False,,NAD(+),ChEBI:CHEBI:57540,,,ECO:0000269;ECO:0007744,PDB;PubMed,11779862;12832758;1JKF;1P1J,"[{""evidenceCode"":""ECO:0000269"",""id"":""11779862"",""source"":""PubMed""},{""evidenceCode"":""ECO:0000269"",""id"":""12832758"",""source"":""PubMed""},{""evidenceCode"":""ECO:0007744"",""id"":""1JKF"",""source"":""PDB""},{""evidenceCode"":""ECO:0007744"",""id"":""1P1J"",""source"":""PDB""}]","[{""database"":""ChEBI"",""id"":""CHEBI:57540""}]"
P11986,INO1_YEAST,206,3,2026-06-10,Binding site,,354,354,EXACT,EXACT,False,,NAD(+),ChEBI:CHEBI:57540,,,ECO:0000269;ECO:0007744,PDB;PubMed,12832758;12836703;1LA2;1P1H,"[{""evidenceCode"":""ECO:0000269"",""id"":""12832758"",""source"":""PubMed""},{""evidenceCode"":""ECO:0000269"",""id"":""12836703"",""source"":""PubMed""},{""evidenceCode"":""ECO:0007744"",""id"":""1LA2"",""source"":""PDB""},{""evidenceCode"":""ECO:0007744"",""id"":""1P1H"",""source"":""PDB""}]","[{""database"":""ChEBI"",""id"":""CHEBI:57540""}]"
P11986,INO1_YEAST,206,3,2026-06-10,Binding site,,355,355,EXACT,EXACT,False,,NAD(+),ChEBI:CHEBI:57540,,,ECO:0000269;ECO:0007744,PDB;PubMed,11779862;12832758;12836703;14684747;1JKI;1LA2;1P1H;1P1I;1P1J;1P1K;1RM0,"[{""evidenceCode"":""ECO:0000269"",""id"":""11779862"",""source"":""PubMed""},{""evidenceCode"":""ECO:0000269"",""id"":""12832758"",""source"":""PubMed""},{""evidenceCode"":""ECO:0000269"",""id"":""12836703"",""source"":""PubMed""},{""evidenceCode"":""ECO:0000269"",""id"":""14684747"",""source"":""PubMed""},{""evidenceCode"":""ECO:0007744"",""id"":""1JKI"",""source"":""PDB""},{""evidenceCode"":""ECO:0007744"",""id"":""1LA2"",""source"":""PDB""},{""evidenceCode"":""ECO:0007744"",""id"":""1P1H"",""source"":""PDB""},{""evidenceCode"":""ECO:0007744"",""id"":""1P1I"",""source"":""PDB""},{""evidenceCode"":""ECO:0007744"",""id"":""1P1J"",""source"":""PDB""},{""evidenceCode"":""ECO:0007744"",""id"":""1P1K"",""source"":""PDB""},{""evidenceCode"":""ECO:0007744"",""id"":""1RM0"",""source"":""PDB""}]","[{""database"":""ChEBI"",""id"":""CHEBI:57540""}]"
P11986,INO1_YEAST,206,3,2026-06-10,Binding site,,356,356,EXACT,EXACT,False,,NAD(+),ChEBI:CHEBI:57540,,,ECO:0000269;ECO:0007744,PDB;PubMed,11779862;12832758;12836703;14684747;1JKI;1LA2;1P1H;1P1J;1P1K;1RM0,"[{""evidenceCode"":""ECO:0000269"",""id"":""11779862"",""source"":""PubMed""},{""evidenceCode"":""ECO:0000269"",""id"":""12832758"",""source"":""PubMed""},{""evidenceCode"":""ECO:0000269"",""id"":""12836703"",""source"":""PubMed""},{""evidenceCode"":""ECO:0000269"",""id"":""14684747"",""source"":""PubMed""},{""evidenceCode"":""ECO:0007744"",""id"":""1JKI"",""source"":""PDB""},{""evidenceCode"":""ECO:0007744"",""id"":""1LA2"",""source"":""PDB""},{""evidenceCode"":""ECO:0007744"",""id"":""1P1H"",""source"":""PDB""},{""evidenceCode"":""ECO:0007744"",""id"":""1P1J"",""source"":""PDB""},{""evidenceCode"":""ECO:0007744"",""id"":""1P1K"",""source"":""PDB""},{""evidenceCode"":""ECO:0007744"",""id"":""1RM0"",""source"":""PDB""}]","[{""database"":""ChEBI"",""id"":""CHEBI:57540""}]"
P11986,INO1_YEAST,206,3,2026-06-10,Binding site,,369,369,EXACT,EXACT,False,,NAD(+),ChEBI:CHEBI:57540,,,ECO:0000269;ECO:0007744,PDB;PubMed,12832758;14684747;1P1H;1P1J;1P1K;1RM0,"[{""evidenceCode"":""ECO:0000269"",""id"":""12832758"",""source"":""PubMed""},{""evidenceCode"":""ECO:0000269"",""id"":""14684747"",""source"":""PubMed""},{""evidenceCode"":""ECO:0007744"",""id"":""1P1H"",""source"":""PDB""},{""evidenceCode"":""ECO:0007744"",""id"":""1P1J"",""source"":""PDB""},{""evidenceCode"":""ECO:0007744"",""id"":""1P1K"",""source"":""PDB""},{""evidenceCode"":""ECO:0007744"",""id"":""1RM0"",""source"":""PDB""}]","[{""database"":""ChEBI"",""id"":""CHEBI:57540""}]"
P11986,INO1_YEAST,206,3,2026-06-10,Binding site,,409,409,EXACT,EXACT,False,,NAD(+),ChEBI:CHEBI:57540,,,ECO:0000269;ECO:0007744,PDB;PubMed,11779862;1JKF,"[{""evidenceCode"":""ECO:0000269"",""id"":""11779862"",""source"":""PubMed""},{""evidenceCode"":""ECO:0007744"",""id"":""1JKF"",""source"":""PDB""}]","[{""database"":""ChEBI"",""id"":""CHEBI:57540""}]"
P11986,INO1_YEAST,206,3,2026-06-10,Binding site,,410,410,EXACT,EXACT,False,,NAD(+),ChEBI:CHEBI:57540,,,ECO:0000269;ECO:0007744,PDB;PubMed,11779862;1JKI,"[{""evidenceCode"":""ECO:0000269"",""id"":""11779862"",""source"":""PubMed""},{""evidenceCode"":""ECO:0007744"",""id"":""1JKI"",""source"":""PDB""}]","[{""database"":""ChEBI"",""id"":""CHEBI:57540""}]"
P11986,INO1_YEAST,206,3,2026-06-10,Binding site,,438,438,EXACT,EXACT,False,,NAD(+),ChEBI:CHEBI:57540,,,ECO:0000269;ECO:0007744,PDB;PubMed,12832758;12836703;14684747;1LA2;1P1H;1P1J;1P1K;1RM0,"[{""evidenceCode"":""ECO:0000269"",""id"":""12832758"",""source"":""PubMed""},{""evidenceCode"":""ECO:0000269"",""id"":""12836703"",""source"":""PubMed""},{""evidenceCode"":""ECO:0000269"",""id"":""14684747"",""source"":""PubMed""},{""evidenceCode"":""ECO:0007744"",""id"":""1LA2"",""source"":""PDB""},{""evidenceCode"":""ECO:0007744"",""id"":""1P1H"",""source"":""PDB""},{""evidenceCode"":""ECO:0007744"",""id"":""1P1J"",""source"":""PDB""},{""evidenceCode"":""ECO:0007744"",""id"":""1P1K"",""source"":""PDB""},{""evidenceCode"":""ECO:0007744"",""id"":""1RM0"",""source"":""PDB""}]","[{""database"":""ChEBI"",""id"":""CHEBI:57540""}]"
P11986,INO1_YEAST,206,3,2026-06-10,Binding site,,439,439,EXACT,EXACT,False,,NAD(+),ChEBI:CHEBI:57540,,,ECO:0000269;ECO:0007744,PDB;PubMed,11779862;12832758;1JKI;1P1H;1P1K,"[{""evidenceCode"":""ECO:0000269"",""id"":""11779862"",""source"":""PubMed""},{""evidenceCode"":""ECO:0000269"",""id"":""12832758"",""source"":""PubMed""},{""evidenceCode"":""ECO:0007744"",""id"":""1JKI"",""source"":""PDB""},{""evidenceCode"":""ECO:0007744"",""id"":""1P1H"",""source"":""PDB""},{""evidenceCode"":""ECO:0007744"",""id"":""1P1K"",""source"":""PDB""}]","[{""database"":""ChEBI"",""id"":""CHEBI:57540""}]"
P13185,KIN1_YEAST,227,3,2026-06-10,Active site,,269,269,EXACT,EXACT,False,Proton acceptor,,,,,ECO:0000255,PROSITE-ProRule,PRU00159;PRU10027,"[{""evidenceCode"":""ECO:0000255"",""id"":""PRU00159"",""source"":""PROSITE-ProRule""},{""evidenceCode"":""ECO:0000255"",""id"":""PRU10027"",""source"":""PROSITE-ProRule""}]",[]
P13185,KIN1_YEAST,227,3,2026-06-10,Binding site,,126,134,EXACT,EXACT,True,,ATP,ChEBI:CHEBI:30616,,,ECO:0000255,PROSITE-ProRule,PRU00159,"[{""evidenceCode"":""ECO:0000255"",""id"":""PRU00159"",""source"":""PROSITE-ProRule""}]","[{""database"":""ChEBI"",""id"":""CHEBI:30616""}]"
P13185,KIN1_YEAST,227,3,2026-06-10,Binding site,,149,149,EXACT,EXACT,False,,ATP,ChEBI:CHEBI:30616,,,ECO:0000255,PROSITE-ProRule,PRU00159,"[{""evidenceCode"":""ECO:0000255"",""id"":""PRU00159"",""source"":""PROSITE-ProRule""}]","[{""database"":""ChEBI"",""id"":""CHEBI:30616""}]"
P20604,PP11_YEAST,214,1,2026-06-10,Active site,,115,115,EXACT,EXACT,False,Proton donor,,,,,ECO:0000250,,,"[{""evidenceCode"":""ECO:0000250""}]",[]
P20604,PP11_YEAST,214,1,2026-06-10,Binding site,,53,53,EXACT,EXACT,False,,Mn(2+),ChEBI:CHEBI:29035,,,ECO:0000250,,,"[{""evidenceCode"":""ECO:0000250""}]","[{""database"":""ChEBI"",""id"":""CHEBI:29035""}]"
P20604,PP11_YEAST,214,1,2026-06-10,Binding site,,55,55,EXACT,EXACT,False,,Mn(2+),ChEBI:CHEBI:29035,,,ECO:0000250,,,"[{""evidenceCode"":""ECO:0000250""}]","[{""database"":""ChEBI"",""id"":""CHEBI:29035""}]"
P20604,PP11_YEAST,214,1,2026-06-10,Binding site,,82,82,EXACT,EXACT,False,,Mn(2+),ChEBI:CHEBI:29035,,,ECO:0000250,,,"[{""evidenceCode"":""ECO:0000250""}]","[{""database"":""ChEBI"",""id"":""CHEBI:29035""}]"
P20604,PP11_YEAST,214,1,2026-06-10,Binding site,,114,114,EXACT,EXACT,False,,Mn(2+),ChEBI:CHEBI:29035,,,ECO:0000250,,,"[{""evidenceCode"":""ECO:0000250""}]","[{""database"":""ChEBI"",""id"":""CHEBI:29035""}]"
P20604,PP11_YEAST,214,1,2026-06-10,Binding site,,164,164,EXACT,EXACT,False,,Mn(2+),ChEBI:CHEBI:29035,,,ECO:0000250,,,"[{""evidenceCode"":""ECO:0000250""}]","[{""database"":""ChEBI"",""id"":""CHEBI:29035""}]"
P20604,PP11_YEAST,214,1,2026-06-10,Binding site,,238,238,EXACT,EXACT,False,,Mn(2+),ChEBI:CHEBI:29035,,,ECO:0000250,,,"[{""evidenceCode"":""ECO:0000250""}]","[{""database"":""ChEBI"",""id"":""CHEBI:29035""}]"
P32324,EF2_YEAST,240,1,2026-06-10,Binding site,,26,33,EXACT,EXACT,True,,GTP,ChEBI:CHEBI:37565,,,ECO:0000305;ECO:0007744,PDB;PubMed,15316019;17082187;1U2R;2NPF,"[{""evidenceCode"":""ECO:0000305"",""id"":""15316019"",""source"":""PubMed""},{""evidenceCode"":""ECO:0000305"",""id"":""17082187"",""source"":""PubMed""},{""evidenceCode"":""ECO:0007744"",""id"":""1U2R"",""source"":""PDB""},{""evidenceCode"":""ECO:0007744"",""id"":""2NPF"",""source"":""PDB""}]","[{""database"":""ChEBI"",""id"":""CHEBI:37565""}]"
P32324,EF2_YEAST,240,1,2026-06-10,Binding site,,158,161,EXACT,EXACT,True,,GTP,ChEBI:CHEBI:37565,,,ECO:0000305;ECO:0007744,PDB;PubMed,15316019;17082187;1U2R;2E1R;2NPF,"[{""evidenceCode"":""ECO:0000305"",""id"":""15316019"",""source"":""PubMed""},{""evidenceCode"":""ECO:0000305"",""id"":""17082187"",""source"":""PubMed""},{""evidenceCode"":""ECO:0007744"",""id"":""1U2R"",""source"":""PDB""},{""evidenceCode"":""ECO:0007744"",""id"":""2E1R"",""source"":""PDB""},{""evidenceCode"":""ECO:0007744"",""id"":""2NPF"",""source"":""PDB""}]","[{""database"":""ChEBI"",""id"":""CHEBI:37565""}]"
P32324,EF2_YEAST,240,1,2026-06-10,Binding site,,213,215,EXACT,EXACT,True,,GTP,ChEBI:CHEBI:37565,,,ECO:0000305;ECO:0007744,PDB;PubMed,15316019;17082187;1U2R;2E1R;2NPF,"[{""evidenceCode"":""ECO:0000305"",""id"":""15316019"",""source"":""PubMed""},{""evidenceCode"":""ECO:0000305"",""id"":""17082187"",""source"":""PubMed""},{""evidenceCode"":""ECO:0007744"",""id"":""1U2R"",""source"":""PDB""},{""evidenceCode"":""ECO:0007744"",""id"":""2E1R"",""source"":""PDB""},{""evidenceCode"":""ECO:0007744"",""id"":""2NPF"",""source"":""PDB""}]","[{""database"":""ChEBI"",""id"":""CHEBI:37565""}]"
P32328,DBF20_YEAST,219,2,2026-06-10,Active site,,292,292,EXACT,EXACT,False,Proton acceptor,,,,,ECO:0000255,PROSITE-ProRule,PRU00159;PRU10027,"[{""evidenceCode"":""ECO:0000255"",""id"":""PRU00159"",""source"":""PROSITE-ProRule""},{""evidenceCode"":""ECO:0000255"",""id"":""PRU10027"",""source"":""PROSITE-ProRule""}]",[]
P32328,DBF20_YEAST,219,2,2026-06-10,Binding site,,175,183,EXACT,EXACT,True,,ATP,ChEBI:CHEBI:30616,,,ECO:0000255,PROSITE-ProRule,PRU00159,"[{""evidenceCode"":""ECO:0000255"",""id"":""PRU00159"",""source"":""PROSITE-ProRule""}]","[{""database"":""ChEBI"",""id"":""CHEBI:30616""}]"
P32328,DBF20_YEAST,219,2,2026-06-10,Binding site,,198,198,EXACT,EXACT,False,,ATP,ChEBI:CHEBI:30616,,,ECO:0000255,PROSITE-ProRule,PRU00159,"[{""evidenceCode"":""ECO:0000255"",""id"":""PRU00159"",""source"":""PROSITE-ProRule""}]","[{""database"":""ChEBI"",""id"":""CHEBI:30616""}]"
P04050,RPB1_YEAST,254,2,2026-06-10,Binding site,,67,67,EXACT,EXACT,False,,Zn(2+),ChEBI:CHEBI:29105,,,ECO:0000269;ECO:0007744,PDB;PubMed,23151482;25652824;4BBR;4V1M,"[{""evidenceCode"":""ECO:0000269"",""id"":""23151482"",""source"":""PubMed""},{""evidenceCode"":""ECO:0000269"",""id"":""25652824"",""source"":""PubMed""},{""evidenceCode"":""ECO:0007744"",""id"":""4BBR"",""source"":""PDB""},{""evidenceCode"":""ECO:0007744"",""id"":""4V1M"",""source"":""PDB""}]","[{""database"":""ChEBI"",""id"":""CHEBI:29105""}]"
P04050,RPB1_YEAST,254,2,2026-06-10,Binding site,,70,70,EXACT,EXACT,False,,Zn(2+),ChEBI:CHEBI:29105,,,ECO:0000269;ECO:0007744,PDB;PubMed,23151482;25652824;4BBR;4V1M,"[{""evidenceCode"":""ECO:0000269"",""id"":""23151482"",""source"":""PubMed""},{""evidenceCode"":""ECO:0000269"",""id"":""25652824"",""source"":""PubMed""},{""evidenceCode"":""ECO:0007744"",""id"":""4BBR"",""source"":""PDB""},{""evidenceCode"":""ECO:0007744"",""id"":""4V1M"",""source"":""PDB""}]","[{""database"":""ChEBI"",""id"":""CHEBI:29105""}]"
P04050,RPB1_YEAST,254,2,2026-06-10,Binding site,,77,77,EXACT,EXACT,False,,Zn(2+),ChEBI:CHEBI:29105,,,ECO:0000269;ECO:0007744,PDB;PubMed,23151482;25652824;4BBR;4V1M,"[{""evidenceCode"":""ECO:0000269"",""id"":""23151482"",""source"":""PubMed""},{""evidenceCode"":""ECO:0000269"",""id"":""25652824"",""source"":""PubMed""},{""evidenceCode"":""ECO:0007744"",""id"":""4BBR"",""source"":""PDB""},{""evidenceCode"":""ECO:0007744"",""id"":""4V1M"",""source"":""PDB""}]","[{""database"":""ChEBI"",""id"":""CHEBI:29105""}]"
P04050,RPB1_YEAST,254,2,2026-06-10,Binding site,,80,80,EXACT,EXACT,False,,Zn(2+),ChEBI:CHEBI:29105,,,ECO:0000269;ECO:0007744,PDB;PubMed,23151482;25652824;4BBR;4V1M,"[{""evidenceCode"":""ECO:0000269"",""id"":""23151482"",""source"":""PubMed""},{""evidenceCode"":""ECO:0000269"",""id"":""25652824"",""source"":""PubMed""},{""evidenceCode"":""ECO:0007744"",""id"":""4BBR"",""source"":""PDB""},{""evidenceCode"":""ECO:0007744"",""id"":""4V1M"",""source"":""PDB""}]","[{""database"":""ChEBI"",""id"":""CHEBI:29105""}]"
P04050,RPB1_YEAST,254,2,2026-06-10,Binding site,,107,107,EXACT,EXACT,False,,Zn(2+),ChEBI:CHEBI:29105,,,ECO:0000269;ECO:0007744,PDB;PubMed,23151482;25652824;4BBR;4V1M,"[{""evidenceCode"":""ECO:0000269"",""id"":""23151482"",""source"":""PubMed""},{""evidenceCode"":""ECO:0000269"",""id"":""25652824"",""source"":""PubMed""},{""evidenceCode"":""ECO:0007744"",""id"":""4BBR"",""source"":""PDB""},{""evidenceCode"":""ECO:0007744"",""id"":""4V1M"",""source"":""PDB""}]","[{""database"":""ChEBI"",""id"":""CHEBI:29105""}]"
P04050,RPB1_YEAST,254,2,2026-06-10,Binding site,,110,110,EXACT,EXACT,False,,Zn(2+),ChEBI:CHEBI:29105,,,ECO:0000269;ECO:0007744,PDB;PubMed,23151482;25652824;4BBR;4V1M,"[{""evidenceCode"":""ECO:0000269"",""id"":""23151482"",""source"":""PubMed""},{""evidenceCode"":""ECO:0000269"",""id"":""25652824"",""source"":""PubMed""},{""evidenceCode"":""ECO:0007744"",""id"":""4BBR"",""source"":""PDB""},{""evidenceCode"":""ECO:0007744"",""id"":""4V1M"",""source"":""PDB""}]","[{""database"":""ChEBI"",""id"":""CHEBI:29105""}]"
P04050,RPB1_YEAST,254,2,2026-06-10,Binding site,,148,148,EXACT,EXACT,False,,Zn(2+),ChEBI:CHEBI:29105,,,ECO:0000269;ECO:0007744,PDB;PubMed,23151482;25652824;4BBR;4V1M,"[{""evidenceCode"":""ECO:0000269"",""id"":""23151482"",""source"":""PubMed""},{""evidenceCode"":""ECO:0000269"",""id"":""25652824"",""source"":""PubMed""},{""evidenceCode"":""ECO:0007744"",""id"":""4BBR"",""source"":""PDB""},{""evidenceCode"":""ECO:0007744"",""id"":""4V1M"",""source"":""PDB""}]","[{""database"":""ChEBI"",""id"":""CHEBI:29105""}]"
P04050,RPB1_YEAST,254,2,2026-06-10,Binding site,,167,167,EXACT,EXACT,False,,Zn(2+),ChEBI:CHEBI:29105,,,ECO:0000269;ECO:0007744,PDB;PubMed,23151482;25652824;4BBR;4V1M,"[{""evidenceCode"":""ECO:0000269"",""id"":""23151482"",""source"":""PubMed""},{""evidenceCode"":""ECO:0000269"",""id"":""25652824"",""source"":""PubMed""},{""evidenceCode"":""ECO:0007744"",""id"":""4BBR"",""source"":""PDB""},{""evidenceCode"":""ECO:0007744"",""id"":""4V1M"",""source"":""PDB""}]","[{""database"":""ChEBI"",""id"":""CHEBI:29105""}]"
P04050,RPB1_YEAST,254,2,2026-06-10,Binding site,,481,481,EXACT,EXACT,False,,Mg(2+),ChEBI:CHEBI:18420,,,ECO:0000269;ECO:0007744,PDB;PubMed,23151482;25652824;4BBR;4V1M,"[{""evidenceCode"":""ECO:0000269"",""id"":""23151482"",""source"":""PubMed""},{""evidenceCode"":""ECO:0000269"",""id"":""25652824"",""source"":""PubMed""},{""evidenceCode"":""ECO:0007744"",""id"":""4BBR"",""source"":""PDB""},{""evidenceCode"":""ECO:0007744"",""id"":""4V1M"",""source"":""PDB""}]","[{""database"":""ChEBI"",""id"":""CHEBI:18420""}]"
P04050,RPB1_YEAST,254,2,2026-06-10,Binding site,,483,483,EXACT,EXACT,False,,Mg(2+),ChEBI:CHEBI:18420,,,ECO:0000269;ECO:0007744,PDB;PubMed,23151482;25652824;4BBR;4V1M,"[{""evidenceCode"":""ECO:0000269"",""id"":""23151482"",""source"":""PubMed""},{""evidenceCode"":""ECO:0000269"",""id"":""25652824"",""source"":""PubMed""},{""evidenceCode"":""ECO:0007744"",""id"":""4BBR"",""source"":""PDB""},{""evidenceCode"":""ECO:0007744"",""id"":""4V1M"",""source"":""PDB""}]","[{""database"":""ChEBI"",""id"":""CHEBI:18420""}]"
P04050,RPB1_YEAST,254,2,2026-06-10,Binding site,,485,485,EXACT,EXACT,False,,Mg(2+),ChEBI:CHEBI:18420,,,ECO:0000269;ECO:0007744,PDB;PubMed,23151482;25652824;4BBR;4V1M,"[{""evidenceCode"":""ECO:0000269"",""id"":""23151482"",""source"":""PubMed""},{""evidenceCode"":""ECO:0000269"",""id"":""25652824"",""source"":""PubMed""},{""evidenceCode"":""ECO:0007744"",""id"":""4BBR"",""source"":""PDB""},{""evidenceCode"":""ECO:0007744"",""id"":""4V1M"",""source"":""PDB""}]","[{""database"":""ChEBI"",""id"":""CHEBI:18420""}]"
P06244,KAPA_YEAST,238,3,2026-06-10,Active site,,210,210,EXACT,EXACT,False,Proton acceptor,,,,,,,,[],[]
P06244,KAPA_YEAST,238,3,2026-06-10,Binding site,,93,101,EXACT,EXACT,True,,ATP,ChEBI:CHEBI:30616,,,ECO:0000255,PROSITE-ProRule,PRU00159,"[{""evidenceCode"":""ECO:0000255"",""id"":""PRU00159"",""source"":""PROSITE-ProRule""}]","[{""database"":""ChEBI"",""id"":""CHEBI:30616""}]"
P06244,KAPA_YEAST,238,3,2026-06-10,Binding site,,116,116,EXACT,EXACT,False,,ATP,ChEBI:CHEBI:30616,,,ECO:0000255,PROSITE-ProRule,PRU00159,"[{""evidenceCode"":""ECO:0000255"",""id"":""PRU00159"",""source"":""PROSITE-ProRule""}]","[{""database"":""ChEBI"",""id"":""CHEBI:30616""}]"
P12904,AAKG_YEAST,209,1,2026-06-10,Binding site,,42,42,EXACT,EXACT,False,,ADP,ChEBI:CHEBI:456216,,,ECO:0000250,UniProtKB,Q10343,"[{""evidenceCode"":""ECO:0000250"",""id"":""Q10343"",""source"":""UniProtKB""}]","[{""database"":""ChEBI"",""id"":""CHEBI:456216""}]"
P12904,AAKG_YEAST,209,1,2026-06-10,Binding site,,146,146,EXACT,EXACT,False,,ADP,ChEBI:CHEBI:456216,,,ECO:0000250,UniProtKB,Q10343,"[{""evidenceCode"":""ECO:0000250"",""id"":""Q10343"",""source"":""UniProtKB""}]","[{""database"":""ChEBI"",""id"":""CHEBI:456216""}]"
P12904,AAKG_YEAST,209,1,2026-06-10,Binding site,,166,169,EXACT,EXACT,True,,ADP,ChEBI:CHEBI:456216,,,ECO:0000250,UniProtKB,Q10343,"[{""evidenceCode"":""ECO:0000250"",""id"":""Q10343"",""source"":""UniProtKB""}]","[{""database"":""ChEBI"",""id"":""CHEBI:456216""}]"
P12904,AAKG_YEAST,209,1,2026-06-10,Binding site,,195,195,EXACT,EXACT,False,,ADP,ChEBI:CHEBI:456216,,,ECO:0000250,UniProtKB,Q10343,"[{""evidenceCode"":""ECO:0000250"",""id"":""Q10343"",""source"":""UniProtKB""}]","[{""database"":""ChEBI"",""id"":""CHEBI:456216""}]"
P12904,AAKG_YEAST,209,1,2026-06-10,Binding site,,195,195,EXACT,EXACT,False,,AMP,ChEBI:CHEBI:456215,,,ECO:0000269;ECO:0007744,PDB;PubMed,22019086;3TDH,"[{""evidenceCode"":""ECO:0000269"",""id"":""22019086"",""source"":""PubMed""},{""evidenceCode"":""ECO:0007744"",""id"":""3TDH"",""source"":""PDB""}]","[{""database"":""ChEBI"",""id"":""CHEBI:456215""}]"
P12904,AAKG_YEAST,209,1,2026-06-10,Binding site,,195,195,EXACT,EXACT,False,,ATP,ChEBI:CHEBI:30616,,,ECO:0000269;ECO:0007744,PDB;PubMed,22019086;3T4N,"[{""evidenceCode"":""ECO:0000269"",""id"":""22019086"",""source"":""PubMed""},{""evidenceCode"":""ECO:0007744"",""id"":""3T4N"",""source"":""PDB""}]","[{""database"":""ChEBI"",""id"":""CHEBI:30616""}]"
P12904,AAKG_YEAST,209,1,2026-06-10,Binding site,,200,200,EXACT,EXACT,False,,AMP,ChEBI:CHEBI:456215,,,ECO:0000269;ECO:0007744,PDB;PubMed,22019086;3TDH,"[{""evidenceCode"":""ECO:0000269"",""id"":""22019086"",""source"":""PubMed""},{""evidenceCode"":""ECO:0007744"",""id"":""3TDH"",""source"":""PDB""}]","[{""database"":""ChEBI"",""id"":""CHEBI:456215""}]"
P12904,AAKG_YEAST,209,1,2026-06-10,Binding site,,200,200,EXACT,EXACT,False,,ATP,ChEBI:CHEBI:30616,,,ECO:0000269;ECO:0007744,PDB;PubMed,22019086;3T4N,"[{""evidenceCode"":""ECO:0000269"",""id"":""22019086"",""source"":""PubMed""},{""evidenceCode"":""ECO:0007744"",""id"":""3T4N"",""source"":""PDB""}]","[{""database"":""ChEBI"",""id"":""CHEBI:30616""}]"
P12904,AAKG_YEAST,209,1,2026-06-10,Binding site,,221,222,EXACT,EXACT,True,,ADP,ChEBI:CHEBI:456216,,,ECO:0000250,UniProtKB,Q10343,"[{""evidenceCode"":""ECO:0000250"",""id"":""Q10343"",""source"":""UniProtKB""}]","[{""database"":""ChEBI"",""id"":""CHEBI:456216""}]"
P12904,AAKG_YEAST,209,1,2026-06-10,Binding site,,221,222,EXACT,EXACT,True,,AMP,ChEBI:CHEBI:456215,,,ECO:0000269;ECO:0007744,PDB;PubMed,22019086;3TDH,"[{""evidenceCode"":""ECO:0000269"",""id"":""22019086"",""source"":""PubMed""},{""evidenceCode"":""ECO:0007744"",""id"":""3TDH"",""source"":""PDB""}]","[{""database"":""ChEBI"",""id"":""CHEBI:456215""}]"
P12904,AAKG_YEAST,209,1,2026-06-10,Binding site,,221,222,EXACT,EXACT,True,,ATP,ChEBI:CHEBI:30616,,,ECO:0000269;ECO:0007744,PDB;PubMed,22019086;3T4N,"[{""evidenceCode"":""ECO:0000269"",""id"":""22019086"",""source"":""PubMed""},{""evidenceCode"":""ECO:0007744"",""id"":""3T4N"",""source"":""PDB""}]","[{""database"":""ChEBI"",""id"":""CHEBI:30616""}]"
P12904,AAKG_YEAST,209,1,2026-06-10,Binding site,,291,293,EXACT,EXACT,True,,ADP,ChEBI:CHEBI:456216,,,ECO:0000250,UniProtKB,Q10343,"[{""evidenceCode"":""ECO:0000250"",""id"":""Q10343"",""source"":""UniProtKB""}]","[{""database"":""ChEBI"",""id"":""CHEBI:456216""}]"
P12904,AAKG_YEAST,209,1,2026-06-10,Binding site,,309,312,EXACT,EXACT,True,,ADP,ChEBI:CHEBI:456216,,,ECO:0000250,UniProtKB,Q10343,"[{""evidenceCode"":""ECO:0000250"",""id"":""Q10343"",""source"":""UniProtKB""}]","[{""database"":""ChEBI"",""id"":""CHEBI:456216""}]"
P12904,AAKG_YEAST,209,1,2026-06-10,Binding site,,309,312,EXACT,EXACT,True,,AMP,ChEBI:CHEBI:456215,,,ECO:0000269;ECO:0007744,PDB;PubMed,22019086;3TDH,"[{""evidenceCode"":""ECO:0000269"",""id"":""22019086"",""source"":""PubMed""},{""evidenceCode"":""ECO:0007744"",""id"":""3TDH"",""source"":""PDB""}]","[{""database"":""ChEBI"",""id"":""CHEBI:456215""}]"
P12904,AAKG_YEAST,209,1,2026-06-10,Binding site,,309,312,EXACT,EXACT,True,,ATP,ChEBI:CHEBI:30616,,,ECO:0000269;ECO:0007744,PDB;PubMed,22019086;3T4N,"[{""evidenceCode"":""ECO:0000269"",""id"":""22019086"",""source"":""PubMed""},{""evidenceCode"":""ECO:0007744"",""id"":""3T4N"",""source"":""PDB""}]","[{""database"":""ChEBI"",""id"":""CHEBI:30616""}]"
P21965,MCK1_YEAST,224,1,2026-06-10,Active site,,164,164,EXACT,EXACT,False,Proton acceptor,,,,,ECO:0000255,PROSITE-ProRule,PRU00159;PRU10027,"[{""evidenceCode"":""ECO:0000255"",""id"":""PRU00159"",""source"":""PROSITE-ProRule""},{""evidenceCode"":""ECO:0000255"",""id"":""PRU10027"",""source"":""PROSITE-ProRule""}]",[]
P21965,MCK1_YEAST,224,1,2026-06-10,Binding site,,41,49,EXACT,EXACT,True,,ATP,ChEBI:CHEBI:30616,,,ECO:0000255,PROSITE-ProRule,PRU00159,"[{""evidenceCode"":""ECO:0000255"",""id"":""PRU00159"",""source"":""PROSITE-ProRule""}]","[{""database"":""ChEBI"",""id"":""CHEBI:30616""}]"
P21965,MCK1_YEAST,224,1,2026-06-10,Binding site,,68,68,EXACT,EXACT,False,,ATP,ChEBI:CHEBI:30616,,,ECO:0000255,PROSITE-ProRule,PRU00159,"[{""evidenceCode"":""ECO:0000255"",""id"":""PRU00159"",""source"":""PROSITE-ProRule""}]","[{""database"":""ChEBI"",""id"":""CHEBI:30616""}]"
P22082,SNF2_YEAST,233,1,2026-06-10,DNA binding,,1446,1456,EXACT,EXACT,True,A.T hook 1,,,,,,,,[],[]
P22082,SNF2_YEAST,233,1,2026-06-10,DNA binding,,1502,1513,EXACT,EXACT,True,A.T hook 2,,,,,,,,[],[]
P22082,SNF2_YEAST,233,1,2026-06-10,DNA binding,,1516,1526,EXACT,EXACT,True,A.T hook 3,,,,,,,,[],[]
P22082,SNF2_YEAST,233,1,2026-06-10,Binding site,,792,799,EXACT,EXACT,True,,ATP,ChEBI:CHEBI:30616,,,ECO:0000255,PROSITE-ProRule,PRU00541,"[{""evidenceCode"":""ECO:0000255"",""id"":""PRU00541"",""source"":""PROSITE-ProRule""}]","[{""database"":""ChEBI"",""id"":""CHEBI:30616""}]"
P25293,NAP1_YEAST,222,2,2026-06-10,DNA binding,,330,356,EXACT,EXACT,True,H-T-H motif,,,,,ECO:0000255,,,"[{""evidenceCode"":""ECO:0000255""}]",[]
P25333,HAL4_YEAST,193,1,2026-06-10,Active site,,449,449,EXACT,EXACT,False,Proton acceptor,,,,,ECO:0000255,PROSITE-ProRule,PRU00159;PRU10027,"[{""evidenceCode"":""ECO:0000255"",""id"":""PRU00159"",""source"":""PROSITE-ProRule""},{""evidenceCode"":""ECO:0000255"",""id"":""PRU10027"",""source"":""PROSITE-ProRule""}]",[]
P25333,HAL4_YEAST,193,1,2026-06-10,Binding site,,322,330,EXACT,EXACT,True,,ATP,ChEBI:CHEBI:30616,,,ECO:0000255,PROSITE-ProRule,PRU00159,"[{""evidenceCode"":""ECO:0000255"",""id"":""PRU00159"",""source"":""PROSITE-ProRule""}]","[{""database"":""ChEBI"",""id"":""CHEBI:30616""}]"
P25333,HAL4_YEAST,193,1,2026-06-10,Binding site,,353,353,EXACT,EXACT,False,,ATP,ChEBI:CHEBI:30616,,,ECO:0000255,PROSITE-ProRule,PRU00159,"[{""evidenceCode"":""ECO:0000255"",""id"":""PRU00159"",""source"":""PROSITE-ProRule""}]","[{""database"":""ChEBI"",""id"":""CHEBI:30616""}]"
P25358,ELO2_YEAST,210,1,2026-06-10,Site,,255,255,EXACT,EXACT,False,Determines the chain length of the elongated VLCFA,,,,,ECO:0000305,PubMed,17719544,"[{""evidenceCode"":""ECO:0000305"",""id"":""17719544"",""source"":""PubMed""}]",[]
P32490,MKK1_YEAST,211,1,2026-06-10,Active site,,349,349,EXACT,EXACT,False,Proton acceptor,,,,,ECO:0000255,PROSITE-ProRule,PRU00159;PRU10027,"[{""evidenceCode"":""ECO:0000255"",""id"":""PRU00159"",""source"":""PROSITE-ProRule""},{""evidenceCode"":""ECO:0000255"",""id"":""PRU10027"",""source"":""PROSITE-ProRule""}]",[]
P32490,MKK1_YEAST,211,1,2026-06-10,Binding site,,227,235,EXACT,EXACT,True,,ATP,ChEBI:CHEBI:30616,,,ECO:0000255,PROSITE-ProRule,PRU00159,"[{""evidenceCode"":""ECO:0000255"",""id"":""PRU00159"",""source"":""PROSITE-ProRule""}]","[{""database"":""ChEBI"",""id"":""CHEBI:30616""}]"
P32490,MKK1_YEAST,211,1,2026-06-10,Binding site,,250,250,EXACT,EXACT,False,,ATP,ChEBI:CHEBI:30616,,,ECO:0000255,PROSITE-ProRule,PRU00159,"[{""evidenceCode"":""ECO:0000255"",""id"":""PRU00159"",""source"":""PROSITE-ProRule""}]","[{""database"":""ChEBI"",""id"":""CHEBI:30616""}]"
P32561,RPD3_YEAST,226,1,2026-06-10,Active site,,151,151,EXACT,EXACT,False,,,,,,ECO:0000305,,,"[{""evidenceCode"":""ECO:0000305""}]",[]
P32801,ELM1_YEAST,211,2,2026-06-10,Active site,,259,259,EXACT,EXACT,False,Proton acceptor,,,,,ECO:0000255,PROSITE-ProRule,PRU00159;PRU10027,"[{""evidenceCode"":""ECO:0000255"",""id"":""PRU00159"",""source"":""PROSITE-ProRule""},{""evidenceCode"":""ECO:0000255"",""id"":""PRU10027"",""source"":""PROSITE-ProRule""}]",[]
P32801,ELM1_YEAST,211,2,2026-06-10,Binding site,,94,102,EXACT,EXACT,True,,ATP,ChEBI:CHEBI:30616,,,ECO:0000255,PROSITE-ProRule,PRU00159,"[{""evidenceCode"":""ECO:0000255"",""id"":""PRU00159"",""source"":""PROSITE-ProRule""}]","[{""database"":""ChEBI"",""id"":""CHEBI:30616""}]"
P32801,ELM1_YEAST,211,2,2026-06-10,Binding site,,117,117,EXACT,EXACT,False,,ATP,ChEBI:CHEBI:30616,,,ECO:0000255,PROSITE-ProRule,PRU00159,"[{""evidenceCode"":""ECO:0000255"",""id"":""PRU00159"",""source"":""PROSITE-ProRule""}]","[{""database"":""ChEBI"",""id"":""CHEBI:30616""}]"
P40319,ELO3_YEAST,195,1,2026-06-10,Site,,266,266,EXACT,EXACT,False,Determines the chain length of the elongated VLCFA,,,,,ECO:0000305,PubMed,17719544,"[{""evidenceCode"":""ECO:0000305"",""id"":""17719544"",""source"":""PubMed""}]",[]
P43565,RIM15_YEAST,230,1,2026-06-10,Active site,,918,918,EXACT,EXACT,False,Proton acceptor,,,,,ECO:0000255,PROSITE-ProRule,PRU00159;PRU10027,"[{""evidenceCode"":""ECO:0000255"",""id"":""PRU00159"",""source"":""PROSITE-ProRule""},{""evidenceCode"":""ECO:0000255"",""id"":""PRU10027"",""source"":""PROSITE-ProRule""}]",[]
P43565,RIM15_YEAST,230,1,2026-06-10,Binding site,,800,808,EXACT,EXACT,True,,ATP,ChEBI:CHEBI:30616,,,ECO:0000255,PROSITE-ProRule,PRU00159,"[{""evidenceCode"":""ECO:0000255"",""id"":""PRU00159"",""source"":""PROSITE-ProRule""}]","[{""database"":""ChEBI"",""id"":""CHEBI:30616""}]"
P43565,RIM15_YEAST,230,1,2026-06-10,Binding site,,823,823,EXACT,EXACT,False,,ATP,ChEBI:CHEBI:30616,,,ECO:0000255,PROSITE-ProRule,PRU00159,"[{""evidenceCode"":""ECO:0000255"",""id"":""PRU00159"",""source"":""PROSITE-ProRule""}]","[{""database"":""ChEBI"",""id"":""CHEBI:30616""}]"
P32485,HOG1_YEAST,233,2,2026-06-10,Active site,,144,144,EXACT,EXACT,False,Proton acceptor,,,,,ECO:0000255,PROSITE-ProRule,PRU00159;PRU10027,"[{""evidenceCode"":""ECO:0000255"",""id"":""PRU00159"",""source"":""PROSITE-ProRule""},{""evidenceCode"":""ECO:0000255"",""id"":""PRU10027"",""source"":""PROSITE-ProRule""}]",[]
P32485,HOG1_YEAST,233,2,2026-06-10,Binding site,,29,37,EXACT,EXACT,True,,ATP,ChEBI:CHEBI:30616,,,ECO:0000255,PROSITE-ProRule,PRU00159,"[{""evidenceCode"":""ECO:0000255"",""id"":""PRU00159"",""source"":""PROSITE-ProRule""}]","[{""database"":""ChEBI"",""id"":""CHEBI:30616""}]"
P32485,HOG1_YEAST,233,2,2026-06-10,Binding site,,52,52,EXACT,EXACT,False,,ATP,ChEBI:CHEBI:30616,,,ECO:0000255,PROSITE-ProRule,PRU00159,"[{""evidenceCode"":""ECO:0000255"",""id"":""PRU00159"",""source"":""PROSITE-ProRule""}]","[{""database"":""ChEBI"",""id"":""CHEBI:30616""}]"
P32485,HOG1_YEAST,233,2,2026-06-10,Binding site,,156,156,EXACT,EXACT,False,covalent,arsenite,ChEBI:CHEBI:29242,,,ECO:0000269,PubMed,31772124,"[{""evidenceCode"":""ECO:0000269"",""id"":""31772124"",""source"":""PubMed""}]","[{""database"":""ChEBI"",""id"":""CHEBI:29242""}]"
P32485,HOG1_YEAST,233,2,2026-06-10,Binding site,,161,161,EXACT,EXACT,False,covalent,arsenite,ChEBI:CHEBI:29242,,,ECO:0000269,PubMed,31772124,"[{""evidenceCode"":""ECO:0000269"",""id"":""31772124"",""source"":""PubMed""}]","[{""database"":""ChEBI"",""id"":""CHEBI:29242""}]"
P32485,HOG1_YEAST,233,2,2026-06-10,Binding site,,205,205,EXACT,EXACT,False,covalent,arsenite,ChEBI:CHEBI:29242,,,ECO:0000269,PubMed,31772124,"[{""evidenceCode"":""ECO:0000269"",""id"":""31772124"",""source"":""PubMed""}]","[{""database"":""ChEBI"",""id"":""CHEBI:29242""}]"
P53599,SSK2_YEAST,200,1,2026-06-10,Active site,,1390,1390,EXACT,EXACT,False,Proton acceptor,,,,,ECO:0000255,PROSITE-ProRule,PRU00159;PRU10027,"[{""evidenceCode"":""ECO:0000255"",""id"":""PRU00159"",""source"":""PROSITE-ProRule""},{""evidenceCode"":""ECO:0000255"",""id"":""PRU10027"",""source"":""PROSITE-ProRule""}]",[]
P53599,SSK2_YEAST,200,1,2026-06-10,Binding site,,1272,1280,EXACT,EXACT,True,,ATP,ChEBI:CHEBI:30616,,,ECO:0000255,PROSITE-ProRule,PRU00159,"[{""evidenceCode"":""ECO:0000255"",""id"":""PRU00159"",""source"":""PROSITE-ProRule""}]","[{""database"":""ChEBI"",""id"":""CHEBI:30616""}]"
P53599,SSK2_YEAST,200,1,2026-06-10,Binding site,,1295,1295,EXACT,EXACT,False,,ATP,ChEBI:CHEBI:30616,,,ECO:0000255,PROSITE-ProRule,PRU00159,"[{""evidenceCode"":""ECO:0000255"",""id"":""PRU00159"",""source"":""PROSITE-ProRule""}]","[{""database"":""ChEBI"",""id"":""CHEBI:30616""}]"
P38953,RAD55_YEAST,195,1,2026-06-10,Binding site,,43,50,EXACT,EXACT,True,,ATP,ChEBI:CHEBI:30616,,,ECO:0000255,,,"[{""evidenceCode"":""ECO:0000255""}]","[{""database"":""ChEBI"",""id"":""CHEBI:30616""}]"
P47116,PTK2_YEAST,206,1,2026-06-10,Active site,,388,388,EXACT,EXACT,False,Proton acceptor,,,,,ECO:0000255,PROSITE-ProRule,PRU00159;PRU10027,"[{""evidenceCode"":""ECO:0000255"",""id"":""PRU00159"",""source"":""PROSITE-ProRule""},{""evidenceCode"":""ECO:0000255"",""id"":""PRU10027"",""source"":""PROSITE-ProRule""}]",[]
P47116,PTK2_YEAST,206,1,2026-06-10,Binding site,,261,269,EXACT,EXACT,True,,ATP,ChEBI:CHEBI:30616,,,ECO:0000255,PROSITE-ProRule,PRU00159,"[{""evidenceCode"":""ECO:0000255"",""id"":""PRU00159"",""source"":""PROSITE-ProRule""}]","[{""database"":""ChEBI"",""id"":""CHEBI:30616""}]"
P47116,PTK2_YEAST,206,1,2026-06-10,Binding site,,285,285,EXACT,EXACT,False,,ATP,ChEBI:CHEBI:30616,,,ECO:0000255,PROSITE-ProRule,PRU00159,"[{""evidenceCode"":""ECO:0000255"",""id"":""PRU00159"",""source"":""PROSITE-ProRule""}]","[{""database"":""ChEBI"",""id"":""CHEBI:30616""}]"
P50947,PHO23_YEAST,209,1,2026-06-10,Binding site,,283,283,EXACT,EXACT,False,,Zn(2+),ChEBI:CHEBI:29105,,,ECO:0000250,UniProtKB,Q9UK53,"[{""evidenceCode"":""ECO:0000250"",""id"":""Q9UK53"",""source"":""UniProtKB""}]","[{""database"":""ChEBI"",""id"":""CHEBI:29105""}]"
P50947,PHO23_YEAST,209,1,2026-06-10,Binding site,,285,285,EXACT,EXACT,False,,Zn(2+),ChEBI:CHEBI:29105,,,ECO:0000250,UniProtKB,Q9UK53,"[{""evidenceCode"":""ECO:0000250"",""id"":""Q9UK53"",""source"":""UniProtKB""}]","[{""database"":""ChEBI"",""id"":""CHEBI:29105""}]"
P50947,PHO23_YEAST,209,1,2026-06-10,Binding site,,296,296,EXACT,EXACT,False,,Zn(2+),ChEBI:CHEBI:29105,,,ECO:0000250,UniProtKB,Q9UK53,"[{""evidenceCode"":""ECO:0000250"",""id"":""Q9UK53"",""source"":""UniProtKB""}]","[{""database"":""ChEBI"",""id"":""CHEBI:29105""}]"
P50947,PHO23_YEAST,209,1,2026-06-10,Binding site,,301,301,EXACT,EXACT,False,,Zn(2+),ChEBI:CHEBI:29105,,,ECO:0000250,UniProtKB,Q9UK53,"[{""evidenceCode"":""ECO:0000250"",""id"":""Q9UK53"",""source"":""UniProtKB""}]","[{""database"":""ChEBI"",""id"":""CHEBI:29105""}]"
P50947,PHO23_YEAST,209,1,2026-06-10,Binding site,,307,307,EXACT,EXACT,False,,Zn(2+),ChEBI:CHEBI:29105,,,ECO:0000250,UniProtKB,Q9UK53,"[{""evidenceCode"":""ECO:0000250"",""id"":""Q9UK53"",""source"":""UniProtKB""}]","[{""database"":""ChEBI"",""id"":""CHEBI:29105""}]"
P50947,PHO23_YEAST,209,1,2026-06-10,Binding site,,310,310,EXACT,EXACT,False,,Zn(2+),ChEBI:CHEBI:29105,,,ECO:0000250,UniProtKB,Q9UK53,"[{""evidenceCode"":""ECO:0000250"",""id"":""Q9UK53"",""source"":""UniProtKB""}]","[{""database"":""ChEBI"",""id"":""CHEBI:29105""}]"
P50947,PHO23_YEAST,209,1,2026-06-10,Binding site,,323,323,EXACT,EXACT,False,,Zn(2+),ChEBI:CHEBI:29105,,,ECO:0000250,UniProtKB,Q9UK53,"[{""evidenceCode"":""ECO:0000250"",""id"":""Q9UK53"",""source"":""UniProtKB""}]","[{""database"":""ChEBI"",""id"":""CHEBI:29105""}]"
P50947,PHO23_YEAST,209,1,2026-06-10,Binding site,,326,326,EXACT,EXACT,False,,Zn(2+),ChEBI:CHEBI:29105,,,ECO:0000250,UniProtKB,Q9UK53,"[{""evidenceCode"":""ECO:0000250"",""id"":""Q9UK53"",""source"":""UniProtKB""}]","[{""database"":""ChEBI"",""id"":""CHEBI:29105""}]"
P50947,PHO23_YEAST,209,1,2026-06-10,Site,,282,282,EXACT,EXACT,False,Histone H3K4me3 binding,,,,,ECO:0000250,UniProtKB,Q9UK53,"[{""evidenceCode"":""ECO:0000250"",""id"":""Q9UK53"",""source"":""UniProtKB""}]",[]
P50947,PHO23_YEAST,209,1,2026-06-10,Site,,293,293,EXACT,EXACT,False,Histone H3K4me3 binding,,,,,ECO:0000250,UniProtKB,Q9UK53,"[{""evidenceCode"":""ECO:0000250"",""id"":""Q9UK53"",""source"":""UniProtKB""}]",[]
P50947,PHO23_YEAST,209,1,2026-06-10,Site,,297,297,EXACT,EXACT,False,Histone H3K4me3 binding,,,,,ECO:0000250,UniProtKB,Q9UK53,"[{""evidenceCode"":""ECO:0000250"",""id"":""Q9UK53"",""source"":""UniProtKB""}]",[]
P50947,PHO23_YEAST,209,1,2026-06-10,Site,,305,305,EXACT,EXACT,False,Histone H3K4me3 binding,,,,,ECO:0000250,UniProtKB,Q9UK53,"[{""evidenceCode"":""ECO:0000250"",""id"":""Q9UK53"",""source"":""UniProtKB""}]",[]
P37263,YC16_YEAST,164,1,2026-06-10,Binding site,,6,6,EXACT,EXACT,False,,Zn(2+),ChEBI:CHEBI:29105,,,ECO:0000255,PROSITE-ProRule,PRU01145,"[{""evidenceCode"":""ECO:0000255"",""id"":""PRU01145"",""source"":""PROSITE-ProRule""}]","[{""database"":""ChEBI"",""id"":""CHEBI:29105""}]"
P37263,YC16_YEAST,164,1,2026-06-10,Binding site,,9,9,EXACT,EXACT,False,,Zn(2+),ChEBI:CHEBI:29105,,,ECO:0000255,PROSITE-ProRule,PRU01145,"[{""evidenceCode"":""ECO:0000255"",""id"":""PRU01145"",""source"":""PROSITE-ProRule""}]","[{""database"":""ChEBI"",""id"":""CHEBI:29105""}]"
P37263,YC16_YEAST,164,1,2026-06-10,Binding site,,21,21,EXACT,EXACT,False,,Zn(2+),ChEBI:CHEBI:29105,,,ECO:0000255,PROSITE-ProRule,PRU01145,"[{""evidenceCode"":""ECO:0000255"",""id"":""PRU01145"",""source"":""PROSITE-ProRule""}]","[{""database"":""ChEBI"",""id"":""CHEBI:29105""}]"
P37263,YC16_YEAST,164,1,2026-06-10,Binding site,,25,25,EXACT,EXACT,False,,Zn(2+),ChEBI:CHEBI:29105,,,ECO:0000255,PROSITE-ProRule,PRU01145,"[{""evidenceCode"":""ECO:0000255"",""id"":""PRU01145"",""source"":""PROSITE-ProRule""}]","[{""database"":""ChEBI"",""id"":""CHEBI:29105""}]"
P37263,YC16_YEAST,164,1,2026-06-10,Binding site,,32,32,EXACT,EXACT,False,,Zn(2+),ChEBI:CHEBI:29105,,,ECO:0000255,PROSITE-ProRule,PRU01145,"[{""evidenceCode"":""ECO:0000255"",""id"":""PRU01145"",""source"":""PROSITE-ProRule""}]","[{""database"":""ChEBI"",""id"":""CHEBI:29105""}]"
P37263,YC16_YEAST,164,1,2026-06-10,Binding site,,35,35,EXACT,EXACT,False,,Zn(2+),ChEBI:CHEBI:29105,,,ECO:0000255,PROSITE-ProRule,PRU01145,"[{""evidenceCode"":""ECO:0000255"",""id"":""PRU01145"",""source"":""PROSITE-ProRule""}]","[{""database"":""ChEBI"",""id"":""CHEBI:29105""}]"
P37263,YC16_YEAST,164,1,2026-06-10,Binding site,,48,48,EXACT,EXACT,False,,Zn(2+),ChEBI:CHEBI:29105,,,ECO:0000255,PROSITE-ProRule,PRU01145,"[{""evidenceCode"":""ECO:0000255"",""id"":""PRU01145"",""source"":""PROSITE-ProRule""}]","[{""database"":""ChEBI"",""id"":""CHEBI:29105""}]"
P37263,YC16_YEAST,164,1,2026-06-10,Binding site,,51,51,EXACT,EXACT,False,,Zn(2+),ChEBI:CHEBI:29105,,,ECO:0000255,PROSITE-ProRule,PRU01145,"[{""evidenceCode"":""ECO:0000255"",""id"":""PRU01145"",""source"":""PROSITE-ProRule""}]","[{""database"":""ChEBI"",""id"":""CHEBI:29105""}]"
P50873,MRK1_YEAST,185,2,2026-06-10,Active site,,289,289,EXACT,EXACT,False,Proton acceptor,,,,,ECO:0000255,PROSITE-ProRule,PRU00159;PRU10027,"[{""evidenceCode"":""ECO:0000255"",""id"":""PRU00159"",""source"":""PROSITE-ProRule""},{""evidenceCode"":""ECO:0000255"",""id"":""PRU10027"",""source"":""PROSITE-ProRule""}]",[]
P50873,MRK1_YEAST,185,2,2026-06-10,Binding site,,170,178,EXACT,EXACT,True,,ATP,ChEBI:CHEBI:30616,,,ECO:0000255,PROSITE-ProRule,PRU00159,"[{""evidenceCode"":""ECO:0000255"",""id"":""PRU00159"",""source"":""PROSITE-ProRule""}]","[{""database"":""ChEBI"",""id"":""CHEBI:30616""}]"
P50873,MRK1_YEAST,185,2,2026-06-10,Binding site,,193,193,EXACT,EXACT,False,,ATP,ChEBI:CHEBI:30616,,,ECO:0000255,PROSITE-ProRule,PRU00159,"[{""evidenceCode"":""ECO:0000255"",""id"":""PRU00159"",""source"":""PROSITE-ProRule""}]","[{""database"":""ChEBI"",""id"":""CHEBI:30616""}]"
Q05958,ECM22_YEAST,178,1,2026-06-10,DNA binding,,43,73,EXACT,EXACT,True,Zn(2)-C6 fungal-type,,,,,ECO:0000255,PROSITE-ProRule,PRU00227,"[{""evidenceCode"":""ECO:0000255"",""id"":""PRU00227"",""source"":""PROSITE-ProRule""}]",[]
Q12151,UPC2_YEAST,180,1,2026-06-10,DNA binding,,50,80,EXACT,EXACT,True,Zn(2)-C6 fungal-type,,,,,ECO:0000255,PROSITE-ProRule,PRU00227,"[{""evidenceCode"":""ECO:0000255"",""id"":""PRU00227"",""source"":""PROSITE-ProRule""}]",[]
Q08972,NEW1_YEAST,194,1,2026-06-10,Binding site,,604,611,EXACT,EXACT,True,,ATP,ChEBI:CHEBI:30616,,,ECO:0000255,PROSITE-ProRule,PRU00434,"[{""evidenceCode"":""ECO:0000255"",""id"":""PRU00434"",""source"":""PROSITE-ProRule""}]","[{""database"":""ChEBI"",""id"":""CHEBI:30616""}]"
Q08972,NEW1_YEAST,194,1,2026-06-10,Binding site,,846,853,EXACT,EXACT,True,,ATP,ChEBI:CHEBI:30616,,,ECO:0000255,PROSITE-ProRule,PRU00434,"[{""evidenceCode"":""ECO:0000255"",""id"":""PRU00434"",""source"":""PROSITE-ProRule""}]","[{""database"":""ChEBI"",""id"":""CHEBI:30616""}]"
Q00772,SLT2_YEAST,226,2,2026-06-10,Active site,,153,153,EXACT,EXACT,False,Proton acceptor,,,,,ECO:0000255,PROSITE-ProRule,PRU00159;PRU10027,"[{""evidenceCode"":""ECO:0000255"",""id"":""PRU00159"",""source"":""PROSITE-ProRule""},{""evidenceCode"":""ECO:0000255"",""id"":""PRU10027"",""source"":""PROSITE-ProRule""}]",[]
Q00772,SLT2_YEAST,226,2,2026-06-10,Binding site,,29,37,EXACT,EXACT,True,,ATP,ChEBI:CHEBI:30616,,,ECO:0000255,PROSITE-ProRule,PRU00159,"[{""evidenceCode"":""ECO:0000255"",""id"":""PRU00159"",""source"":""PROSITE-ProRule""}]","[{""database"":""ChEBI"",""id"":""CHEBI:30616""}]"
Q00772,SLT2_YEAST,226,2,2026-06-10,Binding site,,54,54,EXACT,EXACT,False,,ATP,ChEBI:CHEBI:30616,,,ECO:0000255,PROSITE-ProRule,PRU00159,"[{""evidenceCode"":""ECO:0000255"",""id"":""PRU00159"",""source"":""PROSITE-ProRule""}]","[{""database"":""ChEBI"",""id"":""CHEBI:30616""}]"
Q03330,GCN5_YEAST,232,1,2026-06-10,Active site,,173,173,EXACT,EXACT,False,Proton donor/acceptor,,,,,ECO:0000250,UniProtKB,Q92830,"[{""evidenceCode"":""ECO:0000250"",""id"":""Q92830"",""source"":""UniProtKB""}]",[]
Q03330,GCN5_YEAST,232,1,2026-06-10,Binding site,,177,179,EXACT,EXACT,True,,acetyl-CoA,ChEBI:CHEBI:57288,,,ECO:0000250,UniProtKB,Q92830,"[{""evidenceCode"":""ECO:0000250"",""id"":""Q92830"",""source"":""UniProtKB""}]","[{""database"":""ChEBI"",""id"":""CHEBI:57288""}]"
Q03330,GCN5_YEAST,232,1,2026-06-10,Binding site,,184,190,EXACT,EXACT,True,,acetyl-CoA,ChEBI:CHEBI:57288,,,ECO:0000250,UniProtKB,Q92830,"[{""evidenceCode"":""ECO:0000250"",""id"":""Q92830"",""source"":""UniProtKB""}]","[{""database"":""ChEBI"",""id"":""CHEBI:57288""}]"
Q03330,GCN5_YEAST,232,1,2026-06-10,Binding site,,216,219,EXACT,EXACT,True,,acetyl-CoA,ChEBI:CHEBI:57288,,,ECO:0000250,UniProtKB,Q92830,"[{""evidenceCode"":""ECO:0000250"",""id"":""Q92830"",""source"":""UniProtKB""}]","[{""database"":""ChEBI"",""id"":""CHEBI:57288""}]"
Q03330,GCN5_YEAST,232,1,2026-06-10,Site,,173,173,EXACT,EXACT,False,Important for catalytic activity,,,,,,,,[],[]
Q03656,SKY1_YEAST,203,1,2026-06-10,Active site,,294,294,EXACT,EXACT,False,Proton acceptor,,,,,ECO:0000255,PROSITE-ProRule,PRU00159;PRU10027,"[{""evidenceCode"":""ECO:0000255"",""id"":""PRU00159"",""source"":""PROSITE-ProRule""},{""evidenceCode"":""ECO:0000255"",""id"":""PRU10027"",""source"":""PROSITE-ProRule""}]",[]
Q03656,SKY1_YEAST,203,1,2026-06-10,Binding site,,164,172,EXACT,EXACT,True,,ATP,ChEBI:CHEBI:30616,,,ECO:0000255,PROSITE-ProRule,PRU00159,"[{""evidenceCode"":""ECO:0000255"",""id"":""PRU00159"",""source"":""PROSITE-ProRule""}]","[{""database"":""ChEBI"",""id"":""CHEBI:30616""}]"
Q03656,SKY1_YEAST,203,1,2026-06-10,Binding site,,187,187,EXACT,EXACT,False,,ATP,ChEBI:CHEBI:30616,,,ECO:0000255,PROSITE-ProRule,PRU00159,"[{""evidenceCode"":""ECO:0000255"",""id"":""PRU00159"",""source"":""PROSITE-ProRule""}]","[{""database"":""ChEBI"",""id"":""CHEBI:30616""}]"
Q06385,VPS74_YEAST,183,1,2026-06-10,Binding site,,88,88,EXACT,EXACT,False,,"a 1,2-diacyl-sn-glycero-3-phospho-(1D-myo-inositol 4-phosphate)",ChEBI:CHEBI:58178,,,ECO:0000305,,,"[{""evidenceCode"":""ECO:0000305""}]","[{""database"":""ChEBI"",""id"":""CHEBI:58178""}]"
Q06385,VPS74_YEAST,183,1,2026-06-10,Binding site,,97,97,EXACT,EXACT,False,,"a 1,2-diacyl-sn-glycero-3-phospho-(1D-myo-inositol 4-phosphate)",ChEBI:CHEBI:58178,,,ECO:0000305,,,"[{""evidenceCode"":""ECO:0000305""}]","[{""database"":""ChEBI"",""id"":""CHEBI:58178""}]"
Q06385,VPS74_YEAST,183,1,2026-06-10,Binding site,,178,178,EXACT,EXACT,False,,"a 1,2-diacyl-sn-glycero-3-phospho-(1D-myo-inositol 4-phosphate)",ChEBI:CHEBI:58178,,,ECO:0000305,,,"[{""evidenceCode"":""ECO:0000305""}]","[{""database"":""ChEBI"",""id"":""CHEBI:58178""}]"
Q06385,VPS74_YEAST,183,1,2026-06-10,Binding site,,181,181,EXACT,EXACT,False,,"a 1,2-diacyl-sn-glycero-3-phospho-(1D-myo-inositol 4-phosphate)",ChEBI:CHEBI:58178,,,ECO:0000305,,,"[{""evidenceCode"":""ECO:0000305""}]","[{""database"":""ChEBI"",""id"":""CHEBI:58178""}]"
Q12464,RUVB2_YEAST,197,1,2026-06-10,Binding site,,75,82,EXACT,EXACT,True,,ATP,ChEBI:CHEBI:30616,,,ECO:0000250,,,"[{""evidenceCode"":""ECO:0000250""}]","[{""database"":""ChEBI"",""id"":""CHEBI:30616""}]"
Q03435,NHP10_YEAST,199,1,2026-06-10,DNA binding,,94,158,EXACT,EXACT,True,HMG box,,,,,ECO:0000255,PROSITE-ProRule,PRU00267,"[{""evidenceCode"":""ECO:0000255"",""id"":""PRU00267"",""source"":""PROSITE-ProRule""}]",[]
Q03497,STE20_YEAST,240,1,2026-06-10,Active site,,739,739,EXACT,EXACT,False,Proton acceptor,,,,,ECO:0000255,PROSITE-ProRule,PRU00159;PRU10027,"[{""evidenceCode"":""ECO:0000255"",""id"":""PRU00159"",""source"":""PROSITE-ProRule""},{""evidenceCode"":""ECO:0000255"",""id"":""PRU10027"",""source"":""PROSITE-ProRule""}]",[]
Q03497,STE20_YEAST,240,1,2026-06-10,Binding site,,626,634,EXACT,EXACT,True,,ATP,ChEBI:CHEBI:30616,,,ECO:0000255,PROSITE-ProRule,PRU00159,"[{""evidenceCode"":""ECO:0000255"",""id"":""PRU00159"",""source"":""PROSITE-ProRule""}]","[{""database"":""ChEBI"",""id"":""CHEBI:30616""}]"
Q03497,STE20_YEAST,240,1,2026-06-10,Binding site,,649,649,EXACT,EXACT,False,,ATP,ChEBI:CHEBI:30616,,,ECO:0000255,PROSITE-ProRule,PRU00159,"[{""evidenceCode"":""ECO:0000255"",""id"":""PRU00159"",""source"":""PROSITE-ProRule""}]","[{""database"":""ChEBI"",""id"":""CHEBI:30616""}]"
Q03533,TDA1_YEAST,192,1,2026-06-10,Active site,,180,180,EXACT,EXACT,False,Proton acceptor,,,,,ECO:0000255,PROSITE-ProRule,PRU00159;PRU10027,"[{""evidenceCode"":""ECO:0000255"",""id"":""PRU00159"",""source"":""PROSITE-ProRule""},{""evidenceCode"":""ECO:0000255"",""id"":""PRU10027"",""source"":""PROSITE-ProRule""}]",[]
Q03533,TDA1_YEAST,192,1,2026-06-10,Binding site,,45,53,EXACT,EXACT,True,,ATP,ChEBI:CHEBI:30616,,,ECO:0000255,PROSITE-ProRule,PRU00159,"[{""evidenceCode"":""ECO:0000255"",""id"":""PRU00159"",""source"":""PROSITE-ProRule""}]","[{""database"":""ChEBI"",""id"":""CHEBI:30616""}]"
Q03533,TDA1_YEAST,192,1,2026-06-10,Binding site,,68,68,EXACT,EXACT,False,,ATP,ChEBI:CHEBI:30616,,,ECO:0000255,PROSITE-ProRule,PRU00159,"[{""evidenceCode"":""ECO:0000255"",""id"":""PRU00159"",""source"":""PROSITE-ProRule""}]","[{""database"":""ChEBI"",""id"":""CHEBI:30616""}]"
Q04439,MYO5_YEAST,219,1,2026-06-10,Binding site,,129,136,EXACT,EXACT,True,,ATP,ChEBI:CHEBI:30616,,,ECO:0000255,PROSITE-ProRule,PRU00782,"[{""evidenceCode"":""ECO:0000255"",""id"":""PRU00782"",""source"":""PROSITE-ProRule""}]","[{""database"":""ChEBI"",""id"":""CHEBI:30616""}]"
Q12386,ARP8_YEAST,196,1,2026-06-10,Binding site,,502,505,EXACT,EXACT,True,,ATP,ChEBI:CHEBI:30616,,,ECO:0000250,,,"[{""evidenceCode"":""ECO:0000250""}]","[{""database"":""ChEBI"",""id"":""CHEBI:30616""}]"
Q03262,PGM3_YEAST,192,1,2026-06-10,Active site,,158,158,EXACT,EXACT,False,Phosphoserine intermediate,,,,,ECO:0000250,UniProtKB,P00949,"[{""evidenceCode"":""ECO:0000250"",""id"":""P00949"",""source"":""UniProtKB""}]",[]
Q03262,PGM3_YEAST,192,1,2026-06-10,Binding site,,57,57,EXACT,EXACT,False,,substrate,,,,ECO:0000250,UniProtKB,P00949,"[{""evidenceCode"":""ECO:0000250"",""id"":""P00949"",""source"":""UniProtKB""}]",[]
Q03262,PGM3_YEAST,192,1,2026-06-10,Binding site,,61,61,EXACT,EXACT,False,,substrate,,,,ECO:0000250,UniProtKB,P00949,"[{""evidenceCode"":""ECO:0000250"",""id"":""P00949"",""source"":""UniProtKB""}]",[]
Q03262,PGM3_YEAST,192,1,2026-06-10,Binding site,,158,159,EXACT,EXACT,True,,substrate,,,,ECO:0000250,UniProtKB,P00949,"[{""evidenceCode"":""ECO:0000250"",""id"":""P00949"",""source"":""UniProtKB""}]",[]
Q03262,PGM3_YEAST,192,1,2026-06-10,Binding site,,158,158,EXACT,EXACT,False,via phosphate group,Mg(2+),ChEBI:CHEBI:18420,,,ECO:0000250,UniProtKB,P00949,"[{""evidenceCode"":""ECO:0000250"",""id"":""P00949"",""source"":""UniProtKB""}]","[{""database"":""ChEBI"",""id"":""CHEBI:18420""}]"
Q03262,PGM3_YEAST,192,1,2026-06-10,Binding site,,168,168,EXACT,EXACT,False,,substrate,,,,ECO:0000250,UniProtKB,P00949,"[{""evidenceCode"":""ECO:0000250"",""id"":""P00949"",""source"":""UniProtKB""}]",[]
Q03262,PGM3_YEAST,192,1,2026-06-10,Binding site,,325,325,EXACT,EXACT,False,,Mg(2+),ChEBI:CHEBI:18420,,,ECO:0000250,UniProtKB,P00949,"[{""evidenceCode"":""ECO:0000250"",""id"":""P00949"",""source"":""UniProtKB""}]","[{""database"":""ChEBI"",""id"":""CHEBI:18420""}]"
Q03262,PGM3_YEAST,192,1,2026-06-10,Binding site,,327,327,EXACT,EXACT,False,,Mg(2+),ChEBI:CHEBI:18420,,,ECO:0000250,UniProtKB,P00949,"[{""evidenceCode"":""ECO:0000250"",""id"":""P00949"",""source"":""UniProtKB""}]","[{""database"":""ChEBI"",""id"":""CHEBI:18420""}]"
Q03262,PGM3_YEAST,192,1,2026-06-10,Binding site,,329,330,EXACT,EXACT,True,,substrate,,,,ECO:0000250,UniProtKB,P00949,"[{""evidenceCode"":""ECO:0000250"",""id"":""P00949"",""source"":""UniProtKB""}]",[]
Q03262,PGM3_YEAST,192,1,2026-06-10,Binding site,,329,329,EXACT,EXACT,False,,Mg(2+),ChEBI:CHEBI:18420,,,ECO:0000250,UniProtKB,P00949,"[{""evidenceCode"":""ECO:0000250"",""id"":""P00949"",""source"":""UniProtKB""}]","[{""database"":""ChEBI"",""id"":""CHEBI:18420""}]"
Q03262,PGM3_YEAST,192,1,2026-06-10,Binding site,,404,404,EXACT,EXACT,False,,substrate,,,,ECO:0000250,UniProtKB,P00949,"[{""evidenceCode"":""ECO:0000250"",""id"":""P00949"",""source"":""UniProtKB""}]",[]
Q03262,PGM3_YEAST,192,1,2026-06-10,Binding site,,428,430,EXACT,EXACT,True,,substrate,,,,ECO:0000250,UniProtKB,P00949,"[{""evidenceCode"":""ECO:0000250"",""id"":""P00949"",""source"":""UniProtKB""}]",[]
Q03262,PGM3_YEAST,192,1,2026-06-10,Binding site,,442,442,EXACT,EXACT,False,,substrate,,,,ECO:0000250,UniProtKB,P00949,"[{""evidenceCode"":""ECO:0000250"",""id"":""P00949"",""source"":""UniProtKB""}]",[]
Q12271,INP53_YEAST,179,1,2026-06-10,Active site,,746,746,EXACT,EXACT,False,Proton acceptor,,,,,ECO:0000255,PROSITE-ProRule,PRU01427,"[{""evidenceCode"":""ECO:0000255"",""id"":""PRU01427"",""source"":""PROSITE-ProRule""}]",[]
Q12271,INP53_YEAST,179,1,2026-06-10,Binding site,,576,576,EXACT,EXACT,False,,Mg(2+),ChEBI:CHEBI:18420,,,ECO:0000255,PROSITE-ProRule,PRU01427,"[{""evidenceCode"":""ECO:0000255"",""id"":""PRU01427"",""source"":""PROSITE-ProRule""}]","[{""database"":""ChEBI"",""id"":""CHEBI:18420""}]"
Q12271,INP53_YEAST,179,1,2026-06-10,Binding site,,606,606,EXACT,EXACT,False,,Mg(2+),ChEBI:CHEBI:18420,,,ECO:0000255,PROSITE-ProRule,PRU01427,"[{""evidenceCode"":""ECO:0000255"",""id"":""PRU01427"",""source"":""PROSITE-ProRule""}]","[{""database"":""ChEBI"",""id"":""CHEBI:18420""}]"
Q12222,YGK3_YEAST,191,1,2026-06-10,Active site,,173,173,EXACT,EXACT,False,Proton acceptor,,,,,ECO:0000255,PROSITE-ProRule,PRU00159;PRU10027,"[{""evidenceCode"":""ECO:0000255"",""id"":""PRU00159"",""source"":""PROSITE-ProRule""},{""evidenceCode"":""ECO:0000255"",""id"":""PRU10027"",""source"":""PROSITE-ProRule""}]",[]
Q12222,YGK3_YEAST,191,1,2026-06-10,Binding site,,47,55,EXACT,EXACT,True,,ATP,ChEBI:CHEBI:30616,,,ECO:0000255,PROSITE-ProRule,PRU00159,"[{""evidenceCode"":""ECO:0000255"",""id"":""PRU00159"",""source"":""PROSITE-ProRule""}]","[{""database"":""ChEBI"",""id"":""CHEBI:30616""}]"
Q12222,YGK3_YEAST,191,1,2026-06-10,Binding site,,74,74,EXACT,EXACT,False,,ATP,ChEBI:CHEBI:30616,,,ECO:0000255,PROSITE-ProRule,PRU00159,"[{""evidenceCode"":""ECO:0000255"",""id"":""PRU00159"",""source"":""PROSITE-ProRule""}]","[{""database"":""ChEBI"",""id"":""CHEBI:30616""}]"
Q04116,YHP1_YEAST,169,1,2026-06-10,DNA binding,,173,232,EXACT,EXACT,True,Homeobox,,,,,ECO:0000255,PROSITE-ProRule,PRU00108,"[{""evidenceCode"":""ECO:0000255"",""id"":""PRU00108"",""source"":""PROSITE-ProRule""}]",[]
