acc,pos,min_dist_A,y
P00924,10,15.845911979675291,0
P00924,12,9.896291732788086,0
P00924,188,11.83523654937744,1
P00924,290,11.450397491455078,0
P02829,282,28.333364486694336,0
P02829,297,20.191083908081055,1
P02829,379,1.3419464826583862,0
P02829,533,66.66445922851562,1
P02829,604,46.17081832885742,0
P02829,612,59.30220413208008,1
P04050,1460,50.49840545654297,0
P04050,1471,41.56484603881836,0
P06244,241,9.76496124267578,1
P06782,210,9.079323768615724,1
P06782,211,9.060124397277832,1
P06782,217,6.122025012969971,1
P06782,413,28.930192947387695,0
P06782,487,67.48636627197266,1
P08018,248,55.94901657104492,0
P11792,288,25.88221549987793,1
P11792,290,25.63114547729492,1
P11792,568,10.89484405517578,1
P11792,726,16.79967498779297,1
P11986,42,39.01385498046875,1
P11986,48,33.4875373840332,0
P11986,368,1.340893030166626,1
P11986,375,7.465838432312012,0
P12683,551,51.23435974121094,1
P12683,575,31.56197738647461,1
P12683,577,32.68137741088867,1
P12683,580,35.34070587158203,0
P12684,556,59.05854034423828,1
P12684,565,47.88321685791016,0
P12688,508,2.836493015289306,1
P12904,7,21.811134338378903,0
P12904,73,14.630712509155272,0
P12904,81,5.99046516418457,0
P13185,990,48.551883697509766,1
P13185,1000,32.15034484863281,0
P16140,83,38.891845703125,0
P16140,84,41.22591018676758,0
P16140,137,21.062583923339844,0
P16140,284,19.36030006408691,1
P16140,370,21.585508346557617,1
P16140,378,7.700033664703369,1
P16140,380,1.3399593830108645,1
P16140,407,16.867591857910156,0
P16140,485,26.23292350769043,1
P16140,501,51.7973747253418,0
P16140,503,58.4520378112793,1
P16140,511,73.8664321899414,0
P16387,313,1.3296478986740112,0
P16387,315,6.331162452697754,1
P20449,86,18.444639205932617,0
P20604,209,6.694573402404785,1
P21965,24,14.043972969055176,0
P21965,198,9.988041877746582,0
P21965,199,8.72653865814209,1
P22082,1478,65.37679290771484,0
P22204,51,43.82935333251953,1
P23561,231,24.908695220947266,0
P23561,323,19.634662628173828,1
P23561,387,36.672855377197266,0
P23561,616,5.256359100341797,1
P25037,530,25.716379165649418,0
P25037,531,26.357635498046875,0
P25037,638,51.13713455200195,0
P25333,123,52.42375564575195,1
P25333,155,34.08082580566406,1
P32324,466,19.90245819091797,1
P32324,566,31.051958084106445,1
P32324,569,37.6397819519043,1
P32328,359,16.623065948486328,0
P32485,174,10.915719985961914,1
P32485,176,6.300754070281982,1
P32490,163,17.494686126708984,1
P32490,180,33.567054748535156,0
P32490,191,34.54972839355469,0
P32490,192,32.59056854248047,1
P32490,194,27.681028366088867,1
P32490,195,27.227914810180664,1
P32490,458,24.66587257385254,1
P32561,6,27.28352165222168,0
P32561,385,28.57512664794922,0
P32561,388,28.465673446655273,1
P32561,408,32.42258071899414,0
P32561,418,37.47762680053711,1
P32801,516,20.05537796020508,0
P32801,551,8.80594253540039,0
P32801,580,61.98612594604492,0
P32801,581,61.790863037109375,0
P37263,49,1.3308113813400269,0
P37263,53,3.604691743850708,0
P37263,121,22.14497947692871,1
P37263,126,29.518346786499023,0
P38953,2,45.64744567871094,0
P38953,14,24.08891487121582,1
P43565,1061,35.971309661865234,0
P43565,1525,66.47244262695312,1
P43565,1764,51.48599624633789,1
P47116,587,20.922407150268555,1
P47116,623,17.066509246826172,0
P47116,726,53.58572769165039,0
P47116,727,54.481441497802734,0
P47116,730,59.056915283203125,0
P47116,737,63.78716278076172,1
P47116,781,43.50135803222656,0
P50873,98,30.462270736694336,0
P50873,323,10.152339935302734,1
P50873,324,8.921100616455078,1
P50947,150,34.58069610595703,0
P50947,234,42.65723419189453,0
P50947,264,13.44479751586914,0
P50947,267,13.082221031188965,0
P53599,78,42.83266830444336,1
P53599,1424,21.311338424682617,1
P53599,1460,3.208043336868286,0
P53599,1468,8.061418533325195,0
Q00772,190,10.354703903198242,1
Q00772,192,6.579809188842773,1
Q00772,340,18.91645050048828,0
Q00772,413,35.49823760986328,0
Q00772,414,33.39409255981445,1
Q00772,416,31.503995895385746,0
Q00772,428,11.047675132751465,1
Q00772,453,35.658145904541016,0
Q03330,64,24.49939346313477,1
Q03330,204,10.2855224609375,1
Q03330,212,5.740200042724609,1
Q03497,502,57.28337860107422,0
Q03497,575,50.28120040893555,0
Q03533,449,37.25712585449219,0
Q03533,513,30.84992790222168,1
Q03533,522,26.226665496826172,0
Q03656,338,42.172176361083984,1
Q03656,360,67.58240509033203,0
Q03656,362,66.78852844238281,1
Q03656,386,8.525918960571289,0
Q03656,388,3.58735728263855,1
Q03656,396,12.419663429260254,0
Q03656,410,26.054012298583984,0
Q03656,414,34.70024490356445,0
Q03656,417,42.53809356689453,0
Q03656,427,56.1058235168457,1
Q03656,445,50.5717658996582,1
Q03656,449,41.48918914794922,0
Q03656,453,38.63372421264648,0
Q03656,455,41.63141250610352,0
Q03656,725,19.486112594604492,0
Q04439,349,45.21429443359375,1
Q04439,359,43.37937545776367,1
Q04439,777,90.7554168701172,1
Q04439,992,86.01949310302734,1
Q04439,1205,53.57682418823242,1
Q06385,14,29.593843460083008,1
Q06385,19,37.99903869628906,1
Q06385,22,36.65755081176758,0
Q08972,1191,47.28818893432617,1
Q12222,211,2.6456551551818848,0
Q12271,975,73.57141876220703,1
Q12386,235,49.16253662109375,0
Q12386,237,48.11997985839844,0
Q12464,11,18.86264991760254,0
P13185,660,58.009490966796875,1
P25333,70,50.01347351074219,1
P25333,71,48.31123352050781,1
P50947,155,29.080461502075195,1
P50947,236,38.69353485107422,1
Q03656,393,10.400346755981445,1
Q08972,1146,39.95917510986328,1
Q08972,1181,61.79010009765625,1
Q08972,1185,59.40869903564453,1
