acc,pos,y,min_dist_exp_A,nearest_exp_pos,n_exp_targets,min_dist_A
P00924,10,0,15.845911979675293,376.0,12,15.845911979675291
P00924,12,0,9.896291732788086,376.0,12,9.896291732788086
P00924,188,1,11.835236549377441,212.0,12,11.83523654937744
P00924,290,0,11.450397491455078,169.0,12,11.450397491455078
P02829,282,0,28.333364486694336,119.0,16,28.333364486694336
P02829,297,1,20.191083908081055,380.0,16,20.191083908081055
P02829,379,0,1.3419464826583862,380.0,16,1.3419464826583862
P02829,533,1,66.66445922851562,380.0,16,66.66445922851562
P02829,604,0,46.17081832885742,380.0,16,46.17081832885742
P02829,612,1,59.30220413208008,380.0,16,59.30220413208008
P04050,1460,0,50.49840545654297,70.0,11,50.49840545654297
P04050,1471,0,41.56484603881836,70.0,11,41.56484603881836
P06244,241,1,,,0,9.76496124267578
P06782,210,1,,,0,9.079323768615724
P06782,211,1,,,0,9.060124397277832
P06782,217,1,,,0,6.122025012969971
P06782,413,0,,,0,28.930192947387695
P06782,487,1,,,0,67.48636627197266
P08018,248,0,,,0,55.94901657104492
P11792,288,1,,,0,25.88221549987793
P11792,290,1,,,0,25.63114547729492
P11792,568,1,,,0,10.89484405517578
P11792,726,1,,,0,16.79967498779297
P11986,42,1,39.01385498046875,369.0,27,39.01385498046875
P11986,48,0,33.4875373840332,320.0,27,33.4875373840332
P11986,368,1,1.340893030166626,369.0,27,1.340893030166626
P11986,375,0,7.465838432312012,369.0,27,7.465838432312012
P12683,551,1,,,0,51.23435974121094
P12683,575,1,,,0,31.56197738647461
P12683,577,1,,,0,32.68137741088867
P12683,580,0,,,0,35.34070587158203
P12684,556,1,,,0,59.05854034423828
P12684,565,0,,,0,47.88321685791016
P12688,508,1,,,0,2.836493015289306
P12904,7,0,21.811134338378906,312.0,8,21.811134338378903
P12904,73,0,28.7730655670166,221.0,8,14.630712509155272
P12904,81,0,6.663546085357666,221.0,8,5.99046516418457
P13185,990,1,,,0,48.551883697509766
P13185,1000,0,,,0,32.15034484863281
P16140,83,0,,,0,38.891845703125
P16140,84,0,,,0,41.22591018676758
P16140,137,0,,,0,21.062583923339844
P16140,284,1,,,0,19.36030006408691
P16140,370,1,,,0,21.585508346557617
P16140,378,1,,,0,7.700033664703369
P16140,380,1,,,0,1.3399593830108645
P16140,407,0,,,0,16.867591857910156
P16140,485,1,,,0,26.23292350769043
P16140,501,0,,,0,51.7973747253418
P16140,503,1,,,0,58.4520378112793
P16140,511,0,,,0,73.8664321899414
P16387,313,0,,,0,1.3296478986740112
P16387,315,1,,,0,6.331162452697754
P20449,86,0,,,0,18.444639205932617
P20604,209,1,,,0,6.694573402404785
P21965,24,0,,,0,14.043972969055176
P21965,198,0,,,0,9.988041877746582
P21965,199,1,,,0,8.72653865814209
P22082,1478,0,,,0,65.37679290771484
P22204,51,1,,,0,43.82935333251953
P23561,231,0,,,0,24.908695220947266
P23561,323,1,,,0,19.634662628173828
P23561,387,0,,,0,36.672855377197266
P23561,616,1,,,0,5.256359100341797
P25037,530,0,,,0,25.716379165649418
P25037,531,0,,,0,26.357635498046875
P25037,638,0,,,0,51.13713455200195
P25333,123,1,,,0,52.42375564575195
P25333,155,1,,,0,34.08082580566406
P32324,466,1,19.90245819091797,32.0,15,19.90245819091797
P32324,566,1,31.051958084106445,27.0,15,31.051958084106445
P32324,569,1,37.6397819519043,27.0,15,37.6397819519043
P32328,359,0,,,0,16.623065948486328
P32485,174,1,18.112449645996094,161.0,3,10.915719985961914
P32485,176,1,14.856353759765625,161.0,3,6.300754070281982
P32490,163,1,,,0,17.494686126708984
P32490,180,0,,,0,33.567054748535156
P32490,191,0,,,0,34.54972839355469
P32490,192,1,,,0,32.59056854248047
P32490,194,1,,,0,27.681028366088867
P32490,195,1,,,0,27.227914810180664
P32490,458,1,,,0,24.66587257385254
P32561,6,0,,,0,27.28352165222168
P32561,385,0,,,0,28.57512664794922
P32561,388,1,,,0,28.465673446655273
P32561,408,0,,,0,32.42258071899414
P32561,418,1,,,0,37.47762680053711
P32801,516,0,,,0,20.05537796020508
P32801,551,0,,,0,8.80594253540039
P32801,580,0,,,0,61.98612594604492
P32801,581,0,,,0,61.790863037109375
P37263,49,0,,,0,1.3308113813400269
P37263,53,0,,,0,3.604691743850708
P37263,121,1,,,0,22.14497947692871
P37263,126,0,,,0,29.518346786499023
P38953,2,0,,,0,45.64744567871094
P38953,14,1,,,0,24.08891487121582
P43565,1061,0,,,0,35.971309661865234
P43565,1525,1,,,0,66.47244262695312
P43565,1764,1,,,0,51.48599624633789
P47116,587,1,,,0,20.922407150268555
P47116,623,0,,,0,17.066509246826172
P47116,726,0,,,0,53.58572769165039
P47116,727,0,,,0,54.481441497802734
P47116,730,0,,,0,59.056915283203125
P47116,737,1,,,0,63.78716278076172
P47116,781,0,,,0,43.50135803222656
P50873,98,0,,,0,30.462270736694336
P50873,323,1,,,0,10.152339935302734
P50873,324,1,,,0,8.921100616455078
P50947,150,0,,,0,34.58069610595703
P50947,234,0,,,0,42.65723419189453
P50947,264,0,,,0,13.44479751586914
P50947,267,0,,,0,13.082221031188965
P53599,78,1,,,0,42.83266830444336
P53599,1424,1,,,0,21.311338424682617
P53599,1460,0,,,0,3.208043336868286
P53599,1468,0,,,0,8.061418533325195
Q00772,190,1,,,0,10.354703903198242
Q00772,192,1,,,0,6.579809188842773
Q00772,340,0,,,0,18.91645050048828
Q00772,413,0,,,0,35.49823760986328
Q00772,414,1,,,0,33.39409255981445
Q00772,416,0,,,0,31.503995895385746
Q00772,428,1,,,0,11.047675132751465
Q00772,453,0,,,0,35.658145904541016
Q03330,64,1,,,0,24.49939346313477
Q03330,204,1,,,0,10.2855224609375
Q03330,212,1,,,0,5.740200042724609
Q03497,502,0,,,0,57.28337860107422
Q03497,575,0,,,0,50.28120040893555
Q03533,449,0,,,0,37.25712585449219
Q03533,513,1,,,0,30.84992790222168
Q03533,522,0,,,0,26.226665496826172
Q03656,338,1,,,0,42.172176361083984
Q03656,360,0,,,0,67.58240509033203
Q03656,362,1,,,0,66.78852844238281
Q03656,386,0,,,0,8.525918960571289
Q03656,388,1,,,0,3.58735728263855
Q03656,396,0,,,0,12.419663429260254
Q03656,410,0,,,0,26.054012298583984
Q03656,414,0,,,0,34.70024490356445
Q03656,417,0,,,0,42.53809356689453
Q03656,427,1,,,0,56.1058235168457
Q03656,445,1,,,0,50.5717658996582
Q03656,449,0,,,0,41.48918914794922
Q03656,453,0,,,0,38.63372421264648
Q03656,455,0,,,0,41.63141250610352
Q03656,725,0,,,0,19.486112594604492
Q04439,349,1,,,0,45.21429443359375
Q04439,359,1,,,0,43.37937545776367
Q04439,777,1,,,0,90.7554168701172
Q04439,992,1,,,0,86.01949310302734
Q04439,1205,1,,,0,53.57682418823242
Q06385,14,1,,,0,29.593843460083008
Q06385,19,1,,,0,37.99903869628906
Q06385,22,0,,,0,36.65755081176758
Q08972,1191,1,,,0,47.28818893432617
Q12222,211,0,,,0,2.6456551551818848
Q12271,975,1,,,0,73.57141876220703
Q12386,235,0,,,0,49.16253662109375
Q12386,237,0,,,0,48.11997985839844
Q12464,11,0,,,0,18.86264991760254
