acc,feat_pos,n_covering_records,codes,is_experimental
P00924,160,1,ECO:0000269,True
P00924,169,1,ECO:0000269,True
P00924,212,1,ECO:0000269,True
P00924,247,1,ECO:0000269,True
P00924,296,2,ECO:0000269,True
P00924,321,2,ECO:0000269,True
P00924,346,1,ECO:0000269,True
P00924,373,1,ECO:0000269,True
P00924,374,1,ECO:0000269,True
P00924,375,1,ECO:0000269,True
P00924,376,1,ECO:0000269,True
P00924,397,1,ECO:0000269,True
P02829,33,1,ECO:0000269;ECO:0007744,True
P02829,37,1,ECO:0000269;ECO:0007744,True
P02829,79,1,ECO:0000269;ECO:0007744,True
P02829,84,1,ECO:0000269;ECO:0007744,True
P02829,92,1,ECO:0000269;ECO:0007744,True
P02829,98,1,ECO:0000269;ECO:0007744,True
P02829,99,1,ECO:0000269;ECO:0007744,True
P02829,100,1,ECO:0000269;ECO:0007744,True
P02829,119,1,ECO:0000269;ECO:0007744,True
P02829,120,1,ECO:0000269;ECO:0007744,True
P02829,121,1,ECO:0000269;ECO:0007744,True
P02829,122,1,ECO:0000269;ECO:0007744,True
P02829,123,1,ECO:0000269;ECO:0007744,True
P02829,124,1,ECO:0000269;ECO:0007744,True
P02829,171,1,ECO:0000269;ECO:0007744,True
P02829,380,1,ECO:0000269;ECO:0007744,True
P04050,67,1,ECO:0000269;ECO:0007744,True
P04050,70,1,ECO:0000269;ECO:0007744,True
P04050,77,1,ECO:0000269;ECO:0007744,True
P04050,80,1,ECO:0000269;ECO:0007744,True
P04050,107,1,ECO:0000269;ECO:0007744,True
P04050,110,1,ECO:0000269;ECO:0007744,True
P04050,148,1,ECO:0000269;ECO:0007744,True
P04050,167,1,ECO:0000269;ECO:0007744,True
P04050,481,1,ECO:0000269;ECO:0007744,True
P04050,483,1,ECO:0000269;ECO:0007744,True
P04050,485,1,ECO:0000269;ECO:0007744,True
P06244,93,1,ECO:0000255,False
P06244,94,1,ECO:0000255,False
P06244,95,1,ECO:0000255,False
P06244,96,1,ECO:0000255,False
P06244,97,1,ECO:0000255,False
P06244,98,1,ECO:0000255,False
P06244,99,1,ECO:0000255,False
P06244,100,1,ECO:0000255,False
P06244,101,1,ECO:0000255,False
P06244,116,1,ECO:0000255,False
P06244,210,1,(none),False
P06782,61,1,ECO:0000255,False
P06782,62,1,ECO:0000255,False
P06782,63,1,ECO:0000255,False
P06782,64,1,ECO:0000255,False
P06782,65,1,ECO:0000255,False
P06782,66,1,ECO:0000255,False
P06782,67,1,ECO:0000255,False
P06782,68,1,ECO:0000255,False
P06782,69,1,ECO:0000255,False
P06782,84,1,ECO:0000255,False
P06782,177,1,ECO:0000255,False
P08018,366,1,ECO:0000255,False
P08018,367,1,ECO:0000255,False
P08018,368,1,ECO:0000255,False
P08018,369,1,ECO:0000255,False
P08018,370,1,ECO:0000255,False
P08018,371,1,ECO:0000255,False
P08018,372,1,ECO:0000255,False
P08018,373,1,ECO:0000255,False
P08018,374,1,ECO:0000255,False
P08018,389,1,ECO:0000255,False
P08018,485,1,ECO:0000255,False
P11792,418,1,ECO:0000255,False
P11792,419,1,ECO:0000255,False
P11792,420,1,ECO:0000255,False
P11792,421,1,ECO:0000255,False
P11792,422,1,ECO:0000255,False
P11792,423,1,ECO:0000255,False
P11792,424,1,ECO:0000255,False
P11792,425,1,ECO:0000255,False
P11792,426,1,ECO:0000255,False
P11792,441,1,ECO:0000255,False
P11792,538,1,ECO:0000255,False
P11986,74,1,ECO:0000269;ECO:0007744,True
P11986,75,1,ECO:0000269;ECO:0007744,True
P11986,76,1,ECO:0000269;ECO:0007744,True
P11986,77,1,ECO:0000269;ECO:0007744,True
P11986,148,1,ECO:0000269;ECO:0007744,True
P11986,184,1,ECO:0000269;ECO:0007744,True
P11986,185,1,ECO:0000269;ECO:0007744,True
P11986,195,1,ECO:0000269;ECO:0007744,True
P11986,196,1,ECO:0000269;ECO:0007744,True
P11986,198,1,ECO:0000269;ECO:0007744,True
P11986,244,1,ECO:0000269;ECO:0007744,True
P11986,245,1,ECO:0000269;ECO:0007744,True
P11986,246,1,ECO:0000269;ECO:0007744,True
P11986,247,1,ECO:0000269;ECO:0007744,True
P11986,295,1,ECO:0000269;ECO:0007744,True
P11986,296,1,ECO:0000269;ECO:0007744,True
P11986,320,1,ECO:0000269;ECO:0007744,True
P11986,321,1,ECO:0000269;ECO:0007744,True
P11986,323,1,ECO:0000269;ECO:0007744,True
P11986,354,1,ECO:0000269;ECO:0007744,True
P11986,355,1,ECO:0000269;ECO:0007744,True
P11986,356,1,ECO:0000269;ECO:0007744,True
P11986,369,1,ECO:0000269;ECO:0007744,True
P11986,409,1,ECO:0000269;ECO:0007744,True
P11986,410,1,ECO:0000269;ECO:0007744,True
P11986,438,1,ECO:0000269;ECO:0007744,True
P11986,439,1,ECO:0000269;ECO:0007744,True
P12683,714,1,ECO:0000250,False
P12683,720,1,ECO:0000250,False
P12683,721,1,ECO:0000250,False
P12683,722,1,ECO:0000250,False
P12683,723,1,ECO:0000250,False
P12683,724,1,ECO:0000250,False
P12683,725,1,ECO:0000250,False
P12683,726,1,ECO:0000250,False
P12683,781,1,ECO:0000250,False
P12683,782,1,ECO:0000250,False
P12683,783,1,ECO:0000250,False
P12683,808,1,ECO:0000250,False
P12683,809,1,ECO:0000250,False
P12683,810,1,ECO:0000250,False
P12683,811,1,ECO:0000250,False
P12683,812,1,ECO:0000250,False
P12683,813,1,ECO:0000250,False
P12683,814,1,ECO:0000250,False
P12683,815,1,ECO:0000250,False
P12683,816,1,ECO:0000250,False
P12683,848,1,ECO:0000250,False
P12683,877,1,ECO:0000250,False
P12683,878,1,ECO:0000250,False
P12683,879,1,ECO:0000250,False
P12683,924,1,ECO:0000250,False
P12683,1019,1,ECO:0000250,False
P12683,1020,2,ECO:0000250;ECO:0000255,False
P12683,1024,1,ECO:0000250,False
P12683,1025,1,ECO:0000250,False
P12684,710,1,ECO:0000250,False
P12684,716,1,ECO:0000250,False
P12684,717,1,ECO:0000250,False
P12684,718,1,ECO:0000250,False
P12684,719,1,ECO:0000250,False
P12684,720,1,ECO:0000250,False
P12684,721,1,ECO:0000250,False
P12684,722,1,ECO:0000250,False
P12684,777,1,ECO:0000250,False
P12684,778,1,ECO:0000250,False
P12684,779,1,ECO:0000250,False
P12684,804,1,ECO:0000250,False
P12684,805,1,ECO:0000250,False
P12684,806,1,ECO:0000250,False
P12684,807,1,ECO:0000250,False
P12684,808,1,ECO:0000250,False
P12684,809,1,ECO:0000250,False
P12684,810,1,ECO:0000250,False
P12684,811,1,ECO:0000250,False
P12684,812,1,ECO:0000250,False
P12684,844,1,ECO:0000250,False
P12684,873,1,ECO:0000250,False
P12684,874,1,ECO:0000250,False
P12684,875,1,ECO:0000250,False
P12684,920,1,ECO:0000250,False
P12684,1015,1,ECO:0000250,False
P12684,1016,2,ECO:0000250;ECO:0000255,False
P12684,1020,1,ECO:0000250,False
P12684,1021,1,ECO:0000250,False
P12688,353,1,ECO:0000255,False
P12688,354,1,ECO:0000255,False
P12688,355,1,ECO:0000255,False
P12688,356,1,ECO:0000255,False
P12688,357,1,ECO:0000255,False
P12688,358,1,ECO:0000255,False
P12688,359,1,ECO:0000255,False
P12688,360,1,ECO:0000255,False
P12688,361,1,ECO:0000255,False
P12688,376,1,ECO:0000255,False
P12688,470,1,ECO:0000255,False
P12904,42,1,ECO:0000250,False
P12904,146,1,ECO:0000250,False
P12904,166,1,ECO:0000250,False
P12904,167,1,ECO:0000250,False
P12904,168,1,ECO:0000250,False
P12904,169,1,ECO:0000250,False
P12904,195,3,ECO:0000250;ECO:0000269;ECO:0007744,True
P12904,200,2,ECO:0000269;ECO:0007744,True
P12904,221,3,ECO:0000250;ECO:0000269;ECO:0007744,True
P12904,222,3,ECO:0000250;ECO:0000269;ECO:0007744,True
P12904,291,1,ECO:0000250,False
P12904,292,1,ECO:0000250,False
P12904,293,1,ECO:0000250,False
P12904,309,3,ECO:0000250;ECO:0000269;ECO:0007744,True
P12904,310,3,ECO:0000250;ECO:0000269;ECO:0007744,True
P12904,311,3,ECO:0000250;ECO:0000269;ECO:0007744,True
P12904,312,3,ECO:0000250;ECO:0000269;ECO:0007744,True
P13185,126,1,ECO:0000255,False
P13185,127,1,ECO:0000255,False
P13185,128,1,ECO:0000255,False
P13185,129,1,ECO:0000255,False
P13185,130,1,ECO:0000255,False
P13185,131,1,ECO:0000255,False
P13185,132,1,ECO:0000255,False
P13185,133,1,ECO:0000255,False
P13185,134,1,ECO:0000255,False
P13185,149,1,ECO:0000255,False
P13185,269,1,ECO:0000255,False
P16140,381,1,ECO:0000250,False
P16387,112,1,ECO:0000250,False
P16387,138,2,ECO:0000250,False
P16387,139,2,ECO:0000250,False
P16387,177,1,ECO:0000250,False
P16387,185,2,ECO:0000250,False
P16387,187,2,ECO:0000250,False
P16387,216,3,ECO:0000250,False
P16387,217,2,ECO:0000250,False
P16387,218,2,ECO:0000250,False
P16387,245,3,ECO:0000250,False
P16387,247,2,ECO:0000250,False
P16387,312,1,ECO:0000250,False
P20449,138,1,ECO:0000255,False
P20449,139,1,ECO:0000255,False
P20449,140,1,ECO:0000255,False
P20449,141,1,ECO:0000255,False
P20449,142,1,ECO:0000255,False
P20449,143,1,ECO:0000255,False
P20449,144,1,ECO:0000255,False
P20449,145,1,ECO:0000255,False
P20604,53,1,ECO:0000250,False
P20604,55,1,ECO:0000250,False
P20604,82,1,ECO:0000250,False
P20604,114,1,ECO:0000250,False
P20604,115,1,ECO:0000250,False
P20604,164,1,ECO:0000250,False
P20604,238,1,ECO:0000250,False
P21965,41,1,ECO:0000255,False
P21965,42,1,ECO:0000255,False
P21965,43,1,ECO:0000255,False
P21965,44,1,ECO:0000255,False
P21965,45,1,ECO:0000255,False
P21965,46,1,ECO:0000255,False
P21965,47,1,ECO:0000255,False
P21965,48,1,ECO:0000255,False
P21965,49,1,ECO:0000255,False
P21965,68,1,ECO:0000255,False
P21965,164,1,ECO:0000255,False
P22082,792,1,ECO:0000255,False
P22082,793,1,ECO:0000255,False
P22082,794,1,ECO:0000255,False
P22082,795,1,ECO:0000255,False
P22082,796,1,ECO:0000255,False
P22082,797,1,ECO:0000255,False
P22082,798,1,ECO:0000255,False
P22082,799,1,ECO:0000255,False
P22204,183,1,ECO:0000255,False
P22204,184,1,ECO:0000255,False
P22204,185,1,ECO:0000255,False
P22204,186,1,ECO:0000255,False
P22204,187,1,ECO:0000255,False
P22204,188,1,ECO:0000255,False
P22204,189,1,ECO:0000255,False
P22204,190,1,ECO:0000255,False
P22204,191,1,ECO:0000255,False
P22204,206,1,ECO:0000255,False
P22204,300,1,ECO:0000255,False
P23561,421,1,ECO:0000255,False
P23561,422,1,ECO:0000255,False
P23561,423,1,ECO:0000255,False
P23561,424,1,ECO:0000255,False
P23561,425,1,ECO:0000255,False
P23561,426,1,ECO:0000255,False
P23561,427,1,ECO:0000255,False
P23561,428,1,ECO:0000255,False
P23561,429,1,ECO:0000255,False
P23561,444,1,ECO:0000255,False
P23561,579,1,ECO:0000255,False
P25037,110,1,ECO:0000255,False
P25037,697,1,ECO:0000255,False
P25333,322,1,ECO:0000255,False
P25333,323,1,ECO:0000255,False
P25333,324,1,ECO:0000255,False
P25333,325,1,ECO:0000255,False
P25333,326,1,ECO:0000255,False
P25333,327,1,ECO:0000255,False
P25333,328,1,ECO:0000255,False
P25333,329,1,ECO:0000255,False
P25333,330,1,ECO:0000255,False
P25333,353,1,ECO:0000255,False
P25333,449,1,ECO:0000255,False
P32324,26,1,ECO:0000305;ECO:0007744,True
P32324,27,1,ECO:0000305;ECO:0007744,True
P32324,28,1,ECO:0000305;ECO:0007744,True
P32324,29,1,ECO:0000305;ECO:0007744,True
P32324,30,1,ECO:0000305;ECO:0007744,True
P32324,31,1,ECO:0000305;ECO:0007744,True
P32324,32,1,ECO:0000305;ECO:0007744,True
P32324,33,1,ECO:0000305;ECO:0007744,True
P32324,158,1,ECO:0000305;ECO:0007744,True
P32324,159,1,ECO:0000305;ECO:0007744,True
P32324,160,1,ECO:0000305;ECO:0007744,True
P32324,161,1,ECO:0000305;ECO:0007744,True
P32324,213,1,ECO:0000305;ECO:0007744,True
P32324,214,1,ECO:0000305;ECO:0007744,True
P32324,215,1,ECO:0000305;ECO:0007744,True
P32328,175,1,ECO:0000255,False
P32328,176,1,ECO:0000255,False
P32328,177,1,ECO:0000255,False
P32328,178,1,ECO:0000255,False
P32328,179,1,ECO:0000255,False
P32328,180,1,ECO:0000255,False
P32328,181,1,ECO:0000255,False
P32328,182,1,ECO:0000255,False
P32328,183,1,ECO:0000255,False
P32328,198,1,ECO:0000255,False
P32328,292,1,ECO:0000255,False
P32485,29,1,ECO:0000255,False
P32485,30,1,ECO:0000255,False
P32485,31,1,ECO:0000255,False
P32485,32,1,ECO:0000255,False
P32485,33,1,ECO:0000255,False
P32485,34,1,ECO:0000255,False
P32485,35,1,ECO:0000255,False
P32485,36,1,ECO:0000255,False
P32485,37,1,ECO:0000255,False
P32485,52,1,ECO:0000255,False
P32485,144,1,ECO:0000255,False
P32485,156,1,ECO:0000269,True
P32485,161,1,ECO:0000269,True
P32485,205,1,ECO:0000269,True
P32490,227,1,ECO:0000255,False
P32490,228,1,ECO:0000255,False
P32490,229,1,ECO:0000255,False
P32490,230,1,ECO:0000255,False
P32490,231,1,ECO:0000255,False
P32490,232,1,ECO:0000255,False
P32490,233,1,ECO:0000255,False
P32490,234,1,ECO:0000255,False
P32490,235,1,ECO:0000255,False
P32490,250,1,ECO:0000255,False
P32490,349,1,ECO:0000255,False
P32561,151,1,ECO:0000305,False
P32801,94,1,ECO:0000255,False
P32801,95,1,ECO:0000255,False
P32801,96,1,ECO:0000255,False
P32801,97,1,ECO:0000255,False
P32801,98,1,ECO:0000255,False
P32801,99,1,ECO:0000255,False
P32801,100,1,ECO:0000255,False
P32801,101,1,ECO:0000255,False
P32801,102,1,ECO:0000255,False
P32801,117,1,ECO:0000255,False
P32801,259,1,ECO:0000255,False
P37263,6,1,ECO:0000255,False
P37263,9,1,ECO:0000255,False
P37263,21,1,ECO:0000255,False
P37263,25,1,ECO:0000255,False
P37263,32,1,ECO:0000255,False
P37263,35,1,ECO:0000255,False
P37263,48,1,ECO:0000255,False
P37263,51,1,ECO:0000255,False
P38953,43,1,ECO:0000255,False
P38953,44,1,ECO:0000255,False
P38953,45,1,ECO:0000255,False
P38953,46,1,ECO:0000255,False
P38953,47,1,ECO:0000255,False
P38953,48,1,ECO:0000255,False
P38953,49,1,ECO:0000255,False
P38953,50,1,ECO:0000255,False
P43565,800,1,ECO:0000255,False
P43565,801,1,ECO:0000255,False
P43565,802,1,ECO:0000255,False
P43565,803,1,ECO:0000255,False
P43565,804,1,ECO:0000255,False
P43565,805,1,ECO:0000255,False
P43565,806,1,ECO:0000255,False
P43565,807,1,ECO:0000255,False
P43565,808,1,ECO:0000255,False
P43565,823,1,ECO:0000255,False
P43565,918,1,ECO:0000255,False
P47116,261,1,ECO:0000255,False
P47116,262,1,ECO:0000255,False
P47116,263,1,ECO:0000255,False
P47116,264,1,ECO:0000255,False
P47116,265,1,ECO:0000255,False
P47116,266,1,ECO:0000255,False
P47116,267,1,ECO:0000255,False
P47116,268,1,ECO:0000255,False
P47116,269,1,ECO:0000255,False
P47116,285,1,ECO:0000255,False
P47116,388,1,ECO:0000255,False
P50873,170,1,ECO:0000255,False
P50873,171,1,ECO:0000255,False
P50873,172,1,ECO:0000255,False
P50873,173,1,ECO:0000255,False
P50873,174,1,ECO:0000255,False
P50873,175,1,ECO:0000255,False
P50873,176,1,ECO:0000255,False
P50873,177,1,ECO:0000255,False
P50873,178,1,ECO:0000255,False
P50873,193,1,ECO:0000255,False
P50873,289,1,ECO:0000255,False
P50947,283,1,ECO:0000250,False
P50947,285,1,ECO:0000250,False
P50947,296,1,ECO:0000250,False
P50947,301,1,ECO:0000250,False
P50947,307,1,ECO:0000250,False
P50947,310,1,ECO:0000250,False
P50947,323,1,ECO:0000250,False
P50947,326,1,ECO:0000250,False
P53599,1272,1,ECO:0000255,False
P53599,1273,1,ECO:0000255,False
P53599,1274,1,ECO:0000255,False
P53599,1275,1,ECO:0000255,False
P53599,1276,1,ECO:0000255,False
P53599,1277,1,ECO:0000255,False
P53599,1278,1,ECO:0000255,False
P53599,1279,1,ECO:0000255,False
P53599,1280,1,ECO:0000255,False
P53599,1295,1,ECO:0000255,False
P53599,1390,1,ECO:0000255,False
Q00772,29,1,ECO:0000255,False
Q00772,30,1,ECO:0000255,False
Q00772,31,1,ECO:0000255,False
Q00772,32,1,ECO:0000255,False
Q00772,33,1,ECO:0000255,False
Q00772,34,1,ECO:0000255,False
Q00772,35,1,ECO:0000255,False
Q00772,36,1,ECO:0000255,False
Q00772,37,1,ECO:0000255,False
Q00772,54,1,ECO:0000255,False
Q00772,153,1,ECO:0000255,False
Q03330,173,1,ECO:0000250,False
Q03330,177,1,ECO:0000250,False
Q03330,178,1,ECO:0000250,False
Q03330,179,1,ECO:0000250,False
Q03330,184,1,ECO:0000250,False
Q03330,185,1,ECO:0000250,False
Q03330,186,1,ECO:0000250,False
Q03330,187,1,ECO:0000250,False
Q03330,188,1,ECO:0000250,False
Q03330,189,1,ECO:0000250,False
Q03330,190,1,ECO:0000250,False
Q03330,216,1,ECO:0000250,False
Q03330,217,1,ECO:0000250,False
Q03330,218,1,ECO:0000250,False
Q03330,219,1,ECO:0000250,False
Q03497,626,1,ECO:0000255,False
Q03497,627,1,ECO:0000255,False
Q03497,628,1,ECO:0000255,False
Q03497,629,1,ECO:0000255,False
Q03497,630,1,ECO:0000255,False
Q03497,631,1,ECO:0000255,False
Q03497,632,1,ECO:0000255,False
Q03497,633,1,ECO:0000255,False
Q03497,634,1,ECO:0000255,False
Q03497,649,1,ECO:0000255,False
Q03497,739,1,ECO:0000255,False
Q03533,45,1,ECO:0000255,False
Q03533,46,1,ECO:0000255,False
Q03533,47,1,ECO:0000255,False
Q03533,48,1,ECO:0000255,False
Q03533,49,1,ECO:0000255,False
Q03533,50,1,ECO:0000255,False
Q03533,51,1,ECO:0000255,False
Q03533,52,1,ECO:0000255,False
Q03533,53,1,ECO:0000255,False
Q03533,68,1,ECO:0000255,False
Q03533,180,1,ECO:0000255,False
Q03656,164,1,ECO:0000255,False
Q03656,165,1,ECO:0000255,False
Q03656,166,1,ECO:0000255,False
Q03656,167,1,ECO:0000255,False
Q03656,168,1,ECO:0000255,False
Q03656,169,1,ECO:0000255,False
Q03656,170,1,ECO:0000255,False
Q03656,171,1,ECO:0000255,False
Q03656,172,1,ECO:0000255,False
Q03656,187,1,ECO:0000255,False
Q03656,294,1,ECO:0000255,False
Q04439,129,1,ECO:0000255,False
Q04439,130,1,ECO:0000255,False
Q04439,131,1,ECO:0000255,False
Q04439,132,1,ECO:0000255,False
Q04439,133,1,ECO:0000255,False
Q04439,134,1,ECO:0000255,False
Q04439,135,1,ECO:0000255,False
Q04439,136,1,ECO:0000255,False
Q06385,88,1,ECO:0000305,False
Q06385,97,1,ECO:0000305,False
Q06385,178,1,ECO:0000305,False
Q06385,181,1,ECO:0000305,False
Q08972,604,1,ECO:0000255,False
Q08972,605,1,ECO:0000255,False
Q08972,606,1,ECO:0000255,False
Q08972,607,1,ECO:0000255,False
Q08972,608,1,ECO:0000255,False
Q08972,609,1,ECO:0000255,False
Q08972,610,1,ECO:0000255,False
Q08972,611,1,ECO:0000255,False
Q08972,846,1,ECO:0000255,False
Q08972,847,1,ECO:0000255,False
Q08972,848,1,ECO:0000255,False
Q08972,849,1,ECO:0000255,False
Q08972,850,1,ECO:0000255,False
Q08972,851,1,ECO:0000255,False
Q08972,852,1,ECO:0000255,False
Q08972,853,1,ECO:0000255,False
Q12222,47,1,ECO:0000255,False
Q12222,48,1,ECO:0000255,False
Q12222,49,1,ECO:0000255,False
Q12222,50,1,ECO:0000255,False
Q12222,51,1,ECO:0000255,False
Q12222,52,1,ECO:0000255,False
Q12222,53,1,ECO:0000255,False
Q12222,54,1,ECO:0000255,False
Q12222,55,1,ECO:0000255,False
Q12222,74,1,ECO:0000255,False
Q12222,173,1,ECO:0000255,False
Q12271,576,1,ECO:0000255,False
Q12271,606,1,ECO:0000255,False
Q12271,746,1,ECO:0000255,False
Q12386,502,1,ECO:0000250,False
Q12386,503,1,ECO:0000250,False
Q12386,504,1,ECO:0000250,False
Q12386,505,1,ECO:0000250,False
Q12464,75,1,ECO:0000250,False
Q12464,76,1,ECO:0000250,False
Q12464,77,1,ECO:0000250,False
Q12464,78,1,ECO:0000250,False
Q12464,79,1,ECO:0000250,False
Q12464,80,1,ECO:0000250,False
Q12464,81,1,ECO:0000250,False
Q12464,82,1,ECO:0000250,False
